Wavelength (microns),Flux,Flux Error
4.821956506903028,3366.828998706959,57.25604106957385
4.822743700812302,3349.0620527856145,54.68219224976064
4.823530894721577,3370.7469516330293,50.791985582249836
4.824318088630851,3392.885701497396,49.469889429903155
4.825105282540125,3398.8135568124276,50.91292037281973
4.8258924764494,3386.2019065574364,55.11918465541955
4.826679670358674,3396.9474536283515,58.340807650326084
4.827466864267948,3407.4195944703656,55.98729693907938
4.828254058177222,3387.9532331301843,50.842015133538354
4.829041252086497,3369.268309039834,49.11766587127595
4.829828445995771,3367.774425365307,51.07373452808814
4.830615639905045,3386.536612805025,56.63938437725723
4.83140283381432,3398.0586973590616,59.24894371683577
4.832190027723594,3395.976946418668,55.579480572478545
4.832977221632868,3391.564442952474,51.2245345988216
4.8337644155421415,3384.0702981831114,49.766843390154136
4.834551609451416,3403.960642873505,51.81086171922998
4.83533880336069,3401.2720627019435,56.45819254513414
4.836125997269964,3415.2959493001304,59.75278755422722
4.836913191179239,3385.613892355083,55.741152224714206
4.837700385088513,3377.30630380136,51.43627227800578
4.838487578997787,3397.585590127074,50.31782803086287
4.8392747729070615,3397.6112361955056,51.15056723741933
4.840061966816336,3397.527732943311,56.494678074199534
4.84084916072561,3377.9021896550685,58.37256532744042
4.841636354634884,3368.082915506245,54.17489980791271
4.842423548544159,3355.7785286609037,50.51375032231336
4.843210742453433,3382.2808721094957,49.062689446413756
4.843997936362707,3394.2314848723236,50.95448684490511
4.8447851302719815,3401.4767199857733,57.11762577816601
4.845572324181255,3406.96060105312,59.32885456452857
4.846359518090529,3422.383274031274,55.010271263181984
4.8471467119998035,3417.2883086027923,51.113153394429155
4.847933905909078,3389.4151554814093,48.32393910951514
4.848721099818352,3378.6211630738812,49.79748813714349
4.849508293727626,3363.0968688211324,54.81480536178257
4.850295487636901,3375.551021999783,58.22813214679935
4.851082681546175,3409.3544831452546,55.68674594807197
4.851869875455449,3415.100763014805,51.482425682708744
4.8526570693647235,3426.106009024161,49.152764008278524
4.853444263273998,3431.188111481843,50.88232693163932
4.854231457183272,3415.173567030165,54.99098051264465
4.855018651092546,3405.386375144676,57.80503014765589
4.855805845001821,3385.568451681255,54.92563975475243
4.856593038911095,3390.289562460817,50.716614308820866
4.857380232820368,3385.075449625651,49.07190354499742
4.858167426729643,3397.8014808937355,50.83468356226276
4.858954620638917,3414.6371603129824,55.41311604100026
4.859741814548191,3415.083659607687,59.51584546016269
4.8605290084574655,3425.28909603166,56.86489939865627
4.86131620236674,3403.9521442931377,51.024267802806975
4.862103396276014,3403.498831289786,48.79265660106808
4.862890590185288,3383.8278665424864,49.22769553222349
4.863677784094563,3378.143852704837,53.44138472653014
4.864464978003837,3393.521211223838,59.01694861673976
4.865252171913111,3402.0919498396506,58.23211639369617
4.8660393658223855,3419.8923637484327,52.737583719014204
4.86682655973166,3417.501224093967,49.97313970346075
4.867613753640934,3421.17086452908,50.021435423401705
4.868400947550208,3412.859431890794,53.400130402733986
4.869188141459482,3394.1210089789497,58.757606495140635
4.869975335368756,3402.4435522762346,57.86262742269129
4.87076252927803,3398.4671672302998,52.45242380288639
4.871549723187305,3412.6330607849873,49.50283981448416
4.872336917096579,3414.4230629249855,49.55330409816909
4.873124111005853,3415.8977800534094,53.32415408016542
4.8739113049151275,3440.2305471161267,59.022872825189744
4.874698498824402,3432.441290207851,59.55477543678941
4.875485692733676,3417.148530183015,53.10697617399848
4.87627288664295,3397.9094799653985,48.95142177604483
4.877060080552225,3386.9159425335165,48.235499119448605
4.877847274461499,3387.1581801426264,50.93177949763728
4.878634468370773,3396.666983522015,56.48471683758706
4.8794216622800475,3442.915081259645,60.065602281516384
4.880208856189322,3431.2586809323157,55.86679118769455
4.880996050098595,3450.8772115825136,50.76503119643471
4.8817832440078694,3447.652816584081,49.11852671504889
4.882570437917144,3416.9201449170523,50.759247130619876
4.883357631826418,3400.8512840741946,54.35841252684779
4.884144825735692,3389.600747944396,57.93511177130063
4.884932019644967,3410.2547204288435,56.31929979695924
4.885719213554241,3423.141569161121,51.03886256345938
4.886506407463515,3429.5600141360437,48.8175424946778
4.8872936013727895,3437.7650108808352,50.484396796637
4.888080795282064,3442.4756138177568,53.891765019783165
4.888867989191338,3459.597398169247,58.173913071822476
4.889655183100612,3426.708104263117,57.31266849136312
4.890442377009887,3417.84383401753,52.06374686668194
4.891229570919161,3409.917522289135,48.508873842069626
4.892016764828435,3411.01825214904,49.33598300591697
4.892803958737709,3424.840241232036,52.35398059901658
4.893591152646983,3443.6172523027585,56.488999809789405
4.894378346556257,3450.715199034891,59.293153737353855
4.895165540465531,3451.238811351635,55.53638323061201
4.895952734374806,3445.26978367935,50.477182089166035
4.89673992828408,3435.2034983693816,49.94030412831395
4.897527122193354,3426.1532570167824,51.7543314948281
4.898314316102629,3450.9467517240546,54.6288225142702
4.899101510011903,3405.0097358609423,58.21995897016579
4.899888703921177,3407.1860645435477,57.652281504295445
4.900675897830451,3446.538014729818,53.28445250175429
4.901463091739726,3452.6941483109085,51.56895976305586
4.902250285649,3457.558042549793,51.84434080861998
4.903037479558274,3462.472998348283,53.74026841351869
4.903824673467549,3464.3205528730227,56.92464243126683
4.904611867376822,3440.878696017795,57.49625206354553
4.905399061286096,3417.6889267909673,54.33821305191735
4.9061862551953705,3437.5297086739247,52.107081684383864
4.906973449104645,3445.8366906436872,51.594168233355525
4.907760643013919,3485.098164122782,52.925652278609704
4.908547836923193,3458.186441303771,55.1850294310825
4.909335030832468,3475.3738414623117,59.145525518652654
4.910122224741742,3474.2908562554253,58.30292218279416
4.910909418651016,3448.294388005763,53.9232162869268
4.9116966125602906,3439.546452275029,51.18803913033998
4.912483806469565,3425.6923131118588,50.04358609523017
4.913271000378839,3431.5975695951483,51.260865667147456
4.914058194288113,3446.5554594816986,54.90395094450801
4.914845388197388,3446.509624716676,59.11196526726967
4.915632582106662,3454.453485182774,57.920190430202844
4.916419776015935,3466.4291882927037,53.990217016950346
4.91720696992521,3465.412582585841,50.699492252251076
4.917994163834484,3455.5230626235775,50.02328791158859
4.918781357743758,3450.502410511912,51.58175901734789
4.9195685516530325,3440.465402862172,56.34460655396079
4.920355745562307,3430.8374015902295,58.87279971767955
4.921142939471581,3441.3601771225162,55.80303581626771
4.921930133380855,3462.122903706115,52.26574558648277
4.92271732729013,3461.689130995009,49.79845845855823
4.923504521199404,3469.0944063163097,49.75523173299655
4.924291715108678,3481.9193883825233,53.70128988510863
4.9250789090179525,3481.438540611738,59.68600149929658
4.925866102927227,3463.7380649896318,59.51714523417751
4.926653296836501,3454.084481321735,53.3771554292945
4.927440490745775,3442.4390315303094,49.41151731421253
4.928227684655049,3441.655141948182,47.62087151880841
4.929014878564323,3451.1519556869694,49.926327683235705
4.929802072473597,3452.5048466435187,56.74056058236654
4.930589266382872,3471.3121055320457,61.552724357220804
4.931376460292146,3478.9498818479938,58.59832619161299
4.93216365420142,3469.999281518253,51.82148789725363
4.9329508481106945,3472.1680335527585,47.97405733191741
4.933738042019969,3468.8279976550443,47.43937772049271
4.934525235929243,3446.5548600561824,51.34915492079524
4.935312429838517,3431.434083915051,57.752246574020724
4.936099623747792,3467.4486780990787,60.85210253345624
4.936886817657066,3465.908787480107,56.67673177687961
4.93767401156634,3480.4341008692613,50.9894702916589
4.9384612054756145,3484.786449291088,48.231616159763
4.939248399384889,3489.0156046549478,50.004283131295686
4.940035593294162,3484.3522745768228,54.66322775820444
4.9408227872034365,3474.817279956959,59.52665612795003
4.941609981112711,3459.2843560112847,59.53792380793504
4.942397175021985,3451.5842157057773,53.80738230118937
4.943184368931259,3447.13518684293,48.82921044776863
4.943971562840534,3453.312649197049,48.24652338260431
4.944758756749808,3476.471434039834,51.844892597450034
4.945545950659082,3482.884945339627,56.23133883673493
4.9463331445683565,3492.1306212625386,60.84149112722335
4.947120338477631,3479.267261646412,59.03316572456698
4.947907532386905,3464.6346827377506,52.53564221230085
4.948694726296179,3459.873538170332,48.7515364744831
4.949481920205454,3450.325692259235,49.31255113265622
4.950269114114728,3461.6845477068864,52.38104724157127
4.951056308024002,3464.853521276403,55.43812966954446
4.951843501933276,3471.062492841556,59.97578171913268
4.95263069584255,3493.331999225381,59.282412164626386
4.953417889751824,3512.035804654345,53.467799753255306
4.9542050836610985,3509.060375072338,50.93301250125505
4.954992277570373,3505.0725380226418,51.505560148817935
4.955779471479647,3496.0584113980517,52.515682236888054
4.956566665388921,3478.6803117916907,54.03092821418004
4.957353859298196,3482.4663579493395,57.967508582466444
4.95814105320747,3468.576858708888,57.42812345958663
4.958928247116744,3479.8992637351707,53.63300270325239
4.9597154410260185,3476.6177270206404,52.260543458544454
4.960502634935293,3485.189564646026,51.93388920383322
4.961289828844567,3476.9853726610727,51.818977789627986
4.962077022753841,3478.2537992500966,52.96461594948344
4.962864216663116,3476.4928562493974,56.27593642442635
4.963651410572389,3465.6128246166086,56.59461622839043
4.964438604481663,3472.4115868085696,54.25559557807531
4.965225798390938,3466.0134356463395,53.05001511438568
4.966012992300212,3496.8773905436196,51.73719544759707
4.966800186209486,3494.9933015799816,50.95713624753533
4.96758738011876,3486.149376386478,52.067414226271296
4.968374574028035,3495.1545417691455,56.28594776407222
4.969161767937309,3496.266236481843,58.296215132242686
4.969948961846583,3492.891642252604,56.33267663344612
4.970736155755858,3476.0519522207755,53.48430556285035
4.971523349665132,3475.9820790231965,50.76800171813188
4.972310543574406,3479.025612913532,49.20342535389133
4.9730977374836804,3479.913481912495,50.19789855104015
4.973884931392955,3499.961312753183,55.745488453734794
4.974672125302229,3507.8824428982207,59.91189529785515
4.975459319211502,3498.580461666908,58.59701363291754
4.976246513120777,3500.28916347174,55.24692361136541
4.977033707030051,3505.336259253231,50.50522172513968
4.977820900939325,3505.4622798966775,47.7951682209135
4.9786080948486,3484.5249837239585,48.875960788524765
4.979395288757874,3492.372691213349,54.80643369347867
4.980182482667148,3488.9446252893517,60.8854071086995
4.980969676576422,3507.3138148931807,60.84990135018822
4.981756870485697,3518.227671682099,55.95880345674121
4.982544064394971,3528.9926192672165,50.49639371821584
4.983331258304245,3526.185824547285,47.681754769289995
4.98411845221352,3509.051373893832,49.38949157164624
4.984905646122794,3498.3773460859134,54.450242513917274
4.985692840032068,3507.3369317702304,61.612298156362414
4.986480033941342,3493.8675989221642,61.13497237228552
4.987267227850616,3491.917382887852,55.34869304947476
4.98805442175989,3511.909947148076,49.8763770572491
4.988841615669164,3519.6059118200233,47.477458199781815
4.989628809578439,3518.0265728985823,49.592955398771544
4.990416003487713,3521.203295295621,55.351181273115714
4.991203197396987,3506.3987615137926,61.91749725117855
4.9919903913062615,3495.875077612606,61.54669451366027
4.992777585215536,3489.5765365788966,55.30089985212688
4.99356477912481,3487.202035786193,49.33983286267936
4.994351973034084,3492.719432312765,47.117104586989065
4.995139166943359,3511.466440083068,49.45899254420114
4.995926360852633,3517.2036984290608,55.11405849024899
4.996713554761907,3534.2738523130065,60.907387550065835
4.9975007486711815,3541.9776528440875,62.26877895594458
4.998287942580456,3526.0645853678384,57.51371556558086
4.999075136489729,3517.4210574303142,51.07616754677668
4.9998623303990035,3511.122696864752,48.188540986354724
5.000649524308278,3506.347998348283,49.61493134046035
5.001436718217552,3502.8993914568864,53.883842910498096
5.002223912126826,3486.569806134259,57.64376524247768
5.003011106036101,3505.242331045645,59.871557331967516
5.003798299945375,3547.6569315592446,59.63936709032869
5.004585493854649,3538.341438576027,53.67895595469841
5.0053726877639235,3540.4843689718364,50.661784300087625
5.006159881673198,3517.6406528802568,51.17094126025483
5.006947075582472,3518.1979453004437,53.744125491679256
5.007734269491746,3517.9896281677998,54.972009607117386
5.008521463401021,3508.995416711878,55.468816972255354
5.009308657310295,3509.1435185185187,57.54099464455592
5.010095851219569,3509.0072224934897,55.82057087832372
5.010883045128843,3519.595634554639,52.938661180458865
5.011670239038117,3536.1177586684994,53.43213198305044
5.012457432947391,3559.911733745057,54.701288151161584
5.0132446268566655,3558.256202980324,54.13124060150859
5.01403182076594,3538.2609301908515,53.00436264889758
5.014819014675214,3517.1361694335938,54.80372652659266
5.015606208584488,3512.173932864342,56.080986587730024
5.016393402493763,3508.2486112618153,54.402527305720994
5.017180596403037,3517.4871976875966,54.475934095170466
5.017967790312311,3522.548684956115,54.798901225331285
5.0187549842215855,3534.1872347608023,52.73965601582364
5.01954217813086,3546.5400270061727,50.80798415731552
5.020329372040134,3545.720656029972,52.185035165226985
5.021116565949408,3544.3200894579477,56.49776684278521
5.021903759858683,3528.5414421175733,57.82311452272998
5.022690953767956,3505.0229480884695,56.19277101177979
5.02347814767723,3504.399186876085,55.00651305692048
5.024265341586505,3500.5478926293645,51.7725732796829
5.025052535495779,3517.5031323845005,48.69448361494324
5.025839729405053,3540.207847689405,48.98302667285324
5.0266269233143275,3549.8114616488233,53.1757886981625
5.027414117223602,3545.2245867693864,58.8971817256267
5.028201311132876,3552.719585277416,60.806726675476845
5.02898850504215,3550.985146228178,58.16921199723697
5.029775698951425,3537.7410334834344,53.33579448830359
5.030562892860699,3526.7034384645062,48.430467305121766
5.031350086769973,3528.901567623939,46.44985529701254
5.0321372806792475,3529.109471073857,48.488748712299035
5.032924474588522,3536.1715366693193,54.7049541802228
5.033711668497796,3557.279731279538,62.23938054284412
5.0344988624070695,3555.311376877773,62.55565988912023
5.035286056316344,3564.0242464042003,56.98576973402088
5.036073250225618,3557.2661211932145,51.144301140759886
5.036860444134892,3538.2049948609906,47.18902524313198
5.037647638044167,3520.826149646147,46.62198545343489
5.038434831953441,3528.636991901162,49.89993236546288
5.039222025862715,3519.775816364053,56.22016603601689
5.0400092197719895,3544.215390805845,62.38682131696184
5.040796413681264,3539.10107384199,60.93652020338001
5.041583607590538,3543.2745180483216,54.24408680745976
5.042370801499812,3546.102535671658,49.17809394104206
5.043157995409087,3546.2920098952304,47.31515015524
5.043945189318361,3555.9940660264756,48.86771832277529
5.044732383227635,3527.798812677831,52.844196116873334
5.0455195771369095,3536.2902067207997,58.24452995207715
5.046306771046183,3518.4186544536074,60.9659052441523
5.047093964955457,3520.8647336606628,58.06065174345202
5.047881158864731,3554.5344302330486,52.311643276934156
5.048668352774006,3554.7595139491705,48.68164771453076
5.04945554668328,3562.052780339747,48.22938605264414
5.050242740592554,3577.9942223819685,51.25336772633057
5.051029934501829,3621.4712852195457,56.14105597508616
5.051817128411103,3656.3717979148582,60.43046846354062
5.052604322320377,3673.0083339361495,60.86806402323043
5.053391516229651,3720.6098429361978,58.2003502075223
5.054178710138926,3713.118869734399,52.54485623646641
5.0549659040482,3680.152619915244,49.39190045196522
5.055753097957474,3623.801714485074,49.84397881212011
5.056540291866749,3595.745663866585,52.715394635584836
5.057327485776023,3579.002892011478,56.19619518048901
5.058114679685296,3571.6636695390866,57.62826142858607
5.0589018735945706,3574.9315355088975,58.58814536745409
5.059689067503845,3556.165536009235,57.42890345897506
5.060476261413119,3551.2641232337483,52.45909158303016
5.061263455322393,3548.5325664002216,49.97560098208196
5.062050649231668,3563.8464057828173,50.69762175379076
5.062837843140942,3555.550466278453,53.35596683116174
5.063625037050216,3562.253951837987,54.652293603435915
5.064412230959491,3574.1818237304688,54.775412630290546
5.065199424868765,3578.540764325931,56.262037019318605
5.065986618778039,3579.3885716567806,57.52360907591572
5.066773812687313,3570.307142469618,55.447093527781625
5.067561006596588,3575.906239827474,52.83480011973907
5.068348200505862,3574.450558886116,53.02113538102136
5.069135394415136,3573.4337843906733,53.44069541872577
5.06992258832441,3563.0793479636864,52.07492618549567
5.070709782233684,3565.154392948857,51.369683875800916
5.071496976142958,3570.718499077691,53.17034642584479
5.0722841700522325,3581.350115740741,57.46694417689512
5.073071363961507,3591.0087984815054,58.571903659091824
5.073858557870781,3589.166226233965,56.54592364413214
5.074645751780055,3600.5221271279415,55.6453893805045
5.07543294568933,3595.0373640649113,53.80617239425902
5.076220139598604,3601.836396770713,50.65409294721278
5.077007333507878,3574.8968795964747,49.368782275517525
5.0777945274171525,3570.4783965687693,50.749784430612465
5.078581721326427,3582.510482599706,54.90625550059176
5.079368915235701,3580.9857479142556,59.42191622466108
5.080156109144975,3589.4170453106917,60.15898275445935
5.08094330305425,3575.565488462095,57.74426400707141
5.081730496963523,3586.821122911241,53.83605607733383
5.082517690872797,3578.9417739679784,49.76061624768751
5.083304884782072,3579.562511679567,48.27495736310784
5.084092078691346,3574.1899236985196,49.47951628884071
5.08487927260062,3574.781074806496,53.25037411249526
5.0856664665098945,3579.0569548430267,58.64242675113292
5.086453660419169,3590.2294646840037,62.345471657274906
5.087240854328443,3593.5532595787517,60.28296564352266
5.088028048237717,3580.2626444498696,54.57201300997485
5.088815242146992,3591.096718493803,49.86057642011432
5.089602436056266,3594.8230342158563,48.129974157439065
5.09038962996554,3591.2930795175057,49.249270745750465
5.0911768238748145,3577.026918387707,52.50654354502038
5.091964017784089,3571.6277895326966,56.57027531304963
5.092751211693363,3575.1824476453994,61.19175788548345
5.0935384056026365,3576.673380533854,61.60837738693182
5.094325599511911,3582.522627088759,56.64244814043682
5.095112793421185,3592.617302035108,51.68403735190676
5.095899987330459,3607.600261170187,48.94579287983978
5.096687181239734,3615.2642826033225,49.188250193481956
5.097474375149008,3613.4224416473767,52.09885439042366
5.098261569058282,3609.9011124975887,55.908031801607585
5.0990487629675565,3600.5719261640384,59.44320019829079
5.099835956876831,3586.874873031805,61.10619152454571
5.100623150786105,3595.3378299666037,59.18252062971258
5.101410344695379,3604.349801522714,54.114405085967356
5.102197538604654,3613.8293027524596,50.87110533835945
5.102984732513928,3618.6283094618057,49.900633792032586
5.103771926423202,3615.072664614077,51.36139984107662
5.1045591203324765,3626.494694462529,54.5170153600914
5.10534631424175,3627.768290578583,57.29345944143987
5.106133508151024,3610.325563783999,59.000906382355204
5.1069207020602985,3599.0782757040897,59.64679374351191
5.107707895969573,3598.840969509549,57.588686928504565
5.108495089878847,3596.60099057798,53.67806648699221
5.109282283788121,3598.285853633174,51.211667902216
5.110069477697396,3619.1938333393614,51.71480550077481
5.11085667160667,3626.7733610176747,53.08560596891536
5.111643865515944,3646.5710008409287,55.07811874825335
5.1124310594252185,3652.218556345245,56.50959526772939
5.113218253334493,3648.1226026746963,57.22981077745548
5.114005447243767,3640.696922019676,58.51994732090692
5.114792641153041,3626.1570596577208,58.24822156570817
5.115579835062316,3617.2824921784577,55.301449690314485
5.11636702897159,3607.9959882571375,53.409495154377744
5.117154222880863,3628.9498106403116,53.566478357053185
5.117941416790138,3621.9027502742815,53.275088101337595
5.118728610699412,3626.75441148546,53.83116282508923
5.119515804608686,3652.4246626488957,54.30625858940988
5.1203029985179604,3657.669716540678,55.01608982688113
5.121090192427235,3645.7243358470773,57.21957448279776
5.121877386336509,3636.083701051312,59.36623292134514
5.122664580245783,3618.305938720703,58.16581884384012
5.123451774155058,3615.3602671682097,55.414836245378964
5.124238968064332,3617.191634943456,53.86506013040948
5.125026161973606,3623.0563840512878,52.900127505444324
5.1258133558828805,3635.972013120298,52.11973285479668
5.126600549792155,3653.337530442226,51.386891771320755
5.127387743701429,3660.0216060685525,52.38606789739306
5.128174937610703,3677.4372701762636,56.02288834238198
5.128962131519977,3681.54438310788,60.333581791024415
5.129749325429251,3674.150555645978,61.42790629447673
5.130536519338525,3653.7956802933304,57.77456073736522
5.1313237132478,3643.238974488812,55.0634061598888
5.132110907157074,3626.9931433406878,52.75507634635052
5.132898101066348,3634.152971809293,50.59142236910866
5.133685294975622,3634.715010278019,49.20003543247645
5.134472488884897,3654.425705521195,50.73490340289773
5.135259682794171,3676.22186543029,54.79114159715128
5.136046876703445,3668.6278867368346,58.80957700302842
5.13683407061272,3677.089603000217,62.256617434678915
5.137621264521994,3667.3475714789497,60.464549289482164
5.138408458431268,3663.353659170645,57.31254859715626
5.139195652340542,3644.5120567039207,53.26466498070794
5.139982846249817,3646.855293556496,50.06177745239013
5.14077004015909,3638.5706218201435,48.4953012379081
5.141557234068364,3640.754305239077,49.46070396618728
5.142344427977639,3658.9545668613764,52.50793377800795
5.143131621886913,3676.684467456959,56.35161240242505
5.143918815796187,3675.691948784722,60.175031728454556
5.1447060097054615,3672.2858189712338,61.8278100150489
5.145493203614736,3654.2366415895062,59.80413604323754
5.14628039752401,3651.5873578860437,54.863304104246886
5.147067591433284,3646.665150583526,51.08307345862397
5.147854785342559,3640.771428614487,48.96307828412208
5.148641979251833,3639.260078335986,49.12763995564659
5.149429173161107,3651.826850043403,50.87710598945431
5.1502163670703816,3655.2290084273727,52.63675927335858
5.151003560979656,3657.6934358573253,55.950644596357904
5.15179075488893,3666.0737587257668,60.021186335659394
5.1525779487982035,3688.713030403043,62.52833660435213
5.153365142707478,3660.153200879509,58.293762785097584
5.154152336616752,3668.990674054181,54.1078335526616
5.154939530526026,3654.1017878026137,51.18209259036088
5.155726724435301,3648.4983433852963,50.08368110449183
5.156513918344575,3638.9493687005693,49.660726710205324
5.157301112253849,3649.3375345865884,50.33381910913596
5.1580883061631235,3656.0786238305363,52.64927139465991
5.158875500072398,3665.3848756389852,56.1182865574149
5.159662693981672,3672.7393275131412,59.55459614261683
5.160449887890946,3683.4273753225066,61.01352231963805
5.161237081800221,3670.3572052378713,58.80647377424438
5.162024275709495,3663.9345333899983,55.272375040239574
5.162811469618769,3662.4277407799236,53.02905224773355
5.1635986635280435,3669.1581134560665,51.164330671122826
5.164385857437317,3669.423060664424,50.05132901440954
5.165173051346591,3656.782997790678,50.47767561178043
5.1659602452558655,3652.3945670422213,52.55282445406569
5.16674743916514,3667.482332582827,55.42643175053667
5.167534633074414,3662.1038938922648,57.025757866450675
5.168321826983688,3681.66222692419,59.89290936550792
5.169109020892963,3666.428370346258,59.74425359990463
5.169896214802237,3656.691073193962,56.90930007061053
5.170683408711511,3654.9902724277827,53.99393002639809
5.1714706026207855,3665.6077458887926,51.63498699033535
5.17225779653006,3657.1316147792486,50.47173182827146
5.173044990439334,3672.0201246473525,51.311421625769114
5.173832184348608,3678.822374508705,52.58211662208424
5.174619378257883,3675.107140058353,53.35024721059437
5.175406572167157,3689.7396221396366,55.09396346733117
5.17619376607643,3690.7465842918114,58.623900832788756
5.176980959985705,3693.322915913146,60.92362420864178
5.177768153894979,3665.995441954813,59.00257717357844
5.178555347804253,3676.337673234351,55.680487466528135
5.1793425417135275,3662.677641691985,53.02953963058144
5.180129735622802,3682.436208089193,52.37480663774647
5.180916929532076,3681.208673171055,52.217175530004916
5.18170412344135,3669.4978912730276,51.704460459530026
5.182491317350625,3683.9671743887443,52.078758228241796
5.183278511259899,3681.0694105360244,53.73531568862331
5.184065705169173,3698.0659827715085,56.391358761802955
5.1848528990784475,3703.8697472089602,59.33014647297294
5.185640092987722,3701.143142135055,60.092883896978115
5.186427286896996,3672.4208942931377,57.85914083934157
5.18721448080627,3679.8682978123793,55.60027448208846
5.188001674715544,3680.5052121009358,54.40569999273606
5.188788868624818,3678.616406476056,53.20626980823387
5.189576062534092,3683.4283224977094,51.87752439194009
5.190363256443367,3688.0040019470966,51.55803002668563
5.191150450352641,3699.1518046061196,52.305694368123916
5.191937644261915,3692.463085786796,53.441013216527594
5.1927248381711895,3701.4105601369597,55.19065244993635
5.193512032080464,3697.591451762635,57.79907218683914
5.194299225989738,3692.9678883493684,59.471386770025966
5.195086419899012,3681.902623306086,58.79745026724897
5.195873613808287,3687.638341833044,57.33644659306741
5.196660807717561,3693.3772959768035,55.37102045973293
5.197448001626835,3712.713200698664,53.75152178777607
5.1982351955361095,3708.73043521834,52.33482410650896
5.199022389445384,3709.73452645761,51.90283306998521
5.199809583354657,3726.0749003092446,51.84129712916325
5.200596777263931,3714.308739932967,52.732851704755454
5.201383971173206,3702.0215714066117,53.8318593941684
5.20217116508248,3699.551727671682,56.452897884686394
5.202958358991754,3696.838031910084,59.89356473413198
5.203745552901029,3678.3921196078077,60.571857898755965
5.204532746810303,3698.3060773684656,58.77751584227235
5.205319940719577,3702.858627507716,56.36465244131386
5.206107134628851,3702.999166983145,54.26261240800919
5.206894328538126,3713.1377604920185,52.552442485294165
5.2076815224474,3707.831128909264,51.10991125336494
5.208468716356674,3715.479030279466,50.125303683438354
5.209255910265949,3714.8712274998793,50.656764967225605
5.210043104175223,3727.7602881914304,52.948169537027404
5.210830298084497,3719.1545768078463,56.04313221310087
5.211617491993771,3715.6224097734616,59.620553944950785
5.212404685903045,3718.336760721089,61.62122522639378
5.213191879812319,3732.2587076822915,61.107181272151635
5.213979073721593,3735.766074474947,58.29278073750927
5.214766267630868,3740.136097472391,55.51655133940469
5.215553461540142,3741.9160521707418,52.671721088026416
5.216340655449416,3757.2445742760174,50.73035376584485
5.217127849358691,3760.424268934462,49.97885464628222
5.217915043267965,3750.5130822452497,50.46375382708044
5.218702237177239,3754.905320909288,52.77315761210607
5.219489431086513,3735.9036831325957,55.11650349704185
5.220276624995788,3744.879113091363,57.80154019028918
5.221063818905062,3737.9720809371383,60.534125121021596
5.221851012814336,3746.016799738378,62.48793478268974
5.222638206723611,3779.166236029731,61.396996423190906
5.223425400632884,3788.640815263913,57.56085561409869
5.224212594542158,3788.926545696494,53.84103006092715
5.2249997884514325,3784.504573115596,51.78797482535637
5.225786982360707,3776.602637020158,50.66998232804357
5.226574176269981,3785.5630154079863,51.529884256745795
5.227361370179255,3820.9786798924574,53.89651841127751
5.22814856408853,3894.945090588228,57.32723458378945
5.228935757997804,3889.224309473862,58.82683066290413
5.229722951907078,3900.758073594835,60.44124641511381
5.2305101458163525,3809.2427812741125,60.18123943260336
5.231297339725627,3807.334986180435,61.43817398020009
5.232084533634901,3808.770797541112,60.05606787140708
5.232871727544175,3807.030560905551,56.66270690289528
5.23365892145345,3792.2214460961613,53.813882440904976
5.234446115362724,3777.470721586251,52.34162800309332
5.235233309271997,3787.67438346957,52.94679008292687
5.236020503181272,3784.185124150029,53.911768843179914
5.236807697090546,3774.3555324224776,54.47702796064451
5.23759489099982,3778.6997413164304,54.700701905053975
5.2383820849090945,3779.002788779176,55.077753188434116
5.239169278818369,3784.069312578366,56.09844294994912
5.239956472727643,3794.527794731988,57.20721847941137
5.240743666636917,3800.4074560094764,58.97473304519711
5.241530860546192,3792.5881219557773,59.505204689655464
5.242318054455466,3775.1081283004196,58.2530838660868
5.24310524836474,3762.780461817612,55.904357175312306
5.2438924422740145,3778.661784230927,55.81537991370981
5.244679636183289,3777.5455778145497,55.78085043576822
5.245466830092563,3779.7510553053867,55.359273291786714
5.246254024001837,3778.713070339627,54.40370207285636
5.247041217911111,3782.1363344545716,53.32935285993051
5.247828411820385,3789.878211504147,52.48170637349966
5.248615605729659,3798.7892041618443,52.22520315392785
5.249402799638934,3795.140013894917,53.191579858294865
5.250189993548208,3799.5625316478586,55.08066652737626
5.250977187457482,3768.8651221004534,56.8531577428675
5.2517643813667565,3775.8990678198543,59.31249596201552
5.252551575276031,3777.094657615379,60.31787477866771
5.253338769185305,3780.692922709901,60.11906276967499
5.254125963094579,3773.443109959732,58.94231492357594
5.254913157003854,3774.746042133849,56.577702485643705
5.255700350913128,3788.429001042872,54.31914282460807
5.256487544822402,3783.7999738528406,51.74408177013075
5.2572747387316765,3788.845607051143,49.98910024227041
5.258061932640951,3795.1843740204235,49.543709457543756
5.258849126550224,3793.2499532817324,50.340085554594694
5.2596363204594985,3767.6174124258537,51.959511724754236
5.260423514368773,3769.8175632806474,54.68730806999716
5.261210708278047,3779.672949143398,58.45825868733832
5.261997902187321,3778.9567667643228,62.52727580534289
5.262785096096596,3772.111890628014,64.28572917582974
5.26357229000587,3790.7540852111065,63.2167374000597
5.264359483915144,3792.048206847391,59.53059084974503
5.2651466778244185,3793.9744707272375,55.261839721114214
5.265933871733693,3794.05972177011,51.79501040816193
5.266721065642967,3784.9734218267745,49.27134786382789
5.267508259552241,3793.1992462534963,48.45920188868156
5.268295453461516,3794.114993248457,48.76392008310004
5.26908264737079,3781.029726381655,50.099310276430096
5.269869841280064,3786.2825219425154,53.06910868849243
5.270657035189338,3781.7515017662517,56.66052785417471
5.271444229098612,3803.876052291305,60.674221560946194
5.272231423007886,3797.5786645206404,62.793236997973366
5.2730186169171605,3811.791929268543,64.15798365616243
5.273805810826435,3783.4715052475162,62.39399572043288
5.274593004735709,3790.323748553241,58.95949719208395
5.275380198644983,3780.118196463879,54.88183017068878
5.276167392554258,3776.9704710407023,51.81968318630218
5.276954586463532,3784.781209309896,50.34200242702117
5.277741780372806,3776.4205695258247,49.62474624020513
5.2785289742820805,3771.2490614902827,50.088579735853926
5.279316168191355,3773.5565551004293,52.14315809174709
5.280103362100629,3777.4693788128134,54.97364666451332
5.280890556009903,3780.2000728654275,57.503845713138716
5.281677749919178,3803.863151267723,58.954974594274866
5.282464943828451,3785.7272369008006,58.61253363090398
5.283252137737725,3774.1443085847077,57.58251745544346
5.284039331647,3764.20538066346,57.40661469562118
5.284826525556274,3766.5654270501786,57.6522492904583
5.285613719465548,3764.706821017795,57.20783941919993
5.286400913374822,3769.4357360086324,56.113880498864134
5.287188107284097,3777.8752294469764,54.85158894740403
5.287975301193371,3779.4550875440054,53.97170885230474
5.288762495102645,3783.9806092815634,54.370940357440155
5.28954968901192,3788.182554268543,55.2580943867985
5.290336882921194,3799.049151385272,56.181949707906924
5.291124076830468,3796.8360735104407,56.347027199961616
5.291911270739742,3782.0666775173613,54.959802891221706
5.292698464649017,3776.2068941092784,53.29577919385995
5.293485658558291,3782.9373108663676,52.32281248445042
5.294272852467564,3776.29738023546,52.17090958180943
5.295060046376839,3783.1669876663773,53.71855803864178
5.295847240286113,3780.5108473036025,55.83213536683605
5.296634434195387,3792.1591148847415,58.73957901981199
5.2974216281046616,3796.6986792293596,60.914783796887235
5.298208822013936,3799.6151710792824,61.205073463509
5.29899601592321,3788.818967466001,59.714389547597776
5.299783209832484,3788.6867905604986,59.25093364949765
5.300570403741759,3784.2457527819975,58.07135517883386
5.301357597651033,3781.7698277602963,56.67105760676994
5.302144791560307,3771.7646209340037,54.124542365236216
5.3029319854695816,3776.6238343038676,52.12108408725731
5.303719179378856,3776.922825189284,50.72640781108558
5.30450637328813,3787.019739975164,50.021081496610655
5.305293567197404,3796.9001216182,50.43167018544748
5.306080761106678,3805.455291371287,51.4890781637414
5.306867955015952,3797.014306715977,53.2114667601773
5.307655148925226,3798.3081314652054,55.38138379293342
5.308442342834501,3796.4907079626014,58.364271634506515
5.309229536743775,3785.4605403947244,60.935818883618374
5.310016730653049,3773.1853554808063,62.55447188949178
5.3108039245623235,3775.7707387665173,63.46085868276248
5.311591118471598,3776.0934274932483,61.951257542502766
5.312378312380872,3805.40466798382,59.66296575135661
5.313165506290146,3802.219812840591,56.87048907704116
5.313952700199421,3800.2600173008295,54.0735118682593
5.314739894108695,3798.0453468605324,51.86542170973404
5.315527088017969,3800.9887081193338,50.20933643584439
5.3163142819272435,3797.3631659613716,49.495522532717715
5.317101475836518,3805.207851080247,49.49819551622878
5.317888669745791,3801.0575064199943,50.31229065926665
5.3186758636550655,3786.1785805784625,51.799957239115884
5.31946305756434,3799.5577324761284,53.89831961676421
5.320250251473614,3797.2851249789014,56.677690367342166
5.321037445382888,3802.215013668861,59.42342817077327
5.321824639292163,3817.0725546000917,62.065646135325814
5.322611833201437,3810.7301763840665,63.3499549047925
5.323399027110711,3807.1708626452787,62.98274914681485
5.3241862210199855,3803.0807235152633,61.230254836216595
5.32497341492926,3815.2610624336903,58.691684144526995
5.325760608838534,3796.724789089627,55.676322516505145
5.326547802747808,3787.9227811083383,53.642087284692835
5.327334996657083,3794.694467050058,52.65112098903294
5.328122190566357,3796.2054639274693,52.169092323700724
5.328909384475631,3808.904099829403,52.64249506169412
5.329696578384905,3830.800253785687,53.452645422578385
5.330483772294179,3850.63444613233,54.414877465128235
5.331270966203453,3854.6850540726273,55.190336801609234
5.3320581601127275,3836.6724653832707,55.51196447246763
5.332845354022002,3824.4818507065006,55.55774502217302
5.333632547931276,3820.2341180495273,55.776625886030686
5.33441974184055,3821.59221771617,55.66386989827496
5.335206935749825,3815.5452462655526,55.74802261489544
5.335994129659099,3820.017119984568,56.24255581660774
5.336781323568373,3861.9160970052085,59.58308183503095
5.3375685174776475,3887.7442204981676,61.82356841194611
5.338355711386922,3993.238076292438,61.03425920997328
5.339142905296196,4239.897815845631,62.8611827146142
5.33993009920547,4345.39311689212,62.79640707478971
5.340717293114744,4382.7443282515915,61.92831184233591
5.341504487024018,4336.132753725405,60.76855081412196
5.342291680933292,4253.000120563272,59.37262215096647
5.343078874842567,4103.198386863426,57.020559178034695
5.343866068751841,3978.1657722378955,55.36143411010403
5.344653262661115,3908.8665907118057,54.731117453705124
5.3454404565703895,3858.185408980758,53.829349466036454
5.346227650479664,3855.6105346679688,53.53450717702721
5.347014844388938,3847.8824613594716,53.30760082598486
5.347802038298212,3839.0703788097994,52.66590899294357
5.348589232207487,3858.531253014082,52.88145338548722
5.349376426116761,3844.25850310149,53.30381706638559
5.350163620026035,3836.0882108711903,54.45251656696513
5.3509508139353095,3817.0428063663435,55.54452828912994
5.351738007844584,3829.6567744502313,58.05304416168622
5.352525201753857,3811.4311191888505,59.605173542320685
5.353312395663131,3820.05111769688,61.711817390599975
5.354099589572406,3811.9084676106772,62.35831817387166
5.35488678348168,3811.6889422381364,61.984310423226106
5.355673977390954,3826.9086461950233,60.73658384966382
5.356461171300229,3828.741507071036,59.86219942191498
5.357248365209503,3833.462725980782,58.329676335377634
5.358035559118777,3840.156167866271,56.593098382103875
5.3588227530280514,3825.17537660952,54.27136980727597
5.359609946937326,3807.3518024962627,52.46751689440574
5.3603971408466,3815.9957776481724,51.317709227702714
5.361184334755874,3807.9403106312693,50.66370627629554
5.361971528665149,3814.522274064429,50.68606068646481
5.362758722574423,3824.927471773124,51.302257931547665
5.363545916483697,3831.464728084611,52.45722009365469
5.364333110392971,3823.215590112003,53.502278528449594
5.365120304302245,3846.105157546055,54.86563053527319
5.365907498211519,3837.64129864728,55.95515722300219
5.366694692120793,3828.086456298828,56.38096703994509
5.367481886030068,3825.5401509602866,57.19774413716668
5.368269079939342,3819.9806115421247,58.02639426359678
5.369056273848616,3816.47334685149,59.487561442733046
5.369843467757891,3794.4442530502506,61.00047543590057
5.370630661667165,3824.539411379967,62.39356123205049
5.371417855576439,3817.041224726924,62.178531273161106
5.372205049485713,3815.826464617694,60.854958883184594
5.372992243394988,3836.147632363402,59.309367890725774
5.373779437304262,3851.1923933617863,57.76424422909986
5.374566631213536,3848.2698032708818,56.19641466580991
5.375353825122811,3832.5440892349056,54.52807942207599
5.376141019032084,3835.6580791708866,54.09483794451945
5.376928212941358,3817.180232672044,53.12764004804966
5.3777154068506325,3809.6908264160156,52.722832365621855
5.378502600759907,3829.3086253978586,52.555973735882006
5.379289794669181,3833.8550034511236,52.68080156959078
5.380076988578455,3840.5517529146173,52.83315889341891
5.38086418248773,3836.861321343316,53.06982656732078
5.381651376397004,3837.785612506631,53.463056484235864
5.382438570306278,3833.3604163652585,53.99706667158213
5.3832257642155525,3843.9720458984375,55.37833304072586
5.384012958124827,3854.724073621962,55.970547771012235
5.384800152034101,3842.7859753267267,56.22175190342891
5.385587345943375,3818.813721079885,56.11695404320732
5.38637453985265,3824.6167674123503,57.213687756293425
5.387161733761924,3836.0545616620852,58.22125285473656
5.387948927671197,3835.2236621997977,60.08307686938517
5.388736121580472,3841.255256558642,61.3983844186794
5.389523315489746,3842.963869071301,62.766531022339464
5.39031050939902,3837.0325072488668,61.93617025527081
5.3910977033082945,3832.445789101683,61.09869423143782
5.391884897217569,3836.1434393988716,59.14548441793135
5.392672091126843,3848.9172159830728,57.691233227403266
5.393459285036117,3845.6291526511864,55.48599210731711
5.394246478945392,3846.93064748505,54.346591323904384
5.395033672854666,3822.198094120732,53.12396206682092
5.39582086676394,3842.3715051721642,53.67392994305555
5.3966080606732145,3846.5894888418693,53.75057618766766
5.397395254582489,3855.0144284095295,54.49744059362787
5.398182448491763,3843.3322817955486,54.72291514432067
5.398969642401037,3848.8297831217446,54.72878064466885
5.399756836310311,3849.45165977949,54.484077992994074
5.400544030219585,3842.323081687645,53.95668156450277
5.401331224128859,3835.384014741874,53.62122571345215
5.402118418038134,3833.8344560788,53.35401049956682
5.402905611947408,3843.2925411271463,53.70793200061695
5.403692805856682,3861.5954819667486,54.4120817046958
5.4044799997659565,3850.0913289388022,55.23652377095304
5.405267193675231,3857.494425455729,56.01671136307297
5.406054387584505,3852.074082362799,56.922676835939285
5.406841581493779,3856.878929985894,57.530521018134905
5.407628775403054,3861.3675571017793,58.18758184633425
5.408415969312328,3861.2719135048947,58.447912655891294
5.409203163221602,3865.346823233145,59.012652652726004
5.4099903571308765,3858.05212854456,59.120384343266664
5.410777551040151,3869.303150318287,60.02127289192647
5.411564744949424,3855.9085218641494,59.463554271391324
5.4123519388586985,3860.8164322464554,60.09656566196102
5.413139132767973,3861.392034083237,60.32694460560255
5.413926326677247,3855.0662551691503,60.67686849792444
5.414713520586521,3872.490791226611,61.018205461499925
5.415500714495796,3876.7090073573736,59.97642908628766
5.41628790840507,3874.1916944715713,59.04834264525273
5.417075102314344,3870.6203756450136,57.857003579933746
5.4178622962236185,3872.70011129497,56.583199273491985
5.418649490132893,3870.0223505467543,55.95238525816547
5.419436684042167,3853.0178060649355,55.227613010816974
5.420223877951441,3854.2297724971063,54.70942617051169
5.421011071860716,3853.1235562548227,54.035684846256565
5.42179826576999,3861.4667795440296,53.666198809624355
5.422585459679264,3866.204445167824,53.31126012089286
5.423372653588538,3866.980297324098,52.74074260349831
5.424159847497812,3872.351137137707,52.32021297843008
5.424947041407086,3882.8644205729165,52.18744944339413
5.4257342353163605,3884.3418451003085,52.305773127206166
5.426521429225635,3876.9436246141977,52.35332863892712
5.427308623134909,3880.1212527428142,52.74157143667729
5.428095817044183,3884.3044930917245,53.13056612951553
5.428883010953458,3894.9108781225887,54.217142889381684
5.429670204862732,3882.800504707996,55.251617728712205
5.430457398772006,3890.063322844329,56.89683358846777
5.4312445926812805,3910.4346253194926,58.782143951388576
5.432031786590555,3908.131707839024,60.38072708466482
5.432818980499829,3925.59265588831,61.92567990314439
5.433606174409103,3935.5128674919224,62.84229975117912
5.434393368318378,3934.7821937843605,63.22622635794269
5.435180562227651,3939.25025242935,63.75975359171271
5.435967756136925,3970.693364649643,64.46691470449996
5.4367549500462,3948.742326901283,64.11111949046462
5.437542143955474,3983.0050655412088,64.1930045497815
5.438329337864748,4013.1230996214313,64.25127365460209
5.439116531774022,4024.487124596113,64.01684163399626
5.439903725683297,4075.945394633729,64.84884550632644
5.440690919592571,4079.2392540448977,63.87018308128891
5.441478113501845,4113.781271098573,63.05791976938562
5.44226530741112,4123.688557942708,61.5802313498346
5.443052501320394,4128.140088493441,60.770976126315276
5.443839695229668,4145.900682990934,59.44184067016998
5.444626889138942,4165.632590964989,58.49425018866667
5.445414083048217,4199.2557862835165,57.90963916989031
5.446201276957491,4227.336186915268,57.92820279531719
5.446988470866764,4261.176649305556,58.32426000696837
5.447775664776039,4280.67352445626,58.74045769876165
5.448562858685313,4260.161483953028,59.00162723313255
5.449350052594587,4201.60412070192,59.10214627199069
5.4501372465038616,4125.515358253761,58.65946443750823
5.450924440413136,4063.9851420838154,58.324381358391314
5.45171163432241,4014.0381846486785,57.71112948971594
5.452498828231684,3975.9529795705535,57.49775790534778
5.453286022140959,3950.335976306303,57.100620953359595
5.454073216050233,3928.601669876664,56.73131021636246
5.454860409959507,3936.927109329789,56.57694576111934
5.455647603868782,3943.7428664219233,56.63284374676049
5.456434797778056,3928.3418044102045,56.429733605552016
5.45722199168733,3937.1839026933835,56.69905032596698
5.458009185596604,3936.028954776717,56.48984611167773
5.458796379505878,3952.200697157118,56.20626080704401
5.459583573415152,3935.2514249071664,55.60788232161087
5.460370767324426,3935.7373261628327,54.98813457021223
5.461157961233701,3926.878865559896,54.465700603672985
5.461945155142975,3925.340992115162,53.911010852654556
5.462732349052249,3920.8928426106772,53.737115273685276
5.4635195429615235,3904.8071869273244,53.257850713860854
5.464306736870798,3910.800996380088,53.62314598858852
5.465093930780072,3914.0233764648438,53.81784696158834
5.465881124689346,3918.5643611955056,54.82566214751303
5.466668318598621,3909.966529375241,55.391663187042845
5.467455512507895,3922.150161931544,56.442857960930084
5.468242706417169,3923.5650080928094,57.244530859964186
5.4690299003264435,3921.3317275812597,58.07298315517542
5.469817094235718,3933.8273096908756,58.795343259712865
5.470604288144991,3928.0652224693767,59.11185890651817
5.4713914820542655,3904.536255636333,59.32797764024152
5.47217867596354,3920.679845739294,60.36839153745185
5.472965869872814,3906.3280368381074,61.10448556953421
5.473753063782088,3926.1266841182,62.49086933730296
5.474540257691363,3928.3787879472898,63.30362572889578
5.475327451600637,3936.91901237582,65.16593551992325
5.476114645509911,3919.646167896412,65.38577115942923
5.4769018394191855,3940.536433843919,65.9633943693575
5.47768903332846,3956.0295538254727,65.92204135493714
5.478476227237734,3789.5306803385415,62.08822052592085
5.479263421147008,3796.1986667962724,61.435024022578375
5.480050615056283,3795.074949664834,60.989250105253646
5.480837808965557,3912.5281831717784,62.02754958413802
5.481625002874831,3930.011277940538,61.170808088991876
5.482412196784105,3931.390251253858,60.28726843944942
5.483199390693379,3941.3887170862267,60.05372513494206
5.483986584602653,3955.13505196277,59.77836318689696
5.4847737785119275,3958.487930862992,59.15066362234151
5.485560972421202,3971.1652251820506,59.19932228729191
5.486348166330476,3984.127947771991,58.25396962859203
5.48713536023975,3979.273802957417,57.11405308569415
5.487922554149025,3993.1626164942613,56.53936625652667
5.488709748058299,4004.892474892699,55.625453385394046
5.489496941967573,4009.7867318612557,55.24304154929971
5.4902841358768475,4018.8972981770835,55.09496276616747
5.491071329786122,4026.1525773413387,55.1341788898678
5.491858523695396,4043.0583639262636,55.60780304638061
5.49264571760467,4077.837018801842,56.634364233229036
5.493432911513945,4113.746199996383,57.50822652429021
5.494220105423218,4147.979781539352,58.257518846041904
5.495007299332492,4188.447578335986,58.49055985085699
5.495794493241767,4210.47028266059,59.0186645976853
5.496581687151041,4215.784088511526,58.84429473054543
5.497368881060315,4236.423969786844,59.21137898794805
5.4981560749695895,4252.486618230372,59.29454955164759
5.498943268878864,4281.581003448109,59.832574039450044
5.499730462788138,4348.076085973669,61.191876350341886
5.500517656697412,4394.148018542631,62.619769171105716
5.501304850606687,4504.798860526379,65.41907349306902
5.502092044515961,4511.18578121986,68.02313176786697
5.502879238425235,4534.278234411169,67.80311453745985
5.5036664323345095,4501.88540461034,66.61283488712833
5.504453626243784,4426.286061228057,65.38675247059497
5.505240820153058,4294.5686766071085,63.329895558850424
5.506028014062331,4201.794852551119,61.744907070230596
5.506815207971606,4128.839842242959,60.351850431007485
5.50760240188088,4109.021565755208,59.76069105560152
5.508389595790154,4141.367678041811,59.10612926651996
5.509176789699429,4323.544339403694,60.25648906769736
5.509963983608703,4591.153268319589,62.045591379726325
5.510751177517977,4846.801160270785,63.58200033189701
5.5115383714272514,4980.422999252508,64.2444015489359
5.512325565336526,4931.845782998167,63.35431118346371
5.5131127592458,4710.0000738450035,60.508369112978606
5.513899953155074,4453.0196706512825,57.77324226106818
5.514687147064349,4253.158854920187,55.52411563236645
5.515474340973623,4115.179849506896,54.10937659986216
5.516261534882897,4034.9002572518807,53.050234812372956
5.5170487287921715,4008.2399909878955,52.77498442363206
5.517835922701445,3991.725156430845,52.381823990040175
5.518623116610719,3985.293441960841,52.439150290015334
5.519410310519993,3986.2247095932194,52.782902976099365
5.520197504429268,3982.9926192672165,52.82366859977519
5.520984698338542,3980.982265142747,52.961387540910025
5.521771892247816,3979.9632922513983,52.799241890845806
5.522559086157091,3976.1545651282795,52.49964033856655
5.523346280066365,3976.1437882788387,52.161474464733374
5.524133473975639,3974.5162391191648,51.85152740879128
5.524920667884913,3985.926007306134,51.80409864850005
5.525707861794188,3986.987074110243,51.78863681841718
5.526495055703462,3992.2199239848574,51.92367148711654
5.527282249612736,3996.5096887659142,52.44109295028868
5.528069443522011,3984.775985152633,52.569357393399265
5.528856637431285,3976.783278477045,52.76835090593339
5.529643831340558,3980.7413608880693,53.04764686111518
5.5304310252498325,3980.552109706549,53.23089043553161
5.531218219159107,3980.673663104022,53.51486271272307
5.532005413068381,3981.2332288953994,53.64574252598793
5.532792606977655,3981.357218424479,53.56816708094248
5.53357980088693,3976.538705331308,53.58176042326693
5.534366994796204,3983.9849213023244,53.68486188933722
5.535154188705478,3988.536986551167,53.89722154097987
5.5359413826147525,3989.5007286542727,54.223137655778686
5.536728576524027,3985.8917454849056,54.82771791276287
5.537515770433301,3965.1498458297165,55.32300561185145
5.538302964342575,3965.0453510048947,56.062637922257316
5.53909015825185,3979.938137855059,56.55257986564438
5.539877352161124,3979.982898853443,56.6826077360565
5.540664546070398,3990.6705540786556,57.08093241495709
5.541451739979672,3984.105433334539,57.32290716659933
5.542238933888946,3980.582737298659,57.38189598528541
5.54302612779822,3976.6786920994887,57.45790967316101
5.5438133217074945,3986.645657009549,57.81193988503015
5.544600515616769,4002.6725607036074,58.613776838045176
5.545387709526043,3990.9842393663193,59.04237316229351
5.546174903435317,3979.733664430218,59.41613868337829
5.546962097344592,3969.2310821156443,60.01140119436427
5.547749291253866,3980.225412627797,60.678492430754865
5.54853648516314,3974.054005563995,60.736931842923774
5.5493236790724145,3977.988025806568,60.85313898195289
5.550110872981689,3974.016072591146,60.81681576437529
5.550898066890963,3967.797978153935,60.80764783447624
5.551685260800237,3987.445713372878,61.015419206589954
5.552472454709512,3988.1192257728108,61.08853066412424
5.553259648618785,3994.2559912410784,61.24685054879032
5.554046842528059,3983.926619918258,61.249143727535305
5.554834036437334,3985.998356571904,61.48786833815127
5.555621230346608,4008.253827130353,62.08506941324207
5.556408424255882,3992.683993115837,62.25088502785438
5.5571956181651565,3997.567674424913,62.39672341999907
5.557982812074431,3994.364545657311,62.27747347973677
5.558770005983705,3975.1747127580056,61.65787155894552
5.559557199892979,3996.704871660397,61.671407318153975
5.560344393802254,3985.663638267988,61.29040836405865
5.561131587711528,3990.8768212589216,60.99158159236711
5.561918781620802,3995.0199547284915,61.024003855621444
5.5627059755300765,4004.393779236593,61.1249176201881
5.563493169439351,4013.6506716881267,61.723394449387506
5.564280363348625,4009.9193167980807,61.84059901617667
5.5650675572578985,4011.2715423960744,62.46110396623074
5.565854751167173,4003.7307053554205,62.46195462033763
5.566641945076447,3997.313247492284,62.76954687630222
5.567429138985721,4004.8877156575522,62.38335304018331
5.568216332894996,4002.826560691551,62.238279859895144
5.56900352680427,3991.5964739764177,61.99424460548765
5.56979049561927,4540.52215660943,62.215853565895166
5.569790720713544,4012.7123963155864,62.30973416871162
5.570577689528545,4539.890475802951,58.153771366407554
5.5705779146228185,4019.9073237666375,62.291574949135914
5.571364883437819,4546.510251363118,63.902227664797095
5.571365108532093,4013.08979326413,62.62809075895444
5.572152077347093,4541.167437235515,64.14144164735082
5.572152302441367,4007.3453956886574,62.992760785641565
5.5729392712563675,4530.438895331488,57.92994921135878
5.572939496350641,4036.004889594184,64.11168992688731
5.573726465165642,4547.323873731825,61.356783406665954
5.573726690259916,4037.1652018229165,64.3794794982054
5.574513659074916,4543.1989669799805,65.2435695198601
5.57451388416919,4037.4922078450522,64.67214625892588
5.57530085298419,4561.272451612685,60.54206478294835
5.575301078078464,4020.6914906442903,64.21380850867635
5.576088046893465,4577.5004475911455,59.9158502182072
5.5760882719877385,4011.0624721197432,64.34787056650187
5.576875240802739,4567.9000405205625,65.73213327934833
5.576875465897012,4015.84311026114,64.03918796475983
5.577662434712013,4562.146761576335,63.73662292852676
5.577662659806286,4020.953084309896,63.70495337368456
5.578449628621287,4561.810562133789,58.18164562411187
5.5784498537155605,4016.9920805000966,62.88118695361517
5.579236822530561,4559.262979295519,62.888744328631844
5.579237047624835,4031.551634988667,62.99526666629072
5.580024016439835,4573.724092271593,65.42280368599609
5.580024241534109,4005.4348302770545,61.37935019789051
5.580811210349109,4561.38267771403,58.99123325798111
5.580811435443383,4035.9622953438466,61.868016508700734
5.581598404258384,4559.508952670627,61.20976417392489
5.581598629352658,4054.238257890866,61.788148266241485
5.582385598167658,4564.685622321234,66.89332586787607
5.582385823261932,4069.2494250638983,62.213609468177445
5.583172792076932,4585.165198432074,62.771260678497164
5.583173017171206,4059.7467206790125,61.95648166631831
5.583959985986207,4579.273662990994,60.2358786378866
5.5839602110804805,4081.467431339217,61.80074634292591
5.584747179895481,4606.515029059516,66.37305587149967
5.584747404989755,4075.493637273341,61.26047157881837
5.585534373804755,4627.8592368231875,65.18112377720445
5.585534598899029,4067.165857385706,60.972450717700895
5.586321567714029,4612.223997328017,59.22673423669448
5.586321792808303,4072.74296211902,60.32846964071214
5.587108761623304,4593.0463138156465,63.53243627164814
5.587108986717578,4061.068218466676,59.467272664509885
5.587895955532578,4611.761237250434,66.89709244336717
5.587896180626852,4065.313826949508,58.94772946826374
5.588683149441852,4603.090510898166,60.80385344064428
5.588683374536125,4070.0588620032795,58.709287120780324
5.589470343351127,4599.185599433051,61.25749910340587
5.5894705684454,4069.536060474537,58.19205265135422
5.5902575372604,4579.240477667914,67.15221282633698
5.590257762354674,4081.5739000108506,58.24065392185408
5.591044731169674,4599.126888699002,63.84117427835431
5.591044956263948,4107.300716447242,58.549486742664534
5.5918319250789486,4623.018061319987,59.737265395442954
5.591832150173222,4108.832778742284,58.49246217601729
5.592619118988223,4626.760274251302,65.42538967464701
5.592619344082497,4122.5532309449745,58.7043047719749
5.593406312897497,4666.461373223199,66.12101181063511
5.593406537991771,4151.338818962191,59.28473719988547
5.594193506806771,4689.42608473036,60.15713153706497
5.594193731901045,4170.469358091002,59.25262231901732
5.594980700716046,4698.937585618761,63.439796096035856
5.59498092581032,4181.457719214169,59.20213349543637
5.59576789462532,4722.485388014052,68.18688100013142
5.595768119719594,4177.472122004003,58.80267829718428
5.596555088534594,4743.90448167589,62.914208799890645
5.596555313628868,4201.995089307244,58.761836083949966
5.5973422824438686,4770.45896742079,61.81430573252639
5.597342507538142,4222.9187569323885,58.741442004792205
5.598129476353143,4800.022244771321,68.55296592593227
5.598129701447417,4250.76917784891,59.10492174142627
5.598916670262417,4857.701022677951,67.06321106588967
5.598916895356691,4308.144100236304,60.03544771264348
5.599703864171691,4887.493732028537,61.97124206375073
5.599704089265965,4344.18909972391,60.557245221006404
5.600491058080966,4927.040586683485,68.01838088111556
5.600491283175239,4406.2284417799965,61.9749447634131
5.60127825199024,4994.440571255154,72.19731184149923
5.601278477084513,4460.227301703559,63.03387746249279
5.602065445899513,5065.019577874078,65.9413279647175
5.602065670993787,4504.997034897039,64.00002570953892
5.602852639808788,5115.718084547255,67.51236402292892
5.602852864903062,4589.990677445023,65.46579642909518
5.603639833718062,5166.231298658583,73.80046736892348
5.603640058812336,4642.316260820554,66.47410444001423
5.604427027627336,5312.223398844401,71.04875002332543
5.60442725272161,4705.322072723766,67.2923091127186
5.6052142215366105,5416.306683858235,67.58353631116496
5.605214446630884,4820.649595660928,69.14097220847846
5.606001415445885,5541.725426567926,75.98939828129026
5.606001640540159,4965.340237087674,71.3777314957948
5.606788609355159,5727.296076456706,79.35246451111938
5.606788834449433,5090.222155158903,73.3843988191434
5.607575803264433,5864.152459038629,72.78774451408891
5.607576028358707,5251.385057990934,76.17746924739683
5.608362997173708,5938.84954155816,77.60179427184775
5.608363222267982,5345.352282865548,78.43256117192655
5.609150191082982,5874.526397705078,82.39987863749944
5.609150416177256,5309.6678783275465,79.14887156893234
5.609937384992256,5710.519538031684,74.33931532443542
5.60993761008653,5152.844513316213,78.51490358034361
5.6107245789015305,5493.2738037109375,69.49849478395846
5.610724803995804,4927.592311529465,76.98656969087143
5.611511772810805,5245.667924669054,74.09828783158939
5.611511997905079,4677.663319528839,74.8568180762341
5.612298966720079,5035.272928873698,68.99231671082865
5.612299191814352,4505.807098011912,73.0894741976032
5.613086160629353,4936.240297105577,62.35498633515169
5.613086385723626,4357.866418909143,71.54628282269407
5.613873354538627,4841.054441663954,67.1245669321966
5.613873579632901,4312.880732783565,70.83125141571088
5.614660548447901,4788.325618320041,68.08711061358571
5.614660773542175,4236.565300835504,69.29760872052677
5.615447742357175,4760.025345696344,61.46810494292456
5.615447967451449,4212.48159601659,68.53252145245914
5.61623493626645,4706.585322062175,61.99191996271099
5.6162351613607235,4165.705641758294,67.23185393131854
5.617022130175724,4690.17679172092,67.12663337913048
5.617022355269998,4181.617870189525,66.84126740041019
5.617809324084998,4691.4809154934355,63.220427090960186
5.617809549179272,4166.104429645303,66.2024089193027
5.6185965179942725,4657.03832160102,59.32079985459844
5.618596743088546,4159.345025710118,65.69057099826027
5.619383711903547,4643.329794989691,65.27774437185508
5.619383936997821,4138.4644602080925,65.17647638139593
5.620170905812821,4639.193535698785,65.49459114123752
5.620171130907095,4131.935326093509,64.39288325130946
5.620958099722095,4625.122733222113,59.396991989740144
5.620958324816369,4140.263196403597,63.94132609520543
5.62174529363137,4634.9526121351455,62.302526612527764
5.6217455187256435,4124.159767433449,62.73855209808915
5.622532487540644,4626.765921698676,66.84582195292285
5.622532712634918,4121.301600326727,61.851639876785455
5.623319681449918,4637.9434009128145,61.80734675378256
5.623319906544192,4124.925519778405,60.608553248087084
5.6241068753591925,4657.693567911784,59.26595653850352
5.6241071004534655,4114.6225088614,59.17982939584381
5.624894069268467,4630.4760335286455,64.83825374240993
5.62489429436274,4120.264622817805,58.08540573971687
5.62568126317774,4623.805683559842,64.10593015521282
5.625681488272014,4113.4780838577835,57.13068995372516
5.6264684570870145,4615.002211676703,58.005221792311296
5.626468682181288,4108.250732421875,56.48337836293594
5.627255650996289,4600.209276835124,61.34455873811016
5.627255876090563,4101.805001718027,55.8808334636506
5.628042844905563,4624.442549811469,66.44426470510675
5.628043069999837,4126.666548363956,55.88007491883784
5.628830038814837,4615.9994710286455,60.37035071040163
5.628830263909111,4198.403281882957,56.59511135934858
5.629617232724112,4604.980588277181,58.49835295419653
5.6296174578183855,4123.0880790051115,56.045059719035685
5.630404426633386,4606.627451578776,65.95981454375948
5.63040465172766,4096.971137152777,55.66293422950368
5.63119162054266,4614.092152065701,64.99122175943623
5.631191845636934,4115.935347192081,56.02993620552133
5.6319788144519345,4610.984229193793,58.46302903780455
5.631979039546208,4118.897212275752,55.91479296098057
5.632766008361209,4636.648719787598,62.69845473277441
5.632766233455483,4106.053160114053,55.85196835210065
5.633553202270483,4630.650863647461,66.96055698582539
5.633553427364757,4106.2586669921875,55.353302416457495
5.634340396179757,4618.7460378011065,60.817169347943135
5.634340621274031,4103.896824966242,55.54673648649559
5.635127590089032,4631.558183458116,58.130997225213
5.6351278151833055,4115.642203625338,56.79278907634662
5.635914783998306,4630.534939236111,64.81053202800054
5.635915009092579,4114.7118243935665,57.36742420985064
5.63670197790758,4631.850239223904,64.28745050119181
5.636702203001853,4122.656001338252,58.71808804764077
5.637489171816854,4631.888994852702,56.96055247857127
5.6374893969111275,4116.021653917101,59.77594842329962
5.638276365726128,4616.171063741048,61.78851028670733
5.638276590820402,4113.415078999084,60.902478868011904
5.639063559635402,4639.500716315375,68.05453504461644
5.639063784729676,4126.176941671489,62.046089014807514
5.6398507535446765,4649.0461010403105,62.27432840401858
5.63985097863895,4130.1496024426115,62.85047878276348
5.640637947453951,4643.32309044732,59.16839040719757
5.640638172548225,4120.171682098766,62.36080649470755
5.641425141363225,4653.1764899359805,65.80538787996002
5.641425366457499,4113.0572683075325,61.97325867490506
5.642212335272499,4646.8478588528105,64.99949964034597
5.642212560366773,4110.760451328607,60.62294911541024
5.642999529181774,4643.471556769477,57.655104100406064
5.6429997542760475,4120.063432104794,59.5511283708308
5.643786723091048,4661.04609934489,61.67555205669818
5.643786948185322,4111.807049033083,57.98251048995653
5.644573917000322,4638.807393391927,67.03242710946415
5.644574142094596,4110.884195963542,57.05589814306591
5.6453611109095965,4621.646481831868,61.12878904445642
5.64536133600387,4120.885804729697,56.55682018634674
5.646148304818871,4642.27869076199,56.965835278967816
5.646148529913145,4120.433217743297,56.0720704435537
5.646935498728145,4638.634532504611,64.40890546182311
5.646935723822419,4116.465912241994,55.465209309916474
5.647722692637419,4645.817322625055,66.0732021866635
5.647722917731692,4125.98137749566,55.52416541533082
5.648509886546694,4656.198229471843,59.08859001751059
5.649297080455967,4651.093974643283,61.92746700115947
5.650084274365241,4651.32115512424,67.82566162450411
5.650871468274516,4678.646553039551,63.13306195228172
5.65165866218379,4669.002299838596,57.988587809896636
5.652445856093064,4661.518222384982,64.88020088346659
5.6532330500023384,4657.977278815375,66.64823389823523
5.654020243911613,4632.801739162869,59.182472051893264
5.654807437820887,4617.855589124892,59.38476983985426
5.655594631730161,4629.5266842312285,66.39604034630271
5.656381825639436,4650.130727979872,63.95532699936504
5.65716901954871,4654.235030280219,59.32786559002395
5.657956213457984,4651.3170818752715,64.46840963617073
5.6587434073672584,4673.087279425727,66.87326139746246
5.659530601276533,4708.637957255046,61.47405246019564
5.660317795185807,4695.862416585286,61.468494076146634
5.66110498909508,4681.352436489529,67.36903644383298
5.661892183004355,4692.738766140408,64.88412867859691
5.662679376913629,4665.683421664768,59.87665986245569
5.663466570822903,4652.408175150554,63.19315526029815
5.664253764732178,4648.881288316515,65.45214045076472
5.665040958641452,4633.056952582465,61.379999457966406
5.665828152550726,4653.037275526259,61.755216002512334
5.66661534646,4682.973701477051,65.68845065262748
5.667402540369275,4694.381495157878,64.09001497550202
5.668189734278549,4691.191806369357,61.779872305467755
5.668976928187823,4672.648752000597,65.01872403820737
5.669764122097098,4686.6132888793945,66.22053470799362
5.670551316006372,4687.334932963054,62.44922218678161
5.671338509915646,4684.2406658596465,62.821415048177485
5.67212570382492,4681.097133212619,65.4229332727726
5.672912897734194,4672.392795138889,63.28735511961035
5.673700091643468,4649.292218526204,61.68955306007901
5.674487285552742,4663.577315436469,65.02092515076373
5.675274479462017,4652.463652716742,63.778672198494455
5.676061673371291,4654.925867716472,60.520913573595514
5.676848867280565,4668.2181074354385,63.69521203017504
5.6776360611898395,4678.382409837511,67.72406538445729
5.678423255099114,4698.203867594401,62.96799318880826
5.679210449008388,4711.646359761556,61.446015473466105
5.679997642917662,4702.794124179416,66.93242184737275
5.680784836826937,4700.673746744792,65.97355084850084
5.681572030736211,4689.673515319824,60.59491495395921
5.682359224645485,4673.393944634332,63.43511749576704
5.6831464185547595,4664.204433865018,67.297588902494
5.683933612464034,4684.456960042317,62.03355509822064
5.684720806373307,4690.487593756781,59.13123539724782
5.6855080002825815,4676.51427798801,66.64554086775907
5.686295194191856,4681.679879930284,67.94459041927968
5.68708238810113,4678.470464070638,58.543324961517115
5.687869582010404,4689.552800496419,60.86009806575962
5.688656775919679,4723.000112745497,69.9390847804185
5.689443969828953,4714.620753818088,64.96802954871934
5.690231163738227,4713.430786980523,57.46781447291314
5.6910183576475015,4703.064682006836,64.4965668483937
5.691805551556776,4699.842995537652,69.12827422345984
5.69259274546605,4691.358391655816,59.99573301678898
5.693379939375324,4686.603927612305,57.91223683502152
5.694167133284599,4685.071109347873,67.67538671672602
5.694954327193873,4686.628462049696,66.83694105208185
5.695741521103147,4691.801575554742,56.55127667606626
5.696528715012421,4697.675505744086,61.627498280743715
5.697315908921695,4709.7579667833115,71.61708681913372
5.698103102830969,4724.27586195204,64.85999017148532
5.6988902967402435,4715.09492746989,56.0564328100936
5.699677490649518,4714.489423963759,65.68093683697083
5.700464684558792,4715.338063557942,70.77988897816871
5.701251878468066,4693.104145473904,60.56648126895907
5.702039072377341,4694.056514316135,56.883834757988325
5.702826266286615,4705.434653388129,67.6253055763972
5.703613460195889,4681.963222079807,67.067140104022
5.7044006541051635,4691.1309975518125,57.10838872734181
5.705187848014438,4699.83620707194,60.48548960865282
5.705975041923712,4693.5711992051865,69.54708704450894
5.706762235832986,4721.729747348361,64.73898289448451
5.707549429742261,4733.264690823025,56.97872641627236
5.708336623651534,4720.026481628418,64.2850785598691
5.709123817560808,4709.52948082818,69.0705073712892
5.709911011470083,4714.312291463216,61.447071057820885
5.710698205379357,4718.952143351237,57.29793444616719
5.711485399288631,4716.234721713596,66.14601479155994
5.7122725931979055,4693.345799763997,67.93937698749447
5.71305978710718,4695.2186440361875,59.43546359770655
5.713846981016454,4700.211051940918,59.52242484428039
5.714634174925728,4695.524610731337,67.31534997384593
5.715421368835003,4688.697498745389,65.64960004520736
5.716208562744277,4689.971396552191,59.245708357890265
5.716995756653551,4688.50087653266,62.239057949962714
5.7177829505628255,4686.632449679904,66.38759666794641
5.7185701444721,4694.612195332845,63.21243574228515
5.719357338381374,4694.519824557834,59.50644609829396
5.7201445322906475,4704.779118008084,63.476182520957096
5.720931726199922,4698.988670349121,65.26727097874802
5.721718920109196,4682.411291334364,61.26664417323298
5.72250611401847,4679.553790622287,60.31417455852084
5.723293307927745,4683.131924947103,63.574190811204744
5.724080501837019,4673.698408338759,62.855636778658884
5.724867695746293,4678.460792541504,60.95269507158045
5.7256548896555675,4684.398970709906,61.85890142309338
5.726442083564842,4678.028187221951,62.96577479039262
5.727229277474116,4683.106331719293,63.37361167177686
5.72801647138339,4700.682701958551,63.25272036703124
5.728803665292665,4686.867812262641,62.88884619144179
5.729590859201939,4703.746659172906,62.81451004258208
5.730378053111213,4703.029001024034,63.66352063373993
5.7311652470204875,4680.145734998915,63.83786114276092
5.731952440929761,4683.529489305284,62.00476975955667
5.732739634839035,4675.014065212674,60.09154963689698
5.733526828748309,4675.329294840495,63.19670632753048
5.734314022657584,4665.106018914117,64.2691276567938
5.735101216566858,4666.582583957248,60.44389270861864
5.735888410476132,4681.551688300238,59.82129536439892
5.736675604385407,4681.570684644911,65.73439297645864
5.737462798294681,4674.576575385199,65.978864779179
5.738249992203955,4688.733741760254,60.07534609206192
5.739037186113229,4694.251610649957,59.936336134412166
5.739824380022504,4694.747551812066,66.3700541871456
5.740611573931778,4688.747950236003,64.49116754368829
5.741398767841052,4684.057323031955,57.13555674347432
5.742185961750327,4678.175203959147,60.667500914161295
5.742973155659601,4667.870001051161,67.43392224849268
5.743760349568874,4676.150517781575,62.60337150369516
5.7445475434781486,4686.705146789551,55.32053027128195
5.745334737387423,4682.560906304254,63.06685252840043
5.746121931296697,4657.356544494629,69.58324902172932
5.746909125205971,4674.609413146973,61.66342538568894
5.747696319115246,4690.26847076416,55.65108522080567
5.74848351302452,4715.378899468316,66.62490185436201
5.749270706933794,4694.766503228082,70.22938545746274
5.750057900843069,4690.831265767415,58.3304094903331
5.750845094752343,4684.041122436523,56.00424645730169
5.751632288661617,4680.022296481662,68.65414012769932
5.752419482570891,4679.666163974338,68.51981097362446
5.753206676480166,4676.948963589139,54.9831133028948
5.75399387038944,4677.404172261556,57.07368550714985
5.754781064298714,4681.349652608235,70.89793185291802
5.755568258207988,4671.105798509386,67.33410226013036
5.756355452117262,4678.096076965332,54.04575834581165
5.757142646026536,4687.154482523601,60.293733297884955
5.7579298399358105,4690.324592590332,72.17860746586304
5.758717033845085,4678.165363735623,64.04641766893239
5.759504227754359,4666.47982957628,52.98473770668207
5.760291421663633,4650.279055277507,61.803486014104195
5.761078615572908,4665.978137546115,70.71841634090698
5.761865809482182,4659.011513604059,60.411261025967704
5.762653003391456,4661.95955657959,53.009510145936055
5.7634401973007305,4671.518479241266,64.21369937865647
5.764227391210005,4660.2468185424805,69.67647802946247
5.765014585119279,4664.6167560153535,58.786999219980075
5.765801779028553,4662.214771694607,54.95320194030481
5.766588972937828,4656.0056881374785,67.20810924786439
5.767376166847101,4668.076645745172,70.007196559279
5.768163360756375,4678.452650282118,57.94514356119425
5.76895055466565,4680.512943691678,57.241745553606414
5.769737748574924,4665.475615607367,67.6168747011392
5.770524942484198,4656.497128804524,66.85996035062465
5.7713121363934725,4671.797385321723,57.14321952921706
5.772099330302747,4677.644632975261,59.31749872870008
5.772886524212021,4662.688279893663,66.96342226050645
5.773673718121295,4661.489757113986,64.60662951135903
5.77446091203057,4652.126918368869,56.59295223337867
5.775248105939844,4666.166589525011,61.35186241014324
5.776035299849118,4666.999390496148,67.41867714642152
5.7768224937583925,4651.046670701769,63.995455848326756
5.777609687667667,4660.093046400282,58.29414584211339
5.778396881576941,4658.912147521973,62.478633258440816
5.7791840754862145,4651.346147325304,65.84034338137063
5.779971269395489,4648.517044067383,62.94202722840538
5.780758463304763,4647.70024617513,59.07671125156197
5.781545657214037,4636.98765903049,62.084362130928206
5.782332851123312,4652.100780910916,63.4508558971979
5.783120045032586,4663.954763624403,62.296618974084055
5.78390723894186,4672.836359659831,61.16269057077266
5.7846944328511345,4659.22125922309,62.75144301430007
5.785481626760409,4675.932565477159,62.88474893452611
5.786268820669683,4674.746537950304,63.6766899670052
5.787056014578957,4671.606266445584,63.92020815905933
5.787843208488232,4649.117840237088,62.54433036179436
5.788630402397506,4659.1632885403105,61.098285161504606
5.78941759630678,4657.83612230089,63.68372913568418
5.7902047902160545,4652.12725660536,64.2280818570618
5.790991984125328,4667.0875074598525,61.10710676897936
5.791779178034602,4657.472805447049,59.674014434172875
5.7925663719438765,4647.074094136556,64.42881051672487
5.793353565853151,4646.520590888129,64.7404761278172
5.794140759762425,4677.466929117839,59.697078625696385
5.794927953671699,4662.359802246094,58.86111359154588
5.795715147580974,4632.271196153429,66.02732252492667
5.796502341490248,4632.750258551703,65.59652952555383
5.797289535399522,4666.880929734972,58.14033725664874
5.7980767293087965,4665.676010131836,58.590209658829274
5.798863923218071,4655.766086154514,67.57804135597306
5.799651117127345,4644.037633260091,65.52054717124561
5.800438311036619,4637.1986745198565,56.15204691440897
5.801225504945894,4640.256880018446,57.9130760373966
5.802012698855168,4643.232140435113,68.4272071996951
5.802799892764441,4638.188486735026,65.22307607515638
5.803587086673716,4650.969930860731,54.53795264591619
5.80437428058299,4669.14717441135,58.086024245608016
5.805161474492264,4663.369801839192,69.73267084570655
5.8059486684015384,4659.122229682074,65.41741871521616
5.806735862310813,4676.426498413086,54.23541365065883
5.807523056220087,4686.734194437663,59.24463038453507
5.808310250129361,4692.994558546278,71.0986884963257
5.809097444038636,4686.5656500922305,65.06665135446302
5.80988463794791,4688.76949734158,53.46478288298098
5.810671831857184,4687.533799913194,59.03556545200243
5.8114590257664585,4672.254510667589,70.76824171772836
5.812246219675733,4667.27680545383,63.70722477501271
5.813033413585007,4677.436184353299,52.256158310565596
5.813820607494281,4686.606910705566,59.043210980500355
5.814607801403555,4689.312663608127,70.9842753313737
5.815394995312829,4683.011728922526,64.12427485564633
5.816182189222103,4673.671764797635,52.6770199046587
5.816969383131378,4672.619890001085,60.26588219798672
5.817756577040652,4684.497073703342,72.17716868872222
5.818543770949926,4680.607526143392,64.42272705000741
5.8193309648592,4676.847032335069,52.71975871536923
5.820118158768475,4665.131156073676,60.44708009707144
5.820905352677749,4654.468655056424,71.28589024049279
5.821692546587023,4648.618261549208,63.30847847175043
5.822479740496298,4638.392663743761,52.00517066682326
5.823266934405572,4654.451026068793,59.674264419103544
5.824054128314846,4673.182213677301,70.23377526431536
5.82484132222412,4680.033928765191,63.57339994754217
5.825628516133395,4690.10720316569,53.61050538729351
5.826415710042668,4691.001105414496,60.95611322822479
5.827202903951942,4692.8768480088975,70.42533857364776
5.827990097861217,4689.603598700629,64.2022284425738
5.828777291770491,4687.134779188368,54.693271001556994
5.829564485679765,4678.726284450955,60.89485844765967
5.8303516795890395,4666.663180033366,68.7034434001581
5.831138873498314,4665.70847998725,63.5424199602036
5.831926067407588,4671.663620842828,55.143317302193424
5.832713261316862,4669.306451585558,60.381237173623326
5.833500455226137,4668.408823649089,66.76888351992311
5.834287649135411,4681.748647901747,63.50919725629125
5.835074843044685,4685.763456556532,56.64052783051796
5.8358620369539596,4688.150282118056,60.92236728651059
5.836649230863234,4688.198216756185,65.9739469886381
5.837436424772508,4698.07886674669,64.12102571464648
5.8382236186817815,4703.876549614801,58.548334987555805
5.839010812591056,4701.627843221028,61.4661633262319
5.83979800650033,4689.433142768012,64.68797962114503
5.840585200409604,4696.633907741971,63.44940995930683
5.841372394318879,4700.865566677518,59.791445854402085
5.842159588228153,4700.357973734538,61.23034624813149
5.842946782137427,4684.596885681152,62.52483245291547
5.8437339760467015,4684.925079345703,62.37084393246671
5.844521169955976,4685.781278822157,61.021847112789324
5.84530836386525,4695.534537421332,61.837820953380195
5.846095557774524,4720.034987555609,62.284746640630416
5.846882751683799,4731.7251213921445,62.82820070414607
5.847669945593073,4745.579661051433,63.45934036386594
5.848457139502347,4739.100947909885,63.79570234941497
5.8492443334116215,4732.111961364746,61.676453093403154
5.850031527320895,4733.006210327148,61.71320915441474
5.850818721230169,4716.26190270318,64.05172459777472
5.8516059151394435,4723.145348442926,64.31749484858908
5.852393109048718,4713.845213148329,60.07542350219908
5.853180302957992,4684.396579318576,59.72659012050287
5.853967496867266,4692.171090867784,64.10282959496882
5.854754690776541,4697.511160956488,64.6700286812816
5.855541884685815,4696.991249932184,59.11679330373911
5.856329078595089,4710.428516811795,59.54667314578713
5.8571162725043635,4702.781808641222,66.26891418777431
5.857903466413638,4716.337122599284,67.00813882745085
5.858690660322912,4719.806906806098,59.69702962137791
5.859477854232186,4744.269496493869,58.69398883890083
5.860265048141461,4761.167257520888,67.23304570012087
5.861052242050735,4804.233579847548,70.07435530591457
5.861839435960008,4814.034828186035,61.45364382606398
5.862626629869283,4807.141518486871,59.62954751020746
5.863413823778557,4780.642637464735,67.37076476158813
5.864201017687831,4704.97720252143,67.91550073993322
5.8649882115971055,4716.9097408718535,59.32573978470969
5.86577540550638,4727.751355489095,55.309472833643056
5.866562599415654,4722.492571512858,64.51997394690369
5.867349793324928,4735.164913601346,69.9092389786211
5.868136987234203,4751.558975219727,61.60784341237513
5.868924181143477,4748.851431952582,55.330271886144935
5.869711375052751,4742.596212599013,64.04898848243684
5.8704985689620255,4731.136509365506,70.53683828127444
5.8712857628713,4731.984092712402,62.250407298797455
5.872072956780574,4725.156656053331,54.23682179429296
5.872860150689848,4711.510444641113,62.32809743548261
5.873647344599122,4722.342074076335,70.39868332537547
5.874434538508396,4728.420117696126,63.30054967392192
5.87522173241767,4715.996550665961,53.88354515583904
5.876008926326945,4720.628857082791,60.83159653944947
5.876796120236219,4736.128858778212,70.02498593363147
5.877583314145493,4747.735044691298,64.98868343457426
5.8783705080547675,4741.275473700629,55.52143718850678
5.879157701964042,4759.288576761882,60.587019757428585
5.879944895873316,4755.545941670735,69.83520195949063
5.88073208978259,4781.2732993231875,66.6374085102076
5.881519283691865,4768.965410020616,56.92748553824588
5.882306477601139,4752.213022020128,58.857579341345954
5.883093671510413,4748.044941372342,68.25975050712846
5.8838808654196875,4741.7659428914385,66.38946238761672
5.884668059328962,4749.851694742839,57.69041588263391
5.885455253238235,4747.92728000217,57.476854537434434
5.886242447147509,4750.020324707031,67.5534272938939
5.887029641056784,4753.551018608941,67.17498115865206
5.887816834966058,4757.884944491916,59.2239844889785
5.888604028875332,4768.7065845065645,58.51962889784194
5.889391222784607,4753.919303894043,67.15650161409496
5.890178416693881,4763.717752244737,67.6407860490353
5.890965610603155,4760.308652242024,60.27983000358436
5.891752804512429,4763.156813727484,58.803639662526024
5.892539998421704,4762.917623731825,65.18690109434583
5.893327192330978,4757.286728752984,66.22274573074881
5.894114386240252,4735.883229573567,60.211882524493724
5.894901580149527,4738.606124030219,58.68736851653658
5.895688774058801,4750.6238208346895,63.44147812230893
5.896475967968075,4742.2473712497285,65.49543239227339
5.897263161877349,4753.46203189426,60.746118333732596
5.898050355786623,4768.635477701823,59.99674443442831
5.898837549695897,4775.969200134277,64.45700745039049
5.899624743605171,4798.8510988023545,67.69636072552849
5.900411937514446,4779.248902214898,62.45562656095044
5.90119913142372,4782.837325202094,60.693542156963744
5.901986325332994,4788.523604498969,64.75430669633754
5.902773519242269,4784.0061933729385,66.14196140341639
5.903560713151543,4790.73258972168,61.69013261617083
5.904347907060817,4796.290038214789,60.686418736794884
5.905135100970091,4804.812989128961,64.94504860836689
5.905922294879366,4800.844662136502,65.51803240974256
5.90670948878864,4809.757826063368,61.27152095827535
5.907496682697914,4814.022312588162,59.66690032911427
5.908283876607189,4793.332167731391,64.14450858126183
5.909071070516462,4789.640740288629,66.02442762441656
5.909858264425736,4800.631692674425,62.76455097065698
5.9106454583350105,4797.373142666287,60.54797974383749
5.911432652244285,4784.8074790106875,64.32382045970081
5.912219846153559,4779.242610507541,67.13639931527173
5.913007040062833,4780.9292068481445,62.4580444819027
5.913794233972108,4784.830624898274,59.836619557087964
5.914581427881382,4776.587204827203,62.56878610461196
5.915368621790656,4783.456839667426,66.64134647627496
5.9161558156999305,4787.895886739095,61.89105761608986
5.916943009609205,4767.284655253093,58.45116312970155
5.917730203518479,4778.9813071356875,61.20304310536234
5.918517397427753,4767.893881903754,67.29422019039905
5.919304591337028,4760.310329861111,64.05204277688108
5.920091785246302,4791.836833530002,60.31830361497702
5.920878979155575,4759.017215304904,61.66811099759775
5.92166617306485,4756.82612186008,66.83033684062418
5.922453366974124,4779.112722608778,66.19180578064399
5.923240560883398,4779.68819003635,59.51057665349312
5.9240277547926725,4785.151774936252,60.718165190368225
5.924814948701947,4782.614340888129,65.39578142508333
5.925602142611221,4787.958761427138,66.22133710989728
5.926389336520495,4793.11454518636,59.63485673905068
5.92717653042977,4787.6672931247285,59.41675984600956
5.927963724339044,4785.398631625705,64.83375609954226
5.928750918248318,4776.02707417806,67.30264289044584
5.9295381121575925,4773.955663045247,61.52218517907055
5.930325306066867,4794.734015570746,59.71626632051451
5.931112499976141,4789.580574883355,64.76966553242808
5.931899693885415,4783.324362013075,66.85191454384156
5.932686887794689,4780.7433522542315,62.90266422540338
5.933474081703963,4772.906644185384,59.16879795978874
5.934261275613237,4786.605532328288,63.153475017519156
5.935048469522512,4784.292977227105,66.02559046992295
5.935835663431786,4785.055942111545,63.530734203232456
5.93662285734106,4780.932622273763,59.34640603232132
5.9374100512503345,4795.372974819607,61.7353933179334
5.938197245159609,4778.606431749132,66.418833292243
5.938984439068883,4782.234390258789,63.82763424232717
5.939771632978157,4800.388607449002,59.74169246262775
5.940558826887432,4785.252226935492,60.86640795781574
5.941346020796706,4794.45716518826,67.01176121264017
5.94213321470598,4779.401120503743,64.93266745194016
5.9429204086152545,4802.350594414605,60.590053551589996
5.943707602524529,4783.284323798285,60.5433833030717
5.944494796433802,4769.128133985731,66.09704928696327
5.9452819903430765,4776.79864332411,66.43095249930548
5.946069184252351,4767.775655110677,59.44960746281316
5.946856378161625,4770.1719801161025,59.07698611059864
5.947643572070899,4777.692184448242,63.94554635350259
5.948430765980174,4782.1110602484805,67.19625280571447
5.949217959889448,4800.6973715888125,61.0394806955548
5.950005153798722,4795.029282463922,58.45407808211535
5.9507923477079965,4788.0047115749785,62.98086163870719
5.951579541617271,4779.786847432454,68.35464484746011
5.952366735526545,4792.165896097819,64.52714794897933
5.953153929435819,4799.372595893012,57.82455264885681
5.953941123345094,4794.867401970758,61.23111525892143
5.954728317254368,4805.478604634603,68.54085768218025
5.955515511163642,4797.800726996527,66.81787376372712
5.956302705072916,4793.961650424533,57.889026381788625
5.95708989898219,4793.721095614963,58.81969826617642
5.957877092891464,4807.9652099609375,66.34602140049375
5.9586642868007385,4791.781984965007,68.49566493855329
5.959451480710013,4806.653935750325,60.63057763541472
5.960238674619287,4815.679410298665,56.12864145504825
5.961025868528561,4797.805696275499,63.059641359497135
5.961813062437836,4783.7289030287,69.70819827084694
5.96260025634711,4805.151379055447,65.26641926961622
5.963387450256384,4818.712501525879,56.543169226138524
5.9641746441656585,4821.659940931532,59.935597537811596
5.964961838074933,4831.362757364909,68.65676975902781
5.965749031984207,4799.238614400228,67.60362382557378
5.966536225893481,4784.331891377767,58.48371425908214
5.967323419802756,4792.007052103679,55.95638332517447
5.968110613712029,4803.753696865506,65.32568316024712
5.968897807621303,4806.718949211969,69.90285568243844
5.969685001530578,4818.134955512152,62.2452296118944
5.970472195439852,4824.057556152344,55.41586039795573
5.971259389349126,4810.690871344672,60.764115812664535
5.9720465832584,4817.780502319336,68.97640387697622
5.972833777167675,4833.561119927301,66.81304609816698
5.973620971076949,4834.990306430393,58.677492826451655
5.974408164986223,4833.680827670627,57.583215744596565
5.975195358895498,4835.649409823947,66.5881515429909
5.975982552804772,4848.724883185492,69.37398602870867
5.976769746714046,4844.565214369032,62.10033115398431
5.97755694062332,4825.834229363336,56.38804469168321
5.978344134532595,4834.328909979926,61.835852525912124
5.979131328441869,4834.4638112386065,67.99884867884475
5.979918522351142,4838.318852742513,65.0912234273415
5.980705716260417,4854.6176020304365,58.84932084562081
5.981492910169691,4856.703971862793,59.22608283165361
5.982280104078965,4873.36174943712,66.35100846675677
5.9830672979882396,4871.249451531305,67.66882703197112
5.983854491897514,4853.577859666612,62.338216119864995
5.984641685806788,4839.038185119629,58.523878955377754
5.985428879716062,4853.407320658366,62.69213115708914
5.986216073625337,4847.209419250488,66.59739226916794
5.987003267534611,4838.474278767903,65.78329371941358
5.987790461443885,4822.168477376302,60.71508638565724
5.98857765535316,4835.687294854059,60.86734108873212
5.989364849262434,4831.97902086046,63.96069501602597
5.990152043171708,4828.970465766059,63.86038292945935
5.990939237080982,4840.811780293782,62.36612129421803
5.991726430990256,4848.035595364041,60.4591781131782
5.99251362489953,4849.723934597439,62.67842055292031
5.993300818808804,4856.407936943902,63.135990584569534
5.994088012718079,4865.227093166775,63.642864526624074
5.994875206627353,4875.706218295627,63.166356750340015
5.995662400536627,4875.998313056098,63.07782992874481
5.9964495944459015,4865.657745361328,62.96246994036751
5.997236788355176,4869.547393798828,62.56257778663274
5.99802398226445,4880.665166219075,64.55156765065968
5.998811176173724,4887.981006198459,64.3386133858371
5.999598370082999,4856.799555460612,63.141046024653384
6.000385563992273,4861.905717637804,60.29134812500208
6.001172757901547,4883.743862575955,61.658739587583334
6.0019599518108215,4871.80374399821,64.30738465098172
6.002747145720096,4898.628402709961,65.3021448840987
6.003534339629369,4883.272083706326,61.80207324870635
6.0043215335386435,4887.859833611383,58.686458882220435
6.005108727447918,4898.567623562283,63.74849024193514
6.005895921357192,4890.952614678277,67.64750002343153
6.006683115266466,4892.184648301866,65.24806460027544
6.007470309175741,4916.866550021701,59.44169922337951
6.008257503085015,4914.358256022136,59.18409453260461
6.009044696994289,4892.911944919162,66.38208088413232
6.0098318909035635,4894.635772705078,67.8604105675202
6.010619084812838,4889.033401489258,61.134252668066104
6.011406278722112,4889.288655598958,55.51457794484883
6.012193472631386,4894.644309149848,60.56757816626654
6.012980666540661,4902.933936225043,68.9270773967092
6.013767860449935,4884.271851433648,66.54089779647812
6.014555054359209,4876.299688551161,57.93275211952098
6.015342248268483,4890.7561272515195,55.653297478874364
6.016129442177757,4899.613043891059,65.44958135328409
6.016916636087031,4908.040118747287,71.43039472580853
6.0177038299963055,4894.790751139323,63.5729175293801
6.01849102390558,4904.665289984809,55.15837046658845
6.019278217814854,4906.124721950955,57.647871468611974
6.020065411724128,4906.744250827365,69.34997083735408
6.020852605633403,4908.894821166992,69.96955223609392
6.021639799542677,4892.592815823025,58.38875210597262
6.022426993451951,4875.583787706163,52.926231996520315
6.0232141873612255,4887.727527194553,60.22065828049704
6.0240013812705,4894.677081637912,70.28737744233474
6.024788575179774,4893.126502143012,66.41844779607642
6.025575769089048,4886.990136040582,55.439707835594426
6.026362962998323,4891.703277587891,54.46644839137301
6.027150156907596,4910.85087246365,65.98747794263396
6.02793735081687,4908.436508178711,72.18989461963936
6.028724544726145,4923.967770046658,63.11516022799165
6.029511738635419,4922.770992702908,53.96016530884945
6.030298932544693,4909.380677964952,57.566151554060504
6.0310861264539675,4897.848356458876,68.98686339960233
6.031873320363242,4902.646223280165,69.67764490510469
6.032660514272516,4902.434761895074,58.02832718258211
6.03344770818179,4909.2093675401475,53.153719675242954
6.034234902091065,4907.423721313477,60.86346303361636
6.035022096000339,4906.908394707574,70.84157388688924
6.035809289909613,4910.398880004883,67.23164102446319
6.0365964838188875,4930.067226833768,56.47479006316769
6.037383677728162,4891.200286865234,57.90100563943931
6.038170871637436,4817.47883605957,69.73516660212726
6.038958065546709,4788.296408759223,74.03696102608257
6.039745259455984,4823.348497178819,66.46224083651661
6.040532453365258,4890.465408325195,56.88041689009482
6.041319647274532,4919.965069240994,58.252663200454926
6.042106841183807,4916.250094943576,66.60143454518422
6.042894035093081,4939.300908406575,68.99317832838142
6.043681229002355,4937.400031195746,61.13521949255385
6.0444684229116294,4938.152911716037,55.69758269491184
6.045255616820904,4920.943471272786,60.85779409478986
6.046042810730178,4909.550079345703,66.64747101357038
6.046830004639452,4924.250018649631,66.27429795395918
6.047617198548727,4916.0219489203555,59.938415795748156
6.048404392458001,4923.1626875135635,57.898979636299174
6.049191586367275,4931.573143853082,63.69985323870564
6.0499787802765495,4932.277126736111,67.69007149513783
6.050765974185823,4925.884948730469,65.7368076432843
6.051553168095097,4936.232440524631,60.340538805813054
6.052340362004371,4939.6776445176865,60.60293967057332
6.053127555913646,4938.091094970703,64.4354368141348
6.05391474982292,4938.12452867296,64.9987916226728
6.054701943732194,4924.398322211371,63.02079942248809
6.055489137641469,4922.344000922309,59.67760648799766
6.056276331550743,4917.502631293402,61.58906976065876
6.057063525460017,4934.118511623807,63.056550023675044
6.057850719369291,4921.162406073676,62.624346886417115
6.058637913278566,4931.759336683485,63.020458407408945
6.05942510718784,4918.735198974609,62.21926558876961
6.060212301097114,4907.876712375217,63.492570095509414
6.060999495006389,4913.36331515842,62.641295776180904
6.061786688915663,4919.7385660807295,62.14080023880357
6.062573882824936,4931.693979899089,63.501739570738756
6.0633610767342105,4939.97760687934,64.16456929875798
6.064148270643485,4932.501641167535,62.8639380361594
6.064935464552759,4941.595221625434,60.087258970935274
6.065722658462033,4948.671108669705,60.92634963192163
6.066509852371308,4933.146852281358,63.36734658902186
6.067297046280582,4938.000581529405,65.42520119891964
6.068084240189856,4923.973893907335,62.16225034894048
6.0688714340991305,4929.105572170682,58.5000546582199
6.069658628008405,4938.515982733832,61.13660829123025
6.070445821917679,4950.74697028266,65.97378690463272
6.071233015826953,4945.371088663737,67.56664560777412
6.072020209736228,4942.4935353597,62.31908633943905
6.072807403645502,4956.690300835504,58.494860422092636
6.073594597554776,4957.104570176866,62.15173278065917
6.07438179146405,4954.019168429904,67.63002279851897
6.075168985373324,4956.060499403212,67.21112059706289
6.075956179282598,4965.350107828776,59.617744735593725
6.0767433731918725,4969.027491251628,57.15416479043482
6.077530567101147,4965.530726114909,62.37165014492581
6.078317761010421,4960.187808566623,67.98987004852245
6.079104954919695,4949.28207567003,66.40245057586725
6.07989214882897,4951.849190606012,58.08407664479397
6.080679342738244,4955.500327216254,57.28010099727373
6.081466536647518,4957.266893174913,64.1066831957132
6.0822537305567925,4952.846527099609,69.67720681207264
6.083040924466067,4961.0871175130205,66.30813648443635
6.083828118375341,4960.332521226671,57.18043905170456
6.084615312284615,4955.527116563585,57.57020686921348
6.08540250619389,4964.350102742513,65.30407972563678
6.086189700103163,4973.4355231391055,69.90753012029515
6.086976894012437,4958.217112223308,64.14169172226262
6.087764087921712,4957.609624226888,55.61056496821626
6.088551281830986,4954.895329793294,57.53784580475385
6.08933847574026,4960.199250962999,65.62268814536898
6.0901256696495345,4985.453716701932,69.21089576013577
6.090912863558809,4999.360697428386,63.74886751315574
6.091700057468083,4986.544491238064,56.496921471940304
6.092487251377357,4974.32191128201,59.26751782191638
6.093274445286632,4976.483964708116,67.93746167037366
6.094061639195906,4986.675526936849,69.48900378551154
6.09484883310518,5000.874791463216,62.97053879242638
6.0956360270144545,5002.042916191949,56.95768890200574
6.096423220923729,4993.577089097765,60.4058543917334
6.097210414833003,4993.517576429579,67.88990564638533
6.0979976087422765,5006.250038994684,67.31781608104997
6.098784802651551,4984.764275444879,60.55448566811935
6.099571996560825,4992.993106418186,56.7775991215596
6.100359190470099,4994.823279486762,61.282606606860305
6.101146384379374,5005.672749837239,68.74218265893379
6.101933578288648,4999.6102125379775,66.56387336604419
6.102720772197922,5005.926347520616,61.074503388401745
6.1035079661071965,5008.342398749457,58.57535445573441
6.104295160016471,5015.05807156033,62.81637487302408
6.105082353925745,5040.185592651367,69.63435978059123
6.105869547835019,5080.84504699707,66.19817536326339
6.106656741744294,5166.894607543945,61.12917734665332
6.107443935653568,5284.331517537435,60.95027057741445
6.108231129562842,5404.058024088542,66.16395883875114
6.1090183234721165,5429.250917222765,71.09003004050705
6.10980551738139,5351.954215155707,66.00029684314455
6.110592711290664,5295.0734439426,60.28322588208779
6.1113799051999385,5207.6754964192705,60.840277382446644
6.112167099109213,5149.884550306532,65.44627519430014
6.112954293018487,5094.682430691189,68.82712196141193
6.113741486927761,5064.901275634766,64.3523213546224
6.114528680837036,5045.146979437934,58.89193389223037
6.11531587474631,5039.097825792101,61.38674157506325
6.116103068655584,5043.574278089735,66.59223766408199
6.1168902625648585,5046.217012193468,69.51572268575683
6.117677456474133,5017.712275187175,63.82928133917407
6.118464650383407,5014.478325737848,57.74102419599108
6.119251844292681,5037.835683186849,61.401632893686475
6.120039038201956,5043.432849460178,66.7670642597656
6.120826232111229,5058.966100056966,68.25897097221952
6.121613426020503,5027.2242753770615,62.306030271146916
6.122400619929778,5031.921890258789,56.94016181782211
6.123187813839052,5049.469026353624,61.24001547416254
6.123975007748326,5070.651433308919,67.9251208060527
6.1247622016576,5072.286605834961,68.63442900552859
6.125549395566875,5066.466078016493,63.350367124253744
6.126336589476149,5090.2239006890195,58.31279209836868
6.127123783385423,5086.032184176975,61.5702939709287
6.127910977294698,5101.519248114691,68.88646096198077
6.128698171203972,5102.711829291449,68.70504523807726
6.129485365113246,5075.559051513672,62.81989526544018
6.13027255902252,5090.194139268663,58.08474054829102
6.131059752931795,5088.678702460395,60.51754294494922
6.131846946841069,5078.28889465332,67.57357220464279
6.132634140750342,5084.51476542155,67.60434395797296
6.133421334659617,5087.387924194336,62.767959339823584
6.134208528568891,5119.374016655816,58.94560223742055
6.134995722478165,5127.68682691786,60.3238191908015
6.13578291638744,5144.864469740126,67.89150156056316
6.136570110296714,5152.206719292535,69.20266775500004
6.137357304205988,5174.567893134223,65.07465612475484
6.138144498115262,5175.219212849935,61.26696169478144
6.138931692024537,5175.82347785102,61.298320998996296
6.139718885933811,5201.709062364366,67.71684520726654
6.140506079843085,5202.935000949436,68.87230328336875
6.14129327375236,5228.670001559787,65.48216304828355
6.142080467661634,5237.230277167426,62.18550242540294
6.142867661570908,5233.846794976129,61.967793504517545
6.143654855480182,5229.050760904948,66.12120252179331
6.144442049389456,5225.121646457248,67.61253249395887
6.14522924329873,5242.940256754558,64.93191392763403
6.146016437208004,5261.747955322266,63.30627374394256
6.146803631117279,5265.676227145725,63.477268901268815
6.147590825026553,5274.708201090495,66.4156621321032
6.148378018935827,5278.985911051433,67.49505506661825
6.1491652128451015,5307.110366821289,66.27050179329794
6.149952406754376,5312.572304619684,65.27001893648917
6.15073960066365,5313.447918362088,65.53179004878926
6.151526794572924,5310.446283976237,66.15490249322501
6.152313988482199,5309.730529785156,65.47210299330558
6.153101182391473,5307.817092895508,64.29950606482197
6.153888376300747,5316.116434733073,64.97143785904574
6.1546755702100215,5313.100962320964,65.47336940362611
6.155462764119296,5316.1649000379775,66.12780527586659
6.156249958028569,5302.342608981662,64.20751412282159
6.1570371519378435,5301.6325446234805,62.18129402816531
6.157824345847118,5325.973975287543,64.5710058488842
6.158611539756392,5328.164666069879,67.5958577698077
6.159398733665666,5348.0051676432295,68.83082410969823
6.160185927574941,5373.585789998372,66.00368431640364
6.160973121484215,5386.798338148329,62.32022847422968
6.161760315393489,5389.768614027235,64.12804212897234
6.1625475093027635,5385.800962660048,68.73754636010347
6.163334703212038,5391.0400153266055,70.51517038367356
6.164121897121312,5201.1368408203125,64.13223260522064
6.164909091030586,5182.361339992947,58.11548242696091
6.165696284939861,5282.0039961073135,58.686869581162895
6.166483478849135,5401.123446994357,67.1117316376005
6.167270672758409,5411.870690239801,71.49572303168802
6.168057866667683,5402.747918023004,68.57379280162478
6.168845060576957,5404.7536061604815,60.89353108604634
6.169632254486231,5431.129830254449,59.02706424099194
6.1704194483955055,5449.750159369574,66.05461213677853
6.17120664230478,5452.106611463759,73.82837238779277
6.171993836214054,5455.18394809299,72.45914871986463
6.172781030123328,5470.1791754828555,63.654835497746554
6.173568224032603,5484.483154296875,58.21269505510517
6.174355417941877,5494.405146280925,62.53828975219816
6.175142611851151,5512.353368123372,72.60527660267714
6.1759298057604255,5480.185204399957,74.3464928499593
6.1767169996697,5485.306479560004,65.97249110015407
6.177504193578974,5472.138690524631,57.525661344536786
6.178291387488248,5470.3308529324,58.564421826767735
6.179078581397523,5484.09107293023,68.60445513016438
6.179865775306796,5488.788165622287,75.86374951925255
6.18065296921607,5509.355816311307,70.3355752941907
6.181440163125345,5519.782124837239,60.41471431612206
6.182227357034619,5513.820458306207,57.82195020235974
6.183014550943893,5526.510572645399,64.86557153551281
6.1838017448531675,5566.650394015842,75.5027403015688
6.184588938762442,5539.253241644965,73.88597972590944
6.185376132671716,5559.627258300781,63.42250092883139
6.18616332658099,5562.893368191189,57.470980258692286
6.186950520490265,5576.501117282443,61.12117072519437
6.187737714399539,5559.102608574762,70.5551878908596
6.188524908308813,5541.798134697809,74.53030824951446
6.1893121022180875,5573.319883558485,68.08402252427213
6.190099296127362,5565.693247477214,59.28719897585304
6.190886490036636,5563.614876641168,59.00356455491631
6.1916736839459094,5567.851194593642,67.12660160106095
6.192460877855184,5550.054212782118,74.76583086373094
6.193248071764458,5565.812547471788,73.22529553631605
6.194035265673732,5548.7523362901475,63.722201613618815
6.194822459583007,5519.419947306315,58.82786555777489
6.195609653492281,5610.983067830403,63.88634331510288
6.196396847401555,5621.629391140408,70.8476104806927
6.1971840413108294,5611.3126712375215,73.79262331659463
6.197971235220104,5631.786358303494,68.47871341719089
6.198758429129378,5612.51119656033,61.02650949176941
6.199545623038652,5609.264843410916,61.626808868668
6.200332816947927,5586.543106079102,67.01871981483933
6.201120010857201,5577.990154690213,70.38863409500271
6.201907204766475,5606.517823961046,70.50611829398468
6.2026943986757495,5603.840016682942,65.73292252313193
6.203481592585023,5610.430718315973,62.65151725121371
6.204268786494297,5602.5939704047305,66.13447379327494
6.205055980403571,5616.02567715115,69.63604645145335
6.205843174312846,5650.006540934245,71.21473406117818
6.20663036822212,5660.232367621527,70.02616952142571
6.207417562131394,5651.523802015517,65.48923998447445
6.208204756040669,5652.1583421495225,65.33353645135234
6.208991949949943,5656.282825046115,67.8610982873459
6.209779143859217,5647.154966566298,67.30939496685211
6.210566337768491,5639.597527398004,68.40118858366543
6.211353531677766,5625.819781833225,67.69615221518917
6.21214072558704,5652.862350463867,66.24857552031212
6.212927919496314,5632.371827867296,67.78817334558022
6.213715113405589,5623.976016574436,66.98255905534876
6.214502307314863,5630.812801784939,66.07492484018589
6.215289501224136,5628.33901807997,69.20992531384742
6.2160766951334105,5640.934158325195,69.73762843077856
6.216863889042685,5632.402782864041,68.92617170856528
6.217651082951959,5651.473173353407,68.39450158636063
6.218438276861233,5659.49274359809,64.95938639197645
6.219225470770508,5655.701663547092,66.27356611060603
6.220012664679782,5657.110348171658,70.33974949431348
6.220799858589056,5629.81276957194,70.55378963344111
6.2215870524983306,5639.964431762695,69.36938989421802
6.222374246407605,5642.214953952365,65.17790026136926
6.223161440316879,5623.046888563368,61.78933938698839
6.223948634226153,5627.063685099284,65.86708105148684
6.224735828135428,5627.35727098253,71.29037581879916
6.225523022044702,5612.541341145833,72.89313657710458
6.226310215953976,5612.050686306424,69.50226476391995
6.22709740986325,5597.321022881402,63.113500458735615
6.227884603772524,5609.806399875217,62.582487417085105
6.228671797681798,5632.4840087890625,68.68465539671104
6.2294589915910725,5644.379803127713,74.3742338260034
6.230246185500347,5648.666868421767,73.37654426181818
6.231033379409621,5639.52301703559,66.00871351391908
6.231820573318895,5637.969468858507,60.91704029055838
6.23260776722817,5635.385089450412,63.19606987402915
6.233394961137444,5640.950163099501,69.9803152234898
6.234182155046718,5617.257968478732,74.66674741141972
6.2349693489559925,5608.5686442057295,71.18464590869425
6.235756542865267,5597.9520924886065,63.00034377111031
6.236543736774541,5574.75452846951,59.62909469773584
6.237330930683815,5563.12092590332,64.17964751403939
6.23811812459309,5580.73818122016,72.69131951392639
6.238905318502363,5569.651443481445,75.84777666046863
6.239692512411637,5567.263285319011,69.28875082253398
6.240479706320912,5582.17640346951,61.830888951438
6.241266900230186,5593.11025153266,61.12054911842833
6.24205409413946,5605.90022277832,67.38165504220667
6.2428412880487345,5589.878156873915,74.31017571907049
6.243628481958009,5584.5765550401475,73.723141668805
6.244415675867283,5581.767018636067,66.79251719773033
6.245202869776557,5581.558514065213,60.74503983570419
6.245990063685832,5553.002468532986,61.462604400785786
6.246777257595106,5554.7350023057725,68.73620942276402
6.24756445150438,5566.220711602105,74.6677708429609
6.2483516454136545,5555.324256049262,71.5510599921827
6.249138839322929,5554.734144422743,65.49375970395877
6.249926033232203,5539.056040445964,61.29023179084976
6.2507132271414765,5553.51052347819,63.969801494710154
6.251500421050751,5562.9039306640625,71.9662311666157
6.252287614960025,5569.280487060547,74.43123254534183
6.253074808869299,5557.42596605089,69.35166297940667
6.253862002778574,5584.319515652127,65.00063183650795
6.254649196687848,5572.643966674805,62.513692421032744
6.255436390597122,5550.623101128473,65.3967977145429
6.2562235845063965,5547.8954518636065,72.09863198980388
6.257010778415671,5554.853663126628,72.06598936735281
6.257797972324945,5549.916602240668,66.75877340605271
6.258585166234219,5536.42234632704,64.08588140980967
6.259372360143494,5535.220218234592,63.421792587503276
6.260159554052768,5535.093607584636,67.62802053657349
6.260946747962042,5544.49265882704,72.70767180434004
6.2617339418713165,5518.165512084961,70.23604227937967
6.26252113578059,5497.123092651367,65.7012644854269
6.263308329689864,5514.429251776801,64.99816670857518
6.2640955235991385,5531.166754828559,65.70433160670412
6.264882717508413,5519.266370985243,69.09537605895815
6.265669911417687,5521.525887383355,71.57521836958615
6.266457105326961,5513.798261854384,68.36117564682101
6.267244299236236,5525.557188245985,64.89443034269436
6.26803149314551,5518.29975382487,65.39844206565712
6.268818687054784,5503.4461839463975,67.07015436086368
6.2696058809640585,5524.687686496311,70.68777561611513
6.270393074873333,5546.819736056857,70.65634436359997
6.271180268782607,5528.308154635959,67.14405895366096
6.271967462691881,5503.357352362738,64.43717017435709
6.272754656601156,5501.234176635742,65.78925698517308
6.27354185051043,5498.428541395399,69.49117490036969
6.274329044419703,5496.163687811957,71.16223589445663
6.275116238328978,5510.1890699598525,69.37873910265195
6.275903432238252,5505.292256673177,66.43892951505711
6.276690626147526,5491.489295111762,64.63222897198526
6.2774778200568,5485.376710679796,66.81633665823082
6.278265013966075,5509.489747789171,71.61051912439707
6.279052207875349,5501.8392384847,71.53355952807512
6.279839401784623,5475.389188978407,66.81641157543369
6.280626595693898,5504.685275607639,65.07435926130766
6.281413789603172,5509.53502231174,64.38089994154971
6.282200983512446,5489.209092881944,66.17447408017718
6.28298817742172,5442.491249932184,71.39917584923451
6.283775371330995,5447.373875935872,71.16716444089379
6.284562565240269,5473.925111558702,66.5272116626224
6.285349759149543,5475.927727593316,65.00869589423199
6.286136953058817,5465.140908135309,64.86403694264227
6.286924146968091,5468.527426825629,66.94678891072238
6.287711340877365,5490.323703342014,71.97230563419708
6.28849853478664,5472.270585801866,70.81759824031342
6.289285728695914,5493.197840372722,66.1252318731751
6.290072922605188,5489.273746066623,64.66588336853918
6.290860116514462,5471.184577094184,64.98056920062838
6.291647310423737,5489.415337456598,67.50313923091686
6.292434504333011,5484.224655151367,71.43361239309337
6.293221698242285,5494.768712361653,70.75731272406321
6.29400889215156,5491.724124484592,65.71445497359765
6.294796086060834,5480.746827867296,64.31095439044755
6.295583279970108,5475.898961385091,65.96648761656371
6.296370473879382,5468.758410983615,68.35960828631706
6.297157667788657,5449.966557820638,70.40163292468308
6.29794486169793,5454.946465386285,69.8213689882124
6.298732055607204,5467.008305867513,66.06170677803775
6.299519249516479,5464.787216186523,65.03995352012687
6.300306443425753,5460.481960720486,66.94307029185316
6.301093637335027,5471.160057915582,69.07926451377276
6.3018808312443015,5453.6238216824,69.96000864035474
6.302668025153576,5445.318130493164,67.53655638285453
6.30345521906285,5436.354641384549,64.97680311562067
6.304242412972124,5442.949469672309,64.0987473630026
6.305029606881399,5463.122684054904,66.7410451250345
6.305816800790673,5445.743849012587,69.62983348361492
6.306603994699947,5459.4501953125,70.1829764803771
6.3073911886092215,5461.905854966905,67.22095650619087
6.308178382518496,5442.6209225124785,64.66016415032536
6.30896557642777,5451.871602376302,65.37551017960614
6.3097527703370435,5442.917588975694,67.62323162065172
6.310539964246318,5457.932834201389,71.73714146125629
6.311327158155592,5434.130447387695,71.0576555013194
6.312114352064866,5454.432388305664,66.10256057430672
6.312901545974141,5448.525297376845,63.21838211257615
6.313688739883415,5435.100184122722,64.29770161063313
6.314475933792689,5419.287773980035,67.16103656129616
6.3152631277019635,5407.4753655327695,71.26309512538431
6.316050321611238,5424.906963772244,71.7515194173629
6.316837515520512,5427.1006266276045,65.6784283223484
6.317624709429786,5421.47923956977,61.045874990212965
6.318411903339061,5420.764846801758,62.14278158390788
6.319199097248335,5415.558207194011,66.88216373919117
6.319986291157609,5430.028098212348,72.28701772694784
6.3207734850668835,5420.097686767578,73.48766713527587
6.321560678976157,5444.552497016059,67.77687825834666
6.322347872885431,5433.468141343858,61.216281271649784
6.3231350667947055,5433.293229844835,60.454467511974116
6.32392226070398,5424.735231187608,65.35064377495658
6.324709454613254,5392.631705390082,71.2858181465672
6.325496648522528,5410.926756117079,74.21754377579082
6.326283842431803,5401.050198025174,69.07511260111703
6.327071036341077,5368.4750417073565,61.05547920324763
6.327858230250351,5333.679551866319,58.07020232584393
6.3286454241596255,5358.2933841281465,61.37027530942321
6.3294326180689,5370.936898125543,68.95687826958098
6.330219811978174,5379.574428982205,74.13173328394947
6.331007005887448,5401.807644314236,71.8125694143814
6.331794199796723,5404.961383395725,64.39160468131954
6.332581393705997,5416.503455268012,59.318227122587025
6.33336858761527,5419.3749101426865,60.1629724885378
6.334155781524545,5429.050927056207,66.93104952750276
6.334942975433819,5405.527304755316,73.46327707573252
6.335730169343093,5393.102305094401,73.15697239840874
6.3365173632523675,5405.939848158095,67.02055993328871
6.337304557161642,5386.2536061604815,60.498037176619576
6.338091751070916,5396.631888495551,58.791717591771246
6.33887894498019,5382.111175537109,62.776709780960694
6.339666138889465,5370.625784979926,69.00259588109095
6.340453332798739,5372.7498118082685,71.35642087807622
6.341240526708013,5366.350357055664,68.77895904449909
6.3420277206172875,5381.950992160373,64.3387284792962
6.342814914526562,5380.063881768121,60.31412443283721
6.343602108435836,5386.219618055556,61.73310345400713
6.34438930234511,5383.386262681749,66.81325730932062
6.345176496254384,5396.50116136339,70.6518580641977
6.345963690163658,5424.36895582411,70.76992211775185
6.346750884072932,5413.20221625434,67.92586928793861
6.347538077982207,5409.240658230252,63.81643380632007
6.348325271891481,5374.783727010091,61.811116764594686
6.349112465800755,5369.780502319336,65.26263808937176
6.3498996597100295,5364.964664035373,67.76379221421293
6.350686853619304,5335.744569566515,66.69983663048227
6.351474047528578,5357.623867458768,66.72681127404066
6.352261241437852,5361.802968343099,65.63625054562497
6.353048435347127,5365.808815850152,64.10472356672632
6.353835629256401,5333.979965209961,64.76900734342487
6.354622823165675,5338.810129801433,68.13530539530181
6.3554100170749495,5348.587275187175,67.15790884457095
6.356197210984224,5378.01845465766,66.08187022296217
6.356984404893497,5394.243340386285,67.64995989051627
6.357771598802771,5389.041534423828,67.83899912775983
6.358558792712046,5399.17185804579,67.6285253834757
6.35934598662132,5389.081086900499,68.04284280250913
6.360133180530594,5385.357048882379,66.38984161058406
6.360920374439869,5383.530805799696,63.07614499989226
6.361707568349143,5382.62538825141,63.51096052573999
6.362494762258417,5374.077209472656,66.56826088210106
6.363281956167691,5372.88101026747,68.63406376828563
6.364069150076966,5361.214502970378,69.72870003244705
6.36485634398624,5355.664076063368,68.01769726630918
6.365643537895514,5342.177503797743,62.78944703830641
6.366430731804789,5357.577134874132,60.512886994323026
6.367217925714063,5354.042670355902,63.191744432500975
6.368005119623337,5371.448637220595,69.04467173015702
6.3687923135326105,5378.700190226237,72.66680872410868
6.369579507441885,5408.664789835612,72.8184738517948
6.370366701351159,5380.940236409505,66.60374143305141
6.371153895260433,5378.740668402777,60.420322601250845
6.371941089169708,5388.240375094943,59.068891272559945
6.372728283078982,5397.560875786676,63.28931274138513
6.373515476988256,5382.799109564887,70.4243248701758
6.3743026708975306,5355.738950941298,74.65027915674365
6.375089864806805,5374.354281955295,72.31152379146384
6.375877058716079,5370.230499267578,64.35524545728408
6.376664252625353,5375.912285698785,58.540782018668494
6.377451446534628,5348.7655351426865,57.88825211505094
6.378238640443902,5335.698805067274,63.17776827865244
6.379025834353176,5351.849889119466,72.86682272554765
6.379813028262451,5337.76656765408,76.77345118967867
6.380600222171724,5359.167426215277,71.94064152630818
6.381387416080998,5372.740195380316,63.161960363395025
6.3821746099902725,5369.348909166124,58.021065386229765
6.382961803899547,5377.24624464247,58.663573517305885
6.383748997808821,5385.136688232422,64.76594151461425
6.384536191718095,5372.726859198676,74.08322888226516
6.38532338562737,5379.8308342827695,76.83948253177915
6.386110579536644,5385.122304280599,69.94679709401377
6.386897773445918,5371.032290988498,61.7421212464549
6.3876849673551925,5359.639041476779,57.33229171698429
6.388472161264467,5343.1119215223525,58.456953039289004
6.389259355173741,5331.575965033637,64.62850559445481
6.390046549083015,5314.955074734158,72.76377679115811
6.39083374299229,5323.2174886067705,74.87270924666083
6.391620936901564,5334.670291476779,69.67638909505621
6.392408130810837,5354.203652275934,62.72846024554925
6.393195324720112,5359.118645562066,58.90506658931842
6.393982518629386,5361.45354546441,60.33966134603371
6.39476971253866,5373.362677680121,66.91039646438539
6.3955569064479345,5359.345069037543,71.83519544072406
6.396344100357209,5367.231709798177,72.33314492008574
6.397131294266483,5389.312984890408,69.02555457028261
6.397918488175757,5369.022596571181,62.979095313053826
6.398705682085032,5370.93250020345,59.88363174778467
6.399492875994306,5365.053671942816,61.513535199352866
6.40028006990358,5361.911794026692,67.0625468342781
6.4010672638128545,5330.304645114475,69.67276737562139
6.401854457722129,5323.517115275065,69.34124094201428
6.402641651631403,5337.817582872179,68.19636135707871
6.403428845540677,5331.008514404297,64.9983657872856
6.404216039449951,5347.186442057292,62.9684977785524
6.405003233359225,5334.927664862738,64.01271576758722
6.405790427268499,5328.752610948351,67.72654271486016
6.406577621177774,5356.642269558377,68.70257692669647
6.407364815087048,5368.99929300944,67.37833882205705
6.408152008996322,5350.677895439996,66.82666258299405
6.4089392029055965,5324.290357801649,65.35824362894068
6.409726396814871,5329.368874443902,64.09245998146841
6.410513590724145,5389.74090745714,67.48316752152236
6.411300784633419,5380.56379699707,69.12079384966499
6.412087978542694,5371.850489298503,66.7499353716975
6.412875172451968,5355.65623304579,63.66680163968885
6.413662366361242,5337.742233276367,63.95002747620213
6.4144495602705165,5365.968166775174,66.60125335047904
6.415236754179791,5366.778408474393,68.35802024643486
6.416023948089064,5346.652072482639,70.23602272589828
6.4168111419983385,5328.547039455838,70.085390296195
6.417598335907613,5347.615707397461,66.44041468375634
6.418385529816887,5348.814008924696,61.96831565670293
6.419172723726161,5346.943228827582,62.589808188921225
6.419959917635436,5350.070048014323,65.35661408095469
6.42074711154471,5367.880026923285,68.8609745677996
6.421534305453984,5375.575234307184,71.96622483450203
6.4223214993632585,5393.775904337565,72.11008642591938
6.423108693272533,5373.411041259766,65.64549622648705
6.423895887181807,5364.978257921007,60.17394769739006
6.424683081091081,5364.862828572591,59.17506420890968
6.425470275000356,5356.389712863498,62.75696147538738
6.425864250176375,4770.2765382366415,64.92155041679179
6.42625746890963,5350.726903279622,68.3685423628721
6.42665144408565,4765.694172423563,67.96906579908962
6.427044662818904,5334.846698337131,73.26421883127185
6.427438637994924,4759.413131148727,65.45719434482987
6.427831856728178,5343.39225769043,73.70079827080079
6.428225831904198,4749.806755160108,61.20725949935119
6.428619050637452,5330.6252017551,67.33044784806607
6.429013025813473,4716.9099678698885,65.06457730371145
6.429406244546726,5317.710789998372,60.64062042288978
6.429800219722747,4705.379505298756,62.206118422022776
6.430193438456,5340.915803697374,58.42176114361365
6.430587413632021,4721.016258710696,62.76780035327505
6.430980632365275,5361.774130927191,61.20860983156869
6.431374607541295,4708.074366440008,65.49570336474
6.431767826274549,5351.512929280599,66.88309956009745
6.43216180145057,4711.5313713167925,67.06079628881473
6.432555020183823,5338.394724527995,72.76051155189995
6.432948995359844,4747.878722391011,66.96660103764339
6.433342214093098,5366.498645358615,74.2666435008811
6.433736189269118,4773.936329029225,64.73104275379862
6.434129408002372,5349.028861151801,68.83097462451482
6.434523383178393,4749.572922694831,65.57677805185905
6.434916601911646,5364.342566596137,62.29575070497005
6.435310577087667,4692.641842689043,65.86331890142553
6.4357037958209204,5367.876118977864,57.99781055560839
6.436097770996941,4716.284949031877,61.19857718644218
6.436490989730195,5367.512698703342,58.51103228425978
6.436884964906215,4758.117951569734,67.1570981356769
6.437278183639469,5367.792427910699,63.67502244287571
6.437672158815489,4780.535019109278,62.57264326774068
6.438065377548743,5356.977081298828,71.2622493560656
6.438459352724763,4793.72976270134,59.749868389443435
6.438852571458018,5333.268798828125,74.59822791112671
6.439246546634037,4770.4924391758295,90.50811994861449
6.439639765367291,5359.377383761936,71.42572634395285
6.440033740543312,4759.855289412133,71.62012257652339
6.440426959276565,5344.603664822049,65.20224866516861
6.440820934452586,4763.867014943818,64.94263111430608
6.44121415318584,5337.890150282118,60.62346643358243
6.44160812836186,4729.322548948689,65.83725314141171
6.442001347095114,5336.577431572809,59.20164064194149
6.4423953222711345,4705.045983585311,59.92356018802283
6.442788541004388,5339.965523613824,62.31813515501625
6.443182516180409,4718.824930826823,69.26390205026357
6.443575734913662,5353.856857299805,69.41640721832175
6.443969710089683,4653.501128773631,63.833905349194346
6.444362928822937,5358.109951443143,74.2460127790264
6.444756903998957,4633.494818793402,72.03807100347609
6.445150122732211,5340.173668755426,71.52742627019659
6.445544097908232,4651.814410927855,71.46313573609439
6.445937316641485,5366.617175632053,67.22257384604161
6.446331291817506,4656.5939866054205,57.54763332514168
6.44672451055076,5363.914649115668,62.75779816400657
6.44711848572678,4651.268051335841,69.1629247227556
6.447511704460034,5368.410288492839,60.70968645403526
6.4479056796360545,4712.778306749132,67.57066377247519
6.448298898369308,5348.5313059488935,61.40016996104615
6.448692873545329,4725.47311137635,58.62279300122364
6.449086092278582,5347.042736477322,66.05672758426053
6.449480067454602,4758.255283685378,72.43688879798106
6.449873286187857,5372.63158331977,71.35439963675938
6.4502672613638765,4736.655504014757,57.80538324677994
6.450660480097131,5369.437486436632,71.86805643554277
6.451054455273151,4737.275648328993,60.36221644933379
6.451447674006404,5343.245724148221,68.33281540278487
6.451841649182425,4726.036863727334,68.71902509413722
6.452234867915679,5320.822443644206,65.28383682447253
6.452628843091699,4727.378154236593,55.96369408712421
6.453022061824953,5306.828943888347,63.16405614702913
6.453416037000974,4733.055694203318,68.88604169136715
6.453809255734227,5315.365239461263,63.124702925842605
6.454203230910248,4664.6573493863325,70.46578562865277
6.4545964496435015,5318.846072726779,65.735786780849
6.454990424819522,4649.277358066888,59.31514975433001
6.455383643552776,5335.900022718642,70.73224429219391
6.4557776187287965,4661.897805296345,72.81873468413913
6.45617083746205,5328.906166924371,70.6555793659172
6.456564812638071,4696.097207151814,56.508890126484964
6.456958031371324,5338.740152994792,67.9496169726745
6.457352006547345,4703.103982807677,58.75282737653762
6.457745225280599,5351.352220323351,65.64573647780273
6.458139200456619,4732.809192045235,67.93334688103502
6.458532419189873,5356.824383205838,64.04113064475555
6.458926394365894,4742.92542709539,54.17418046304562
6.459319613099147,5363.019839816623,64.34038854222177
6.459713588275168,4748.113406334394,68.57780600548242
6.4601068070084215,5367.039104885525,66.3246634504933
6.460500782184442,4723.468661084587,59.11180258903622
6.460894000917696,5371.6922437879775,70.05125293822331
6.461287976093716,4738.389987521701,51.637476810675075
6.46168119482697,5367.733662923177,70.7333047134814
6.46207517000299,4771.456146616994,64.90640403222639
6.462468388736244,5355.583682590061,66.80902932893922
6.462862363912264,4760.955665870949,55.056246606512815
6.463255582645518,5347.186420016818,65.05161616126591
6.4636495578215385,4765.937393000097,61.70154678476793
6.464042776554792,5355.78111606174,64.79648472408829
6.464436751730813,4817.586681978202,98.78554971517292
6.464829970464066,5338.080632527669,64.63073165892419
6.465223945640087,4787.550587595245,63.15866572628524
6.465617164373341,5332.84327867296,66.77638038369231
6.466011139549361,4760.183159722223,72.23319380232934
6.466404358282615,5344.048850165473,70.50559074669053
6.466798333458636,4705.4289467894005,77.72073645988965
6.467191552191889,5338.763973659939,71.70584953821391
6.46758552736791,4695.373566050588,62.19117357700258
6.4679787461011635,5348.299082438151,68.66361708161239
6.468372721277184,4691.207377869406,66.51688542763
6.468765940010438,5366.46050008138,64.55455342664152
6.4691599151864585,4716.590171531395,56.91457130966781
6.469553133919712,5360.895265367296,62.80528483304356
6.469947109095733,4731.81408239294,64.55143997061857
6.470340327828986,5351.551381429036,63.19437976224739
6.470734303005007,4750.463222173997,65.0607683345184
6.471127521738261,5360.498765733507,64.89827851159099
6.471521496914281,4752.55441773968,56.27557047723351
6.471914715647535,5380.554194132487,68.90622652483842
6.472308690823556,4748.982685607157,75.65031290858825
6.472701909556809,5360.980212741428,72.19926195130599
6.473095884732829,4777.654334551023,66.70750829670749
6.4734891034660835,5362.483001708984,71.26474140358448
6.473883078642103,4778.918741108459,59.950951139206445
6.474276297375358,5334.442789713542,65.24888250460431
6.474670272551378,4783.701264558015,70.40333237557596
6.475063491284631,5378.590883043077,62.18361821491233
6.475457466460652,4792.467531557436,53.70818762035781
6.4758506851939055,5388.447509765625,62.10829186503329
6.476244660369926,4795.647919077932,63.03631453777413
6.47663787910318,5372.2182057698565,64.15772830467637
6.4770318542792005,4781.675311806761,63.245241253637104
6.477425073012454,5353.317355685764,67.24918482603279
6.477819048188475,4743.106788164304,54.43008207088426
6.478212266921728,5340.05928378635,71.27750854396875
6.478606242097749,4725.958301685475,63.909915635992064
6.478999460831003,5355.316747029622,73.58389471046179
6.479393436007023,4707.802175262828,61.02920254926182
6.479786654740277,5358.04433356391,70.09932660818829
6.480180629916298,4703.160617404514,58.79611039917443
6.480573848649551,5378.9958089192705,65.43072403064684
6.480967823825572,4697.748439459153,62.77331624466933
6.4813610425588255,5397.598251342773,61.732213700773386
6.481755017734846,4729.881971571181,58.8831508295952
6.4821482364681,5406.218865288629,60.90329310690989
6.4825422116441205,4753.564498336227,61.062185767857926
6.482935430377374,5399.309346516927,63.395883729820554
6.483329405553395,4779.346999180169,66.6658937634541
6.483722624286648,5394.449768066406,67.75079029343613
6.484116599462668,4807.662712191358,61.81902129408835
6.484509818195923,5395.244927300348,72.57727861841252
6.4849037933719424,4810.27072633343,64.74219665745565
6.485297012105197,5381.568439059787,72.6142891761804
6.485690987281217,4805.382369429977,61.30924173725358
6.486084206014471,5395.081927829318,68.10655907631096
6.486478181190491,4813.074859242381,59.010297091056444
6.486871399923745,5389.552291870117,64.03511993531326
6.487265375099765,4826.93859411169,69.600357304143
6.487658593833019,5388.250847710504,61.70567086665757
6.48805256900904,4834.222311137635,68.43650824505153
6.488445787742293,5394.701443142361,61.85151757142445
6.488839762918314,4807.03877616223,59.661076773397745
6.4892329816515675,5370.03791809082,64.49966652339737
6.489626956827588,4808.006573712384,61.65437458731647
6.490020175560842,5380.5129801432295,69.52557349794985
6.4904141507368625,4794.970307526765,56.17695293458727
6.490807369470116,5388.222286648221,74.01649855077235
6.491201344646137,4763.311026114005,60.1870248090446
6.49159456337939,5408.275945027669,72.38542919467768
6.491988538555411,4756.699083116319,63.309693334525505
6.492381757288665,5423.8233642578125,67.88058543754694
6.492775732464685,4765.473876953125,67.0023246808529
6.493168951197939,5422.250157674153,64.40570577741897
6.49356292637396,4745.0373294029705,65.77106848110955
6.493956145107213,5416.739447699652,62.46570669771995
6.494350120283234,4759.806331681617,63.02405610899748
6.4947433390164875,5414.774432712131,62.39835106512405
6.495137314192508,4762.535723650897,65.70516052958845
6.495530532925762,5424.172997368707,64.95356943517757
6.495924508101782,4762.020436228057,66.13441324989878
6.496317726835036,5403.28761461046,69.52408040661358
6.496711702011056,4784.806789822049,60.46812316127461
6.49710492074431,5392.892184787326,72.16081798118927
6.49749889592033,4782.145640432099,56.02988587009357
6.497892114653585,5372.809656778972,69.06611376444528
6.498286089829604,4796.446249125916,56.663451344385614
6.498679308562858,5370.54099867079,64.77511145196596
6.499073283738879,4817.11242223669,56.290152670276846
6.499466502472132,5352.062416924371,61.66939779558382
6.499860477648153,4810.681223174672,57.28002231224667
6.500253696381407,5360.981726752387,61.46133683915546
6.500647671557427,4824.228974518953,64.5589491534873
6.501040890290681,5420.548475477431,63.31315347832609
6.501434865466702,4809.526649757668,63.44168901137417
6.501828084199955,5490.294080946181,66.79180729186811
6.502222059375976,4806.05830741223,63.893237143589886
6.5026152781092295,5372.7845289442275,70.38158396464777
6.50300925328525,4774.064521695361,62.11963638937222
6.503402472018504,5370.550964355469,71.66353098751823
6.503796447194524,4750.7496021412035,55.09831510526539
6.504189665927778,5357.068596733941,68.51489199700401
6.504583641103799,4728.797030978732,61.996636017238515
6.504976859837052,5370.958841959636,65.26539646157491
6.505370835013073,4713.55926664376,63.135190894980525
6.505764053746327,5377.248272365994,62.57484159792198
6.506158028922347,4705.899227189429,58.14258419729637
6.506551247655601,5381.56552971734,61.59416118167888
6.506945222831622,4723.402135024836,70.48022713537908
6.507338441564875,5411.978558010525,63.32906632822825
6.507732416740895,4742.864556960118,59.15278336663845
6.5081256354741495,5397.013458251953,66.60871174252907
6.508519610650169,4768.37638120298,60.669937839937795
6.508912829383424,5392.491038004558,70.79341692188052
6.5093068045594435,4797.726594147859,69.64585603252844
6.509700023292698,5388.969738430447,71.23339265769721
6.510093998468718,4785.789615584008,55.99041344186976
6.510487217201971,5369.5601484510635,67.05767079065095
6.510881192377992,4781.030259874132,64.02324293382065
6.511274411111246,5344.6517656114365,64.03075679955457
6.511668386287266,4791.403965326003,64.61124794295553
6.51206160502052,5331.431728786893,62.15981227157695
6.512455580196541,4797.496321313175,56.73750872225624
6.512848798929794,5335.9721272786455,61.28748766432597
6.513242774105815,4804.320799274209,57.87229431027822
6.513635992839069,5326.944013807509,62.10738880213337
6.514029968015089,4808.678332670235,61.580948578592285
6.514423186748343,5353.458484225803,66.1530105044033
6.5148171619243636,4807.937937041859,58.005933734913896
6.515210380657617,5353.641067504883,70.93608803032527
6.515604355833638,4776.887545361931,64.22431199605857
6.515997574566891,5358.7767995198565,71.97455134183696
6.516391549742912,4748.435020917727,55.99685329483956
6.516784768476166,5356.546483357747,67.49318096351195
6.517178743652186,4729.8993093231575,62.24085841793427
6.51757196238544,5400.57201300727,65.3467748941968
6.517965937561461,4705.331384729456,66.78745889471419
6.518359156294714,5397.168526543512,63.54941200196276
6.518753131470735,4693.530718768085,55.928972650735396
6.519146350203989,5401.559092203776,63.011030415308404
6.519540325380008,4699.71806052879,64.33666356795422
6.519933544113263,5410.04924858941,63.49785463820048
6.520327519289283,4739.772429289641,63.735628694446966
6.520720738022537,5420.2808515760635,66.18343279067821
6.521114713198557,4757.066721221547,50.71130530264906
6.521507931931811,5415.4663492838545,70.52931812498166
6.521901907107831,4761.296808690201,63.79816707287576
6.522295125841085,5369.552469889323,71.17700381509016
6.5226891010171055,4767.577335310571,60.377334670697294
6.523082319750359,5377.445273505316,67.41629697032124
6.52347629492638,4774.155856662326,59.839959982777536
6.523869513659633,5367.535449557834,64.0076585588988
6.524263488835654,4797.216575339989,71.73848662838394
6.525050682744928,4818.283290533372,56.41792782722374
6.525837876654203,4826.342670958719,64.1822000159629
6.526625070563477,4822.444387176891,65.26007042163536
6.527412264472751,4823.829416534047,55.35720694337118
6.5281994583820255,4820.735215928819,66.23710196091886
6.5289866522913,4767.1913007571375,62.73268528781511
6.529773846200574,4739.315349814333,56.08784989945443
6.530561040109848,4699.046674563561,66.2908890562175
6.531348234019122,4705.429054542824,57.8861765187163
6.532135427928396,4732.393443166474,59.09551186611336
6.53292262183767,4749.3795829113615,60.1560895140324
6.533709815746945,4756.195794753086,55.781747744357325
6.534497009656219,4769.992963626061,63.43964435228939
6.535284203565493,4792.3930106457365,59.39769302761533
6.5360713974747675,4790.348961347415,47.83999979334863
6.536858591384042,4806.949889383199,60.49503988975495
6.537645785293316,4824.662923177083,62.172356698363075
6.53843297920259,4820.740819106867,54.75509903935864
6.539220173111865,4831.393633053626,66.77127418217643
6.540007367021139,4829.402725031347,63.104110367112966
6.540794560930413,4819.144406165606,63.05526640233511
6.5415817548396875,4793.121482566551,67.59915788059493
6.542368948748962,4773.967466001158,56.432624013080094
6.543156142658235,4746.118133921682,63.85011253364202
6.5439433365675095,4570.0734787929205,60.29893803870776
6.544730530476784,4567.672414520641,49.65074000473054
6.545517724386058,4570.21748709973,58.19946049853295
6.546304918295332,4741.882827570409,62.295647325987055
6.547092112204607,4762.546234507619,61.885802854359625
6.547879306113881,4777.69807490596,64.28690966668913
6.548666500023155,4795.14365565924,59.74536577831957
6.5494536939324295,4808.995851116416,57.05276709349664
6.550240887841704,4821.019008306809,65.59407467808394
6.551028081750978,4825.405208634742,57.20080520223464
6.551815275660252,4839.645028573495,61.96367758466155
6.552602469569527,4853.878270278742,64.2256316035613
6.553389663478801,4827.45770489728,55.09756656161756
6.554176857388075,4797.070718647521,70.33621510875716
6.554964051297349,4750.818338276427,62.2406983960004
6.555751245206623,4736.574905960648,54.59786826959508
6.556538439115897,4725.996906798563,64.27776926316578
6.5573256330251715,4722.609955964265,59.1230547854317
6.558112826934446,4738.938212830343,55.162801453935394
6.55890002084372,4772.4619547526045,63.085069896869065
6.559687214752994,4796.648806725019,54.82295234510314
6.560474408662269,4811.316855348186,63.215821521477835
6.561261602571543,4801.09513044946,62.76153682827136
6.562048796480817,4788.541859567901,53.277982694008074
6.5628359903900915,4806.001883801119,60.63702168865905
6.563623184299366,4560.124067141686,57.86849297609712
6.56441037820864,4694.928203064718,58.32271785022023
6.565197572117914,4855.254364390432,67.98719715454219
6.565984766027189,4840.070728443287,59.817703043731214
6.566771959936462,4812.74184992284,56.85234763510747
6.567559153845736,4783.96903633777,60.097666119109086
6.568346347755011,4756.741016529225,62.913652998900474
6.569133541664285,4751.404242621527,61.900914514425175
6.569920735573559,4783.532003520448,60.54565591105058
6.570707929482833,4798.3415451991705,58.944581071341624
6.571495123392108,4796.827071578415,61.18091010235225
6.572282317301382,4820.795542775849,61.43964188401898
6.573069511210656,4823.82351194782,53.460346934707296
6.573856705119931,4833.739987220293,63.68925649027378
6.574643899029205,4833.079981674383,61.08898184473987
6.575431092938479,4836.921047634549,54.344443766675965
6.5762182868477534,4833.322398244599,63.53221518842981
6.577005480757028,4828.545785409433,59.93557589983085
6.577792674666302,4839.311747986593,56.34122437435483
6.578579868575575,4835.398118007331,59.65831511141946
6.57936706248485,4812.667236328125,59.166424851427195
6.580154256394124,4791.564481758777,59.95204971525603
6.580941450303398,4764.368070625965,63.90003164554557
6.581728644212673,4767.77537329403,55.81014562028224
6.582515838121947,4760.148143627025,58.232979507093695
6.583303032031221,4771.249965338059,63.43033906781361
6.584090225940495,4787.864586347415,55.342250891956844
6.58487741984977,4800.704380365066,62.60210621371551
6.585664613759044,4825.3161063488615,63.39569178270609
6.586451807668318,4819.824726622782,54.71777189313029
6.587239001577593,4824.261039074557,58.40062709211921
6.588026195486867,4813.800344208141,65.60784737832564
6.588813389396141,4809.476176697531,60.76148032438239
6.589600583305415,4837.211115330826,63.048568329807935
6.590387777214689,4864.441688066648,63.352954414721836
6.591174971123963,4879.804461443866,59.54490020334052
6.591962165033237,4868.015053831501,63.19443463743683
6.592749358942512,4839.006744008006,60.712651392662956
6.593536552851786,4802.200915678048,56.52379968946613
6.59432374676106,4770.418247552566,61.51003638083601
6.5951109406703345,4780.63060619213,54.41133122257875
6.595898134579609,4784.599050262828,59.18292633049247
6.596685328488883,4808.01345335407,61.487037612832474
6.597472522398157,4841.222871756848,53.24838472915044
6.598259716307432,4849.674881546585,60.571800474943544
6.599046910216706,4860.508924696181,60.86761732315257
6.59983410412598,4846.72567033179,52.71886233638563
6.6006212980352545,4840.30010760272,61.70479890647435
6.601408491944529,4836.3763593508875,59.47281288924238
6.602195685853802,4838.390819408275,53.89284667563579
6.6029828797630765,4847.545257945119,62.899258297834834
6.603770073672351,4860.227403428819,59.42741326691944
6.604557267581625,4869.7280439212,57.670712470951464
6.605344461490899,4835.690875771605,65.8159637540679
6.606131655400174,4801.440432701582,57.6641303495122
6.606918849309448,4784.312221197434,63.108369797047295
6.607706043218722,4787.087613329475,63.65415248411551
6.6084932371279965,4788.673321759259,55.31646685730666
6.609280431037271,4789.272542317708,64.88348113414017
6.610067624946545,4823.795062029803,68.31501325333288
6.610854818855819,4836.620041835456,55.532139779448926
6.611642012765094,4848.121499144001,66.02891635685454
6.612429206674368,4845.713494948399,71.37722428449794
6.613216400583642,4855.795921043114,57.87122621763758
6.614003594492916,4861.94391547309,67.03081063144202
6.61479078840219,4857.407493308739,59.483078146044996
6.615577982311464,4868.286117742091,56.12359661614232
6.6163651762207385,4884.792289074557,69.09449267744063
6.617152370130013,4807.616586190683,53.80104655746636
6.617939564039287,4797.794395917727,56.434614397358494
6.618726757948561,4841.018634560667,66.3024813012074
6.619513951857836,4816.63543927228,52.93709708044053
6.62030114576711,4788.336329330633,61.45191678032976
6.621088339676384,4782.777300045814,63.200956061801314
6.6218755335856585,4783.0573323567705,51.75199879338678
6.622662727494933,4777.456432954765,65.2693357316333
6.623449921404207,4813.837506329572,61.49829390419435
6.624237115313481,4841.244423948689,52.54874273270834
6.625024309222756,4868.35248933015,65.89626631428563
6.625811503132029,4867.460057388117,59.21443573219981
6.626598697041303,4868.6386477623455,56.691575211476795
6.627385890950578,4886.03177143615,67.45755531962097
6.628173084859852,4895.663084430459,53.50652361226943
6.628960278769126,4899.842883451485,58.79395019580584
6.6297474726784005,4898.255654417439,67.17708597676814
6.630534666587675,4900.814475730614,55.86512764973146
6.631321860496949,4894.797494393808,64.26028424778214
6.632109054406223,4867.717232409818,66.64835849823062
6.632896248315498,4859.982768494406,52.26985462305814
6.633683442224772,4856.898838372878,63.508192287249436
6.634470636134046,4862.61023401331,65.31655126205267
6.6352578300433205,4889.772017867477,56.277834066316245
6.636045023952595,4922.334486219618,66.41515108208199
6.636832217861869,4923.297741548515,62.19970956848874
6.6376194117711425,4939.551495587384,55.71789153742966
6.638406605680417,4968.66470148534,67.27044030797077
6.639193799589691,4963.1642991054205,66.27127113191617
6.639980993498965,4945.188725224248,63.135393674826325
6.64076818740824,4956.7384696301115,64.97469498572482
6.641555381317514,4946.540890540606,55.17222612415519
6.642342575226788,4936.338966652199,59.990758711323906
6.6431297691360625,4941.79236291956,61.52558068327078
6.643916963045337,4930.290852864583,55.92499064490466
6.644704156954611,4904.141482506269,60.75411331439921
6.645491350863885,4866.238840362172,61.73994889171235
6.64627854477316,4841.941392686632,60.78280862013116
6.647065738682434,4798.841374903549,63.764735673112824
6.647852932591708,4765.915863413869,59.66780805578911
6.6486401265009825,4794.1571210696375,55.72943464663723
6.649427320410256,4825.656412760417,59.219683582572635
6.65021451431953,4840.741905683352,57.645931587400774
6.651001708228804,4864.401566116898,58.94598424197395
6.651788902138079,4876.395666051794,57.81956495971466
6.652576096047353,4874.187103648244,53.95084845792179
6.653363289956627,4868.247661072531,55.08788190691316
6.654150483865902,4883.77081072772,58.64710892442246
6.654937677775176,4893.475120261864,59.10525574184261
6.65572487168445,4903.148271725501,59.67905113033847
6.656512065593724,4905.767888575424,59.800676595125324
6.657299259502999,4893.010151427469,58.98515861950487
6.658086453412273,4881.03825321904,56.60566067217461
6.658873647321547,4839.721972053434,57.968267392154075
6.659660841230822,4803.00274432147,58.48159245064489
6.660448035140096,4803.410908263407,54.660362315429076
6.661235229049369,4777.839569468557,57.673659125852986
6.6620224229586436,4796.3561454113615,57.643327054673776
6.662809616867918,4829.91982090326,54.851506517196455
6.663596810777192,4846.0306562258875,59.63267511570833
6.664384004686466,4888.422361774209,58.269188949988546
6.665171198595741,4881.486376350309,55.16716293681193
6.665958392505015,4873.779800226659,61.92991040550519
6.666745586414289,4883.4729245032795,57.20181936407642
6.667532780323564,4888.584597740644,56.291624339743926
6.668319974232838,4902.24917414159,64.11904632042965
6.669107168142112,4906.908878279321,56.00510299697481
6.669894362051386,4937.847601996527,60.27179254317724
6.670681555960661,4941.489547164352,74.06465759828772
6.671468749869935,4909.269819094811,53.43257962048539
6.672255943779209,4879.600469895351,56.04378202773611
6.673043137688483,4835.950914171007,66.27653169655271
6.673830331597757,4810.748553240741,53.21775502711001
6.674617525507031,4804.817922333141,59.317885973458324
6.6754047194163055,4825.0361659674,65.1053297578202
6.67619191332558,4825.607099368249,52.70150283805138
6.676979107234854,4842.433218496817,64.74852817541259
6.677766301144128,4871.982171706211,62.955477983712434
6.678553495053403,4874.251303590374,52.09684927915738
6.679340688962677,4884.98139558015,65.38631483724518
6.680127882871951,4878.285893192998,57.5564446839187
6.6809150767812255,4893.531593605324,50.944074534340366
6.6817022706905,4919.070829415027,64.45880351444792
6.682489464599774,4920.038084430459,55.02349140889292
6.683276658509048,4923.5742745105135,54.62801621523562
6.684063852418323,4915.246693552276,64.34475184656984
6.684851046327596,4899.7100830078125,56.240088929112986
6.68563824023687,4886.731136369117,63.34812202562972
6.686425434146145,4837.104603708526,67.13754311930505
6.687212628055419,4811.800755630305,51.21713025120181
6.687999821964693,4805.066986460744,60.75265344302569
6.6887870158739675,4787.051650812597,60.49331095404506
6.689574209783242,4809.451640564718,47.586636482768554
6.690361403692516,4838.446465386285,60.44884401576733
6.69114859760179,4854.58967646846,60.91944140597613
6.691935791511065,4872.811021592882,49.24217207282529
6.692722985420339,4883.280901873553,63.4284020809563
6.693510179329613,4903.213186005016,57.25137941741268
6.6942973732388875,4898.3104248046875,49.39722738182097
6.695084567148162,4915.21036482446,62.11557540482645
6.695871761057436,4932.581185800058,55.824043908356465
6.6966589549667095,4940.740216290509,53.30144539988094
6.697446148875984,4960.290500217014,64.49813644999136
6.698233342785258,4924.463686342592,51.91491502416576
6.699020536694532,4904.227177372685,58.28457409549931
6.699807730603807,4857.5111566237465,61.91689007709693
6.700594924513081,4840.937389986015,52.410739380926636
6.701382118422355,4846.7999930676115,58.23640116346889
6.7021693123316295,4838.004869249132,64.58688799671756
6.702956506240904,4858.820436077353,48.961754676431724
6.703743700150178,4877.257955668885,58.41208587515243
6.704530894059452,4908.017486195506,68.7192692981521
6.705318087968727,4911.357433931327,52.50630852489328
6.706105281878001,4919.143624011381,57.9738310711552
6.706892475787275,4928.776047694831,61.41893487216086
6.7076796696965495,4935.1916428554205,53.840649279235706
6.708466863605823,4941.627085744599,60.44644415377039
6.709254057515097,4949.916228117766,56.447041379519185
6.7100412514243715,4951.2816975911455,52.763708779922744
6.710828445333646,4948.856085129726,58.86148823548143
6.71161563924292,4929.738211926119,54.82422462045597
6.712402833152194,4903.548032407408,57.14195724638605
6.713190027061469,4896.171263141397,63.35789297131734
6.713977220970743,4871.357608748071,57.034965584893044
6.714764414880017,4862.2997971522955,59.985680094392386
6.7155516087892915,4880.451836480035,63.9565244182721
6.716338802698566,4897.743537808642,68.7926718102217
6.71712599660784,4980.901297863619,179.59900394001846
6.717913190517114,4931.9715892650465,77.90883528145707
6.718700384426389,4946.220052083333,56.97982377784438
6.719487578335663,4966.542674877025,59.38693189332641
6.720274772244936,4952.159711672936,56.16046547403214
6.721061966154211,4972.47364938995,59.97473593090032
6.721849160063485,4994.196139865451,64.27628258962444
6.722636353972759,5000.354588638117,57.131160859211
6.7234235478820334,5010.235562548225,62.56175815450765
6.724210741791308,5001.8262050299,64.27480947080673
6.724997935700582,5003.806295512635,60.934460429716154
6.725785129609856,4956.140397436825,63.896866446113016
6.726572323519131,4925.277936017072,62.20836581463293
6.727359517428405,4899.436200930749,59.65656149850003
6.728146711337679,4887.794258777006,67.09010357529392
6.7289339052469535,4899.381914303626,63.56876648118396
6.729721099156228,4882.419278368538,56.304654253775325
6.730508293065502,4890.595981927566,64.26903165907707
6.731295486974776,4929.048537266107,56.51361281053808
6.73208268088405,4933.8222731602045,58.4974575182763
6.732869874793324,4929.399593400367,60.59616698033557
6.733657068702598,4930.674051167052,52.17151980553245
6.734444262611873,4940.6234944661455,54.635033080963524
6.735231456521147,4922.093591760706,58.96806977515151
6.736018650430421,4943.011281708141,50.15023311169857
6.736805844339695,4962.784208321277,56.71031486185633
6.73759303824897,4948.5391031901045,59.77028531440766
6.738380232158244,4949.487747757523,50.276402061507646
6.739167426067518,4949.472282503858,61.7955245056668
6.739954619976793,4935.0256754557295,65.6497075683549
6.740741813886067,4920.0472246334875,55.692493537813014
6.741529007795341,4911.436249156057,66.59550821016512
6.742316201704615,4891.558629918982,59.08856864327991
6.74310339561389,4890.906994478202,50.66658474835471
6.743890589523163,4897.257306134259,63.56432606287763
6.744677783432437,4916.375898196374,56.799277441648826
6.745464977341712,4922.7925859616125,52.384940569529995
6.746252171250986,4938.086419753086,66.2850118205501
6.74703936516026,4946.480893735533,56.02106364899518
6.7478265590695345,4942.423556857639,52.05220856430809
6.748613752978809,4943.215234073592,61.24653466148904
6.749400946888083,4937.826079945506,53.716341081165055
6.750188140797357,4944.3913649570795,55.19386533411596
6.750975334706632,4946.648018542631,66.01785997204112
6.751762528615906,4947.622123058932,52.996750597364795
6.75254972252518,4939.610402801891,55.654059129327145
6.7533369164344546,4904.245478877315,62.217228129535876
6.754124110343729,4885.649034288194,50.66447103494672
6.754911304253003,4879.58379900897,57.0866572957944
6.7556984981622765,4874.504084080826,62.32948480341076
6.756485692071551,4892.790994526427,49.91407052573348
6.757272885980825,4904.056771737558,58.081967313481265
6.758060079890099,4898.061410409433,60.76399266635428
6.758847273799374,4921.468875084394,50.1203997485979
6.759634467708648,4932.689117054881,60.24462920516615
6.760421661617922,4910.744083357446,60.74392296625929
6.7612088555271965,4898.821735146605,47.523553047795964
6.761996049436471,4891.176649305556,58.543487387417215
6.762783243345745,4918.782809787326,63.779395442468946
6.763570437255019,4938.186909239969,50.76496255896644
6.764357631164294,4963.584677613811,63.79327783309478
6.765144825073568,4968.589519736208,62.33813347678181
6.765932018982842,4957.449417679398,50.98441977440158
6.7667192128921165,4939.520160439573,62.510160487819135
6.76750640680139,4916.123883282697,63.77950657724022
6.768293600710664,4906.262217580536,53.03341817196637
6.7690807946199385,4910.431618019386,63.665750653168075
6.769867988529213,4897.346152223186,59.15795179978627
6.770655182438487,4925.047046802662,52.53710158223468
6.771442376347761,4947.889392240548,60.84141819747543
6.772229570257036,4948.817060305749,57.6536169625546
6.77301676416631,4961.691871925636,53.086241976467925
6.773803958075584,4963.646323121624,61.7874622891788
6.7745911519848585,4957.424284758391,54.84701303606583
6.775378345894133,4950.276689694251,51.1339129770718
6.776165539803407,4945.481303650656,60.6087608219501
6.776952733712681,4958.407809787326,58.94710380373368
6.777739927621956,4958.1654866536455,56.788610372926414
6.77852712153123,4959.465101453993,60.70979368689505
6.779314315440503,4963.351289725598,58.77582567501767
6.780101509349778,4955.409255039544,59.72119347204969
6.780888703259052,4948.005675516011,62.59278481880724
6.781675897168326,4922.099931881751,63.066784474358926
6.7824630910776005,4915.628032166281,62.02084690793793
6.783250284986875,4925.312891830633,66.01359817181773
6.784037478896149,4925.547547140239,58.35647028884791
6.784824672805423,4950.8382884837965,63.90528314878945
6.785611866714698,4958.407335069444,61.962767625786555
6.786399060623972,4958.992475344811,61.255025657161504
6.787186254533246,4969.758801118827,61.604621265717796
6.7879734484425205,4976.592307761864,60.8088084410113
6.788760642351795,4957.0616771556715,58.986756296347984
6.789547836261069,4945.150031949267,71.02485917888428
6.790335030170343,4957.925092532311,57.76207830248994
6.791122224079617,4967.778584044657,60.56084580699457
6.791909417988891,4961.053968641493,61.017061997450575
6.792696611898165,4969.469747661073,59.555935642567476
6.79348380580744,4970.38572561005,62.93524002396389
6.794270999716714,4963.711663893711,64.17073592327866
6.795058193625988,4950.208465952932,57.34577458554241
6.7958453875352625,4921.993616174768,63.06464114700905
6.796632581444537,4926.019326292439,58.719453902148544
6.797419775353811,4923.946839132426,54.56776561924884
6.798206969263085,4932.856011284723,63.08463536505281
6.79899416317236,4959.949312186535,58.19411902841169
6.799781357081634,4970.1133550950035,53.675440669512504
6.800568550990908,4986.475347825039,63.7490124666233
6.8013557449001825,4988.836312753183,58.24920166067325
6.802142938809457,4976.521220642843,53.02837216531566
6.80293013271873,4953.701703860436,63.928468439133624
6.803717326628004,4956.0902265383875,58.00774539619698
6.804504520537279,4966.451125156732,56.062771229388986
6.805291714446553,4976.301937150367,66.42492818742753
6.806078908355827,4963.122852466725,58.34464410428654
6.806866102265102,4966.77966760706,50.31853468718583
6.807653296174376,4973.540828751929,65.44796626575754
6.80844049008365,4943.8830807532795,63.98394172963842
6.809227683992924,4936.542566370081,54.951754237931034
6.810014877902199,4942.865009825907,61.72780901079843
6.810802071811473,4922.13442804784,63.201358323044936
6.811589265720747,4938.687738112461,55.5715454866013
6.812376459630022,4941.01309919946,66.60964110404183
6.813163653539296,4966.426466953607,62.44744679478591
6.81395084744857,4980.863519362461,56.77123809020925
6.814738041357844,4992.884780695409,73.54733745707289
6.815525235267118,4984.378527982735,60.52578167064119
6.816312429176392,4979.423805519386,52.43919390570371
6.817099623085666,4975.713858145255,64.55345074875233
6.817886816994941,4986.345100308642,57.90391169014866
6.818674010904215,5001.390614450714,52.2591003413683
6.819461204813489,5008.458410192419,68.1152163400932
6.820248398722764,4997.14655219184,59.369672038705815
6.821035592632038,4999.177539966725,51.54317698427529
6.821822786541312,5006.334689670139,68.90782955282951
6.822609980450586,4965.075944311825,62.531048403589395
6.823397174359861,4955.074066538869,53.98165458513968
6.824184368269135,4941.684803903839,68.21064306611592
6.824971562178409,4954.078666027682,65.89900868728168
6.825758756087684,4965.96747052228,59.92531252379367
6.826545949996957,4970.539862738715,74.4340084589959
6.827333143906231,5001.045273015528,64.12426992017626
6.8281203378155055,4998.93517614294,56.73433559492807
6.82890753172478,4990.796071747203,65.75253280064045
6.829694725634054,5001.360383210359,59.0844234054491
6.830481919543328,4992.567268277392,52.795030912362286
6.831269113452603,5004.483054832176,62.582680772062425
6.832056307361877,5023.950159143518,62.54401105524764
6.832843501271151,5015.18820680218,58.3645161209942
6.8336306951804255,5018.258163640528,63.59865759779157
6.8344178890897,5035.3783622082365,62.68867177743566
6.835205082998974,5035.394243405189,55.12006607371412
6.835992276908248,5030.965136115934,63.966736371341845
6.836779470817523,4999.888396086516,62.658957828274204
6.837566664726797,4950.111349223573,54.45215887754302
6.83835385863607,4922.232274184992,60.976881244747645
6.839141052545345,4935.225209177276,61.132728587004905
6.839928246454619,4956.230208031925,54.59413813972162
6.840715440363893,4977.233645592207,59.32243321187251
6.8415026342731675,5003.484864788291,61.23104658315109
6.842289828182442,5002.799513828607,55.25163550012637
6.843077022091716,5023.234032901717,58.620476589985145
6.84386421600099,5041.070722415124,62.3765538404456
6.844651409910265,5015.472199616609,54.28594410442858
6.845438603819539,5029.9185625241125,56.13874167527599
6.846225797728813,5019.981068552276,57.079851131496554
6.8470129916380875,4999.926679446374,56.45965022356767
6.847800185547362,5017.633448471258,55.641764549591485
6.848587379456636,5039.525898497782,64.32529134664547
6.84937457336591,5025.502233434607,56.74043412439523
6.850161767275184,5018.273359133874,55.830427049353496
6.850948961184458,4998.240107783565,62.88418093685493
6.851736155093732,4966.372763551311,58.352574736832956
6.852523349003007,4961.5835865162035,55.013480057999395
6.853310542912281,4948.439073350694,62.02104326695639
6.854097736821555,4957.9984447337965,59.512162915425726
6.8548849307308295,4990.954883716725,55.10289507847743
6.855672124640104,4959.123637635031,59.01167449799775
6.856459318549378,4954.986820927373,58.354726103538255
6.857246512458652,5023.748578860436,50.79119292145532
6.858033706367927,4981.601176697531,58.33617339181794
6.858820900277201,4969.669249734761,64.46588299489883
6.859608094186475,4970.482812198592,54.886982109687686
6.8603952880957495,5014.283237786941,61.27172568317429
6.861182482005024,5030.51894199701,64.30403597537993
6.861969675914297,5027.817874107832,54.6325098182958
6.8627568698235715,5040.759060329861,60.92071403192284
6.863544063732846,5048.758103358893,65.9224035625429
6.86433125764212,5021.730626989294,55.124398120816714
6.865118451551394,5017.613840362172,59.73953405327882
6.865905645460669,4984.2988838855135,64.8884137594909
6.866692839369943,4993.3765386887535,55.07455653252491
6.867480033279217,4986.875333056038,57.47229562438039
6.8682672271884915,4962.881887176891,63.993195968265915
6.869054421097766,4990.757473415799,58.56716661905363
6.86984161500704,5022.669135199652,55.91744327314018
6.870628808916314,5039.725307134934,64.08381158487532
6.871416002825589,5048.525371033468,56.72620009174387
6.872203196734863,5046.89363908179,54.96373851420227
6.872990390644137,5022.250423478492,63.75243991334811
6.873777584553411,5037.445839964314,58.05203164584369
6.874564778462685,5039.343796718268,54.464008800567456
6.875351972371959,5040.111097547743,64.56093108320688
6.8761391662812335,5076.3702709056715,60.85663975749456
6.876926360190508,5082.342794536073,55.255334332038856
6.877713554099782,5061.55032612365,65.05906001546207
6.878500748009056,5075.662433388792,60.76268939893861
6.879287941918331,5052.940378448109,56.889838021979834
6.880075135827605,4988.034211335359,66.30404725206478
6.880862329736879,4974.201090494792,61.972259493193896
6.8816495236461535,4990.199529200424,53.82589749241904
6.882436717555428,4993.533891842689,61.82564525323669
6.883223911464702,4999.1855061848955,62.41947321118908
6.884011105373976,5031.56078197338,54.093223845883706
6.884798299283251,5041.299956898631,60.18676363683089
6.885585493192524,5061.7051836178625,63.580232827301586
6.886372687101798,5061.008062668789,54.8402337974574
6.887159881011073,5044.781423309703,58.7217706506127
6.887947074920347,5040.192116066261,63.38664166929218
6.888734268829621,5058.30689380787,56.118473499748234
6.889521462738895,5063.398610809703,56.99909006028938
6.89030865664817,5068.120869200907,64.73656016449291
6.891095850557444,5068.585595401717,57.95253601107498
6.891883044466718,5063.854445469232,54.80964432819441
6.892670238375993,5062.912645881559,62.883282737127566
6.893457432285267,5036.261557496624,58.01266675900486
6.894244626194541,5009.160820855035,55.331332877084705
6.895031820103815,4997.915286217207,63.798110712646924
6.89581901401309,4988.803343219522,57.8533350175011
6.896606207922364,5010.59156177662,54.934006238270776
6.897393401831637,5020.925960587867,63.00254122576411
6.898180595740912,5016.419542100694,60.79948576235372
6.898967789650186,5057.573676215277,54.406891538385295
6.89975498355946,5067.756073374807,60.22426985969559
6.9005421774687346,5066.261033046393,58.07295400142456
6.901329371378009,5073.828901126061,55.04294410418742
6.902116565287283,5082.5267017505785,60.87042469259413
6.902903759196557,5100.169822410301,62.942408780032515
6.903690953105832,5108.8549066237465,55.17964983315816
6.904478147015106,5146.225070529514,61.2446442347491
6.90526534092438,5215.842336395641,63.01883951246638
6.9060525348336546,5337.689361195506,57.72894295707758
6.906839728742929,5577.826271339699,62.318449492898786
6.907626922652203,5899.12489902826,70.1853402817066
6.908414116561477,6255.75252580054,64.67129909075247
6.909201310470751,6500.638885874807,68.72205398349429
6.909988504380025,6600.865442346643,74.14504926073927
6.910775698289299,6554.484191141011,67.9256966953632
6.911562892198574,6350.818169487848,65.05297735793116
6.912350086107848,6025.772165557484,66.35063451853595
6.913137280017122,5735.135085117669,59.1243056950548
6.9139244739263965,5507.258487654321,57.538696227960045
6.914711667835671,5345.064967025945,64.31033558108267
6.915498861744945,5247.7207272376545,59.76071480101627
6.916286055654219,5177.52225899402,56.52097415931103
6.917073249563494,5118.723350995852,63.439759804145766
6.917860443472768,5117.095300745081,59.37784050127433
6.918647637382042,5101.533613040124,55.06538619014248
6.9194348312913165,5086.437563295717,59.37031672044118
6.920222025200591,5091.233157310957,65.8082947677348
6.921009219109864,5075.2080816575035,56.71676914132059
6.9217964130191385,5064.87590874566,60.31341778249224
6.922583606928413,5061.49003243152,62.31065562589712
6.923370800837687,5033.75483308015,60.83302955858346
6.924157994746961,5034.870685341917,60.46668329741221
6.924945188656236,5041.16150354456,61.30615036451644
6.92573238256551,5044.053114149306,60.93900095128033
6.926519576474784,5065.33176148968,61.40194821594359
6.9273067703840585,5074.994047188465,70.45231464710942
6.928093964293333,5097.539586950232,58.82352792803878
6.928881158202607,5110.279862015335,55.52053680364725
6.929668352111881,5108.184246298708,57.84069144770788
6.930455546021156,5109.900631751543,55.454410123302694
6.93124273993043,5111.416717906057,57.142900165145996
6.932029933839704,5107.995111159336,59.114411864983545
6.932817127748978,5121.894870334201,59.431317877883515
6.933604321658252,5114.891776379244,59.412256646180545
6.934391515567526,5103.461353443287,58.019814697892194
6.9351787094768005,5092.771094051408,59.199952170287375
6.935965903386075,5081.143926926601,70.18323093667826
6.936753097295349,5039.124486099055,58.96197966883728
6.937540291204623,5023.800933461131,61.14695846240827
6.938327485113898,5030.78305242091,62.1155471759205
6.939114679023172,5055.555585696374,58.20321472501493
6.939901872932446,5062.420862268518,58.548629319446334
6.9406890668417205,5078.628891179591,60.407035754217674
6.941476260750995,5109.769862798997,58.748766303237964
6.942263454660269,5102.855911820023,57.116562034868146
6.943050648569543,5128.311722366898,55.74425790360585
6.943837842478818,5145.9605712890625,58.38666089470298
6.944625036388091,5141.328094859182,55.29234754053672
6.945412230297365,5154.628059293017,65.34322266322756
6.94619942420664,5146.963259850019,58.7472098884631
6.946986618115914,5143.559375904225,53.86286872767929
6.947773812025188,5139.901492271894,58.42542020731801
6.9485610059344625,5123.583071108217,65.19847704267244
6.949348199843737,5123.822431399499,60.140830714904475
6.950135393753011,5117.019303686825,68.98855389013472
6.950922587662285,5073.995894820602,73.38061432386637
6.95170978157156,5058.245866186825,61.22847259249109
6.952496975480834,5066.187522605614,65.04990678792626
6.953284169390108,5077.8842532310955,66.81456146964021
6.9540713632993825,5098.237896954572,58.26115990150072
6.954858557208657,5107.611867645641,58.34288027861414
6.955645751117931,5098.111456223476,60.95295804806137
6.956432945027204,5132.153345932195,60.61830988421378
6.957220138936479,5155.160578221451,57.82365378449061
6.958007332845753,5156.211843231578,62.75906702836955
6.958794526755027,5169.239515516493,59.39735337518208
6.959581720664302,5170.919183424961,52.40035129359528
6.960368914573576,5161.716946072049,60.525344840970654
6.96115610848285,5180.564903730227,62.09445396499209
6.9619433023921244,5178.650515709394,53.21300834983223
6.962730496301399,5175.853517132041,62.13179176679405
6.963517690210673,5154.668915171682,65.0818188398995
6.964304884119947,5130.723201798804,55.15050315584312
6.965092078029222,5134.5684332200035,63.148298284889805
6.965879271938496,5121.963624553916,71.3296778074354
6.96666646584777,5090.542518144773,56.924606686107914
6.9674536597570444,5093.476202317226,60.49259748123691
6.968240853666318,5094.711867344232,68.7345190355711
6.969028047575592,5098.073872130594,53.87221557612963
6.969815241484866,5139.187020760995,54.521192400336844
6.970602435394141,5184.455468448592,65.47596828165638
6.971389629303415,5206.39323368779,56.93551788262577
6.972176823212689,5214.266476478106,52.990177005883915
6.972964017121964,5218.041574737172,64.92040782613944
6.973751211031238,5240.267939814815,88.56840371284392
6.974538404940512,5227.154913254726,58.445656510422445
6.975325598849786,5232.549503279321,65.06192389951347
6.976112792759061,5242.231555326485,62.05978114685632
6.976899986668335,5265.733722451292,53.45237669782132
6.977687180577609,5301.5007083092205,61.1137898961081
6.978474374486884,5398.934568805459,65.14411762405913
6.979261568396158,5460.797206548997,59.05639258534683
6.980048762305431,5515.906938717689,63.3588216233403
6.9808359562147055,5695.783603997878,69.0740006793202
6.98162315012398,6055.106817551601,68.21848145245293
6.982410344033254,6525.930784625772,72.12534983069565
6.983197537942528,7351.027934510031,85.02759249901702
6.983984731851803,8033.138626663773,76.63568607579991
6.984771925761077,8490.344250337577,77.79058278764266
6.985559119670351,8812.260769314236,91.82613640013797
6.9863463135796255,8987.940601490161,87.27047772462957
6.9871335074889,8872.916735990548,81.87411558250383
6.987920701398174,8414.258364076968,124.43094844195744
6.988707895307448,7432.418454017168,85.49666876047542
6.989495089216723,6648.2297604407795,64.15447069084215
6.990282283125997,6080.960545669367,65.34751451732838
6.991069477035271,5740.449693467882,66.90762257319211
6.991856670944545,5503.590882101176,57.60089688526069
6.992643864853819,5368.596616391783,60.670137140867844
6.993431058763093,5270.134584780092,66.51016977071677
6.9942182526723675,5200.8836504147375,58.21232323791865
6.995005446581642,5157.726155598958,63.08058695534305
6.995792640490916,5116.079194999035,62.9494827077639
6.99657983440019,5082.649719991801,60.79562012030227
6.997367028309465,5087.680166739005,60.228545851979845
6.998154222218739,5086.123028790509,62.6453368673807
6.998941416128013,5105.505148051698,59.72195745207538
6.9997286100372875,5136.913021134742,58.13755397531934
7.000515803946562,5154.213335202064,60.36212124911549
7.001302997855836,5156.218748492959,57.23598389404586
7.00209019176511,5174.244707272376,58.05021709926791
7.002877385674385,5171.071197133006,59.127574680477814
7.003664579583658,5198.512534059124,55.61715324889079
7.004451773492932,5220.893030237268,57.64648241642754
7.005238967402207,5195.182674455054,58.51764893588202
7.006026161311481,5188.998226212867,58.00389026414837
7.006813355220755,5198.513809015722,61.010345041150906
7.0076005491300295,5185.146509994695,63.06349554182076
7.008387743039304,5173.586171091339,58.151298944298816
7.009174936948578,5140.954701364776,59.47758138009444
7.009962130857852,5101.042167004244,64.19235577188675
7.010749324767127,5120.024070457176,57.42199122345134
7.011536518676401,5086.976362063561,54.31250032488655
7.012323712585675,5055.203109929591,61.26046630522622
7.0131109064949495,5095.484723126447,62.182556387067265
7.013898100404224,5117.616753472223,53.19358859231643
7.014685294313498,5116.106998396508,59.51961628009044
7.0154724882227715,5152.22541865596,62.878863110949965
7.016259682132046,5155.058019567419,51.255125599592404
7.01704687604132,5157.366964457948,56.855941362125286
7.017834069950594,5198.354660976081,64.74190654464239
7.018621263859869,5200.81583357446,50.70403117848726
7.019408457769143,5200.6230709876545,52.04013859290894
7.020195651678417,5223.083046995564,64.41598042147457
7.0209828455876915,5196.253781165606,53.0995193984368
7.021770039496966,5191.863543475116,49.26369726444938
7.02255723340624,5200.711103274499,65.46992126290174
7.023344427315514,5142.336754316165,61.82604296806872
7.024131621224789,5135.962745949074,51.26606699543295
7.024918815134063,5127.041461709105,69.11125454655114
7.025706009043337,5078.92214476032,62.89844731980938
7.0264932029526115,5094.902278947242,49.73397928177455
7.027280396861885,5112.9075445481285,59.72925590083164
7.028067590771159,5104.738742404514,63.80925279693953
7.0288547846804335,5131.292799961419,51.97952156632195
7.029641978589708,5145.05689380787,53.89070093670663
7.030429172498982,5140.386072229456,73.03873311358025
7.031216366408256,5195.5336175612465,58.41110473768977
7.032003560317531,5210.189557110822,49.28316889966363
7.032790754226805,5201.8310305748455,61.27082231902077
7.033577948136079,5219.006917317708,62.74693603850894
7.0343651420453535,5210.808370707948,48.91688351289471
7.035152335954628,5207.85169662664,61.59370119736283
7.035939529863902,5226.9928641613615,65.78492301693176
7.036726723773176,5214.871506679206,49.37020339667479
7.037513917682451,5207.472675841532,57.49984422241235
7.038301111591724,5185.457741066261,68.09566422617937
7.039088305500998,5145.233323085456,55.14470436215037
7.039875499410273,5134.061324508102,55.07050639751429
7.040662693319547,5131.400443371432,68.87561176584803
7.041449887228821,5114.494155695409,60.87691922389475
7.042237081138095,5131.48449254919,50.20938301817302
7.04302427504737,5160.965708791474,64.61807980473299
7.043811468956644,5161.0285885657795,59.16594292400684
7.044598662865918,5193.156789520641,48.62182344998475
7.045385856775193,5199.819709683642,56.10243315304336
7.046173050684467,5191.479355046778,62.199155832680496
7.046960244593741,5209.842583550348,56.54005742047758
7.047747438503015,5210.068784360533,54.76206135620971
7.04853463241229,5229.637226622782,65.00219449837837
7.049321826321564,5263.7511965904705,57.171929846290666
7.050109020230837,5233.342500663098,51.72314047776227
7.050896214140112,5223.018563729745,60.533648548672296
7.051683408049386,5234.967410240644,60.05476782611103
7.05247060195866,5198.703152126736,51.65099193786146
7.0532577958679346,5187.670037917149,62.24700435263887
7.054044989777209,5154.401933834876,63.245050467524095
7.054832183686483,5116.885862750772,54.628424350123105
7.055619377595757,5117.876003689236,62.422901532284506
7.056406571505032,5136.248664761767,67.17835959870551
7.057193765414306,5137.493572470583,58.34641315842059
7.05798095932358,5173.466412579572,58.61260900733995
7.058768153232855,5194.008424358603,58.55505480212602
7.059555347142129,5181.315737123842,51.58756058721235
7.060342541051403,5203.781540858893,52.731832120376126
7.061129734960677,5230.665103865258,58.51428477920735
7.061916928869951,5222.098524305556,55.58905905162091
7.062704122779225,5221.291401427469,54.67444089546336
7.063491316688499,5237.189777138792,55.4732537064619
7.064278510597774,5221.056126724055,51.47015083013739
7.065065704507048,5241.85631118586,54.80376090763431
7.065852898416322,5247.115033938561,57.72431644885017
7.0666400923255965,5208.637205524209,57.53971636944339
7.067427286234871,5193.513129340277,56.4327773540742
7.068214480144145,5169.191418306327,65.97695649374074
7.069001674053419,5139.319742838542,64.13543199289221
7.069788867962694,5150.852154767072,64.8729142876396
7.070576061871968,5116.188199266975,57.89558517158227
7.071363255781242,5137.1650059076,58.0533874897544
7.0721504496905165,5156.850417148919,51.548661344919836
7.072937643599791,5160.097846137152,53.11985817527853
7.073724837509064,5175.515004099151,59.66115123122978
7.0745120314183385,5213.4251874758875,51.63015344772824
7.075299225327613,5223.128027645158,51.491317631727135
7.076086419236887,5220.402655707465,63.25164728150693
7.076873613146161,5239.439995659723,55.725542585673004
7.077660807055436,5243.165967399691,49.83041616121164
7.07844800096471,5257.524077992381,61.22763953235632
7.079235194873984,5252.989878713349,63.339523064674815
7.0800223887832585,5254.626692406925,51.94773767764154
7.080809582692533,5266.50297941985,60.17466119981476
7.081596776601807,5242.589088722511,65.5255389473168
7.082383970511081,5212.328806182484,54.22229967711277
7.083171164420356,5197.753440574364,55.00766167672698
7.08395835832963,5171.264952859761,66.38624945183318
7.084745552238904,5168.9247715326,59.20979906304824
7.085532746148178,5177.876005196277,52.33068271806199
7.086319940057452,5197.469146351756,82.7984554712577
7.087107133966726,5205.029947916667,61.364735725229444
7.0878943278760005,5234.574098186728,47.18977465278369
7.088681521785275,5245.943374445409,54.40196038040131
7.089468715694549,5224.857946325232,63.20742699150834
7.090255909603823,5177.415411301601,47.24851006509039
7.091043103513098,5206.572000385802,47.07950492642636
7.091830297422372,5298.62035228588,65.65784458651889
7.092617491331646,5322.998801902489,59.7515302140636
7.0934046852409205,5294.499266071084,48.655682384807676
7.094191879150195,5276.563886477624,60.34355468629494
7.094979073059469,5289.286502037519,62.19473671190337
7.095766266968743,5249.009657118056,49.756994595012955
7.096553460878018,5219.805742428626,56.01570524370751
7.097340654787291,5218.225163966049,66.1299422683843
7.098127848696565,5188.432653356482,55.17326776699074
7.09891504260584,5180.799449025849,51.76691790483291
7.099702236515114,5164.317643530575,66.19005981663793
7.100489430424388,5168.874517746914,59.725795402895294
7.1012766243336625,5191.58319317853,47.9873533413113
7.102063818242937,5212.506783191068,56.911046260280415
7.102851012152211,5236.616801697531,60.66367943704909
7.103638206061485,5246.9901439525465,50.03188122670772
7.10442539997076,5268.908507547261,52.59529916712956
7.105212593880034,5265.480783721547,59.67117765525958
7.105999787789308,5268.527307581018,51.26092405440029
7.1067869816985825,5282.332695855035,48.056027980737
7.107574175607857,5283.526239089024,58.40007652502969
7.108361369517131,5279.5844651210455,57.47234104130769
7.109148563426404,5269.587054217303,51.16853670479904
7.109935757335679,5261.153115354939,55.64472646056258
7.110722951244953,5239.105025679977,61.75935102643652
7.111510145154227,5229.64724241657,64.37051406463786
7.112297339063502,5203.111197012442,56.25230937969816
7.113084532972776,5196.3744212962965,61.59477109704816
7.11387172688205,5195.788477768133,60.55667534898389
7.1146589207913244,5189.172890745564,51.83818751943172
7.115446114700599,5221.408887321566,56.75861138325395
7.116233308609873,5221.314973054109,57.4956777045571
7.117020502519147,5231.870496961806,51.22721070413039
7.117807696428422,5241.685792522666,53.620888460855575
7.118594890337696,5273.150342399691,56.86434253542413
7.11938208424697,5275.093908239294,49.88058989874211
7.1201692781562445,5270.998464325328,54.62140136365009
7.120956472065518,5278.520482192805,57.07522249799376
7.121743665974792,5294.443924515335,53.005843516805214
7.122530859884066,5289.675847559799,55.94547117462347
7.123318053793341,5283.535215024595,56.41751138073848
7.124105247702615,5296.453236521026,56.676042108710696
7.124892441611889,5276.311842930169,52.61703479131031
7.125679635521164,5245.372734917535,58.739341418619496
7.126466829430438,5254.671558521412,57.79896907308844
7.127254023339712,5242.149729034047,59.33713209465972
7.128041217248986,5218.821757752218,59.74636869987083
7.128828411158261,5228.833621178144,58.15275478424342
7.129615605067535,5242.182404694734,54.130058868793604
7.130402798976809,5244.192966037326,58.91824689842959
7.131189992886084,5239.448177384742,61.45744770052631
7.131977186795358,5247.563955801505,55.52162648251256
7.132764380704631,5258.23745539159,53.868194868042536
7.1335515746139055,5266.316779996142,57.10606190615025
7.13433876852318,5278.339855806327,53.99237622649135
7.135125962432454,5287.206743405189,49.899867804661945
7.135913156341728,5313.3599190417635,58.768400151994015
7.136700350251003,5299.0991452064045,58.30783545791797
7.137487544160277,5293.7790120442705,50.77946243898863
7.138274738069551,5288.853918004919,54.667037844404646
7.1390619319788255,5270.733981662326,59.843851299107
7.1398491258881,5276.195639527874,56.31998517609758
7.140636319797374,5267.051705066068,52.68519932383213
7.141423513706648,5228.000640492381,58.23593584803465
7.142210707615923,5216.163702317226,59.38503045501638
7.142997901525197,5204.7463785807295,52.30513111438125
7.143785095434471,5194.773990584008,56.24531907516966
7.144572289343745,5231.189532998167,66.04691953451051
7.145359483253019,5251.022112811053,55.921733670654696
7.146146677162293,5257.370178976176,53.51405176192017
7.1469338710715675,5271.789041401427,61.60167964676477
7.147721064980842,5280.311190381462,57.03671052832764
7.148508258890116,5289.819239486883,48.97385793085556
7.14929545279939,5309.54914912471,56.46806536705637
7.150082646708665,5306.608739028742,60.3100557522245
7.150869840617939,5307.202591507523,50.50092104695994
7.151657034527213,5307.601714711131,51.75207306888857
7.1524442284364875,5286.850450303819,59.4744334957143
7.153231422345762,5292.832209080826,59.94022868454218
7.154018616255036,5305.167111243731,49.4859310845121
7.15480581016431,5303.053504472898,58.71809771396531
7.155593004073585,5267.110937801408,64.4068492359018
7.156380197982858,5223.310745804398,52.651219908924276
7.157167391892132,5219.525419258777,55.9974701769931
7.157954585801407,5251.057074652777,65.5741754105404
7.158741779710681,5239.976523316936,58.419618964380724
7.159528973619955,5242.398096908758,53.063435592611214
7.1603161675292295,5240.742317105517,58.25986383481075
7.161103361438504,5259.3547770182295,60.877727243353455
7.161890555347778,5287.002298237365,53.847789391046724
7.162677749257052,5302.438488618827,54.30764731424819
7.163464943166327,5312.049033082561,61.2257717941979
7.164252137075601,5325.644944179206,56.16046472252639
7.165039330984875,5320.290346498842,51.06124609130748
7.1658265248941495,5315.309668270158,58.69808777178286
7.166613718803424,5324.435584551023,59.76604227501701
7.167400912712698,5312.776597764757,49.14919314319321
7.1681881066219715,5302.301008813175,54.46279471716279
7.168975300531246,5314.723974910783,61.80164500398691
7.16976249444052,5305.04120099103,58.28703730629263
7.170549688349794,5301.735897111304,55.2991654618819
7.171336882259069,5284.365162037037,61.38951430391584
7.172124076168343,5220.986920392072,63.56101636703997
7.172911270077617,5244.213577835648,61.15970001670375
7.1736984639868915,5237.018973644869,59.42881954528331
7.174485657896166,5234.3149579837,60.62429352179713
7.17527285180544,5245.497300889757,60.199861135673295
7.176060045714714,5260.657751012732,55.480624956721556
7.176847239623989,5298.172833478009,59.94668412490762
7.177634433533263,5311.715191876447,59.11687436400037
7.178421627442537,5308.576666184414,52.642257866780824
7.1792088213518115,5335.362722137828,55.707332205864304
7.179996015261085,5326.110446506076,55.35696183974481
7.180783209170359,5318.806627061632,52.83056859123586
7.1815704030796335,5330.418663495852,54.96047302002179
7.182357596988908,5311.874507197627,55.54767525628657
7.183144790898182,5302.4588623046875,57.44497334459859
7.183931984807456,5306.9965895664545,55.935603759224634
7.184719178716731,5296.291710370852,57.9284400131359
7.185506372626005,5274.367268880208,57.12657925735075
7.186293566535279,5265.890801323785,59.466794654757
7.1870807604445535,5250.387603383006,55.34958355502174
7.187867954353828,5240.943889853395,58.91849277923352
7.188655148263102,5256.471063307774,60.83435224159107
7.189442342172376,5262.982647931134,62.923138049771424
7.190229536081651,5291.807475525656,63.27598731649102
7.191016729990925,5313.676280080536,65.05057828473814
7.191803923900198,5315.115544825424,60.671858863869225
7.192591117809473,5339.791422526042,63.43696086177815
7.193378311718747,5326.954909336419,55.768475465781286
7.194165505628021,5339.700685100791,53.03506715549291
7.194952699537295,5352.590137622975,60.442468431104025
7.19573989344657,5351.176926601081,57.17410965922834
7.196527087355844,5363.31165756414,54.32234065498164
7.197314281265118,5359.647994429977,56.86057023151075
7.198101475174393,5347.240553867669,65.60675404144499
7.198888669083667,5336.692744502315,61.37737489615682
7.199675862992941,5308.506985134549,57.10500446768824
7.200463056902215,5279.840333538291,63.822826082980995
7.20125025081149,5301.868542329765,66.57008063786746
7.202037444720764,5289.242158866223,58.576475739588126
7.202824638630038,5274.274383921682,58.92055039714357
7.203611832539312,5279.007078571084,66.57909227856979
7.204399026448586,5263.840440538194,62.3031329111267
7.20518622035786,5276.520771544657,56.39457346349925
7.205973414267135,5302.647652331693,62.08402484204236
7.206760608176409,5313.476318359375,61.94419154169822
7.207547802085683,5336.445529513889,55.67371113919349
7.208334995994957,5364.772497106482,52.8298924113916
7.209122189904232,5361.374094268422,60.94866217536761
7.209909383813506,5388.3515218098955,60.84605194195896
7.21069657772278,5388.265055338542,54.73497520278486
7.211483771632055,5369.742098584587,54.65535753718564
7.212270965541329,5386.6012279369215,64.98778501200937
7.213058159450603,5377.277034806617,57.78568658690508
7.213845353359877,5359.4992434654705,51.84075129601294
7.214632547269152,5352.83034788532,56.354274316746405
7.215419741178425,5351.6534906081215,59.57628800006233
7.216206935087699,5350.393795814043,55.17683465974789
7.216994128996974,5362.341980733989,54.02365441923987
7.217781322906248,5334.452223789544,63.27591519144805
7.218568516815522,5333.892412350501,67.4246065482888
7.2193557107247965,5300.436965000482,56.91519557718741
7.220142904634071,5301.1698811848955,56.99866665459624
7.220930098543345,5334.822142047647,63.087148853285136
7.221717292452619,5324.46164430218,60.029758048962144
7.222504486361894,5348.195068359375,52.90294181103139
7.223291680271168,5352.504221221547,57.34170054498258
7.224078874180442,5361.785266263985,60.0762569767743
7.2248660680897165,5405.711602105035,55.226457169837396
7.225653261998991,5433.163631486304,51.247926760626164
7.226440455908265,5411.744757004726,56.50059844019286
7.2272276498175385,5405.633165147569,62.288128353327195
7.228014843726813,5421.016750759549,49.70653037251877
7.228802037636087,5409.421129014757,51.191271240622974
7.229589231545361,5394.567241150656,58.07502832578692
7.230376425454636,5393.251797899788,57.44797096190758
7.23116361936391,5383.727311499325,53.16237816384943
7.231950813273184,5375.225127797068,59.526114642822535
7.2327380071824585,5379.342735761477,65.52802701039506
7.233525201091733,5345.628723898051,57.295383220977115
7.234312395001007,5316.28776493779,53.94441118360464
7.235099588910281,5312.5494068287035,59.551257643122305
7.235886782819556,5298.965936354649,61.46713317849851
7.23667397672883,5308.10429024402,53.14295498021232
7.237461170638104,5341.355408468364,54.91925445370267
7.2382483645473785,5369.983925901814,61.51772525715102
7.239035558456652,5372.812370394483,56.02314477817804
7.239822752365926,5398.030550733025,49.63891501168883
7.2406099462752005,5412.89650095245,51.024480550346595
7.241397140184475,5415.31627212336,59.898091442264125
7.242184334093749,5420.523375711324,57.53715658489205
7.242971528003023,5422.354978961709,51.863421946816075
7.243758721912298,5436.759393385899,54.027698056464764
7.244545915821572,5447.238187813465,56.8979019119456
7.245333109730846,5439.7231204185955,52.98618560938151
7.2461203036401205,5425.996473524306,52.88507685549387
7.246907497549395,5412.773687668789,59.97827447810316
7.247694691458669,5393.5338948567705,57.52243372219008
7.248481885367943,5380.879661277489,56.36111516216034
7.249269079277218,5377.353844159915,58.2994377409812
7.250056273186492,5356.6490162037035,63.09324943119445
7.250843467095765,5336.262757101176,58.214238702123865
7.25163066100504,5316.7176513671875,53.82436787251264
7.252417854914314,5329.926079644098,56.27504248564124
7.253205048823588,5368.860211407697,57.41816453941081
7.2539922427328625,5365.01680350598,54.25108557366148
7.254779436642137,5402.6389084804205,52.88436350933658
7.255566630551411,5428.935842255016,55.676972191034295
7.256353824460685,5418.04010687934,53.71333887398728
7.25714101836996,5442.368296682099,54.79268880130938
7.257928212279234,5452.895438488619,55.11428675717744
7.258715406188508,5451.283561800733,56.174342574954835
7.2595026000977825,5462.373132776331,58.78111056776343
7.260289794007057,5457.959665557484,53.372285275452455
7.261076987916331,5453.299078293789,54.00984936040744
7.261864181825605,5432.381649064429,58.63093849907333
7.262651375734879,5429.274400499132,58.68241431076362
7.263438569644153,5428.591163917824,60.58247631115818
7.264225763553427,5416.28618254485,59.382302335638386
7.265012957462702,5393.614545657311,60.26592275334325
7.265800151371976,5380.493604118441,64.76411888800452
7.26658734528125,5378.424545476466,55.54979783729684
7.2673745391905245,5374.663798767843,53.879177254282226
7.268161733099799,5409.838662229939,78.77387852110287
7.268948927009073,5491.4328854407795,202.83055937803522
7.269736120918347,5418.3153558424965,56.99772351970439
7.270523314827622,5433.008336950232,52.07490419169447
7.271310508736896,5459.878851996527,55.87676750424253
7.27209770264617,5464.550428602431,56.865130727305655
7.2728848965554445,5477.6693838614,49.675259857239894
7.273672090464719,5484.931916413484,54.31850056400817
7.274459284373992,5504.902003158758,61.98014930219442
7.275246478283266,5508.090936354649,57.31472285307352
7.276033672192541,5478.349038206501,50.97583825240311
7.276820866101815,5491.928046332465,56.280226381832925
7.277608060011089,5472.022602599344,62.109928845309845
7.278395253920364,5481.967313790027,57.650461384665626
7.279182447829638,5478.333761332948,53.81190856390816
7.279969641738912,5460.823611412519,57.61444461630417
7.280756835648186,5425.87673460407,64.04392720025066
7.281544029557461,5429.451183931327,50.69393791826373
7.282331223466735,5422.8797773196375,49.49573254492242
7.283118417376009,5410.717063621239,62.010818982827814
7.283905611285284,5404.1522879894865,59.828950149067225
7.284692805194558,5411.49163140191,49.067264127805544
7.285479999103832,5432.412495177469,48.22295289789451
7.2862671930131055,5463.211706090857,58.80309843699479
7.28705438692238,5477.15109742718,59.03942731478895
7.287841580831654,5481.814624927662,48.47488566506174
7.288628774740928,5488.59933961468,52.71837751636762
7.289415968650203,5502.038723415799,65.25653317196789
7.290203162559477,5514.989449206693,54.78587553435973
7.290990356468751,5519.728658793885,49.05597096733898
7.2917775503780256,5523.348937234761,57.40967573174669
7.2925647442873,5514.480504918982,61.45822365468095
7.293351938196574,5497.487007800443,55.55066582257144
7.294139132105848,5494.134146231192,48.43858947149645
7.294926326015123,5494.263148931809,58.58324807647828
7.295713519924397,5487.989221643518,61.65736421021326
7.296500713833671,5483.275601610725,57.455151243528505
7.297287907742946,5473.562896351756,53.51168630573545
7.298075101652219,5469.997585720486,60.276090541292895
7.298862295561493,5463.118910047743,56.537737494305794
7.2996494894707675,5477.229870454765,50.466700141591424
7.300436683380042,5480.8042896412035,54.63762514929499
7.301223877289316,5495.435007354359,58.34146503882492
7.30201107119859,5535.691525306231,55.14387502886085
7.302798265107865,5470.065536687403,45.79899764804835
7.303585459017139,5427.606240354939,51.21516842757108
7.304372652926413,5449.414663809317,58.06526319571742
7.3051598468356875,5436.509994695216,52.73672731490469
7.305947040744962,5497.106026355131,51.18641061208204
7.306734234654236,5585.255357530382,53.09480967796908
7.30752142856351,5620.778874903549,55.47725424254557
7.308308622472785,5610.738317418982,50.22979645195985
7.309095816382059,5615.398592725212,53.01894646699547
7.309883010291332,5638.716311607832,61.03588584323365
7.310670204200607,5641.1019452883875,61.28517610998398
7.311457398109881,5653.598448953511,54.851567310664834
7.312244592019155,5651.266565393518,57.57759944390216
7.3130317859284295,5684.419614438658,67.3027652772022
7.313818979837704,5711.981920030382,57.57137657944811
7.314606173746978,5739.562022268036,53.86166083364211
7.315393367656252,5771.243730709876,51.95617455514929
7.316180561565527,5837.483763141397,54.19306977064345
7.316967755474801,5858.968208972318,53.39211572998455
7.317754949384075,5854.79547797309,53.508573795932065
7.3185421432933495,5830.830546814718,56.15658980767853
7.319329337202624,5808.000373746142,54.08903031872831
7.320116531111898,5776.836850766783,54.0851334082581
7.320903725021172,5703.234227309992,57.62832021637395
7.321690918930446,5667.733591338734,55.1821639890908
7.32247811283972,5639.125043704186,51.72294199217722
7.323265306748994,5628.0737063560955,55.01239897786846
7.324052500658269,5605.3954023196375,55.52488284630391
7.324839694567543,5575.008903597608,56.497162042001705
7.325626888476817,5558.223887502411,62.10770730402032
7.3264140823860915,5530.114610460069,65.28424897944313
7.327201276295366,5511.951670705536,65.18396665563397
7.32798847020464,5512.937062958141,60.62721872976143
7.328775664113914,5495.790889033565,60.80144032557697
7.329562858023189,5486.469836576485,65.89334324306351
7.330350051932463,5538.758204330633,65.17918125979446
7.331137245841737,5535.689228575907,58.30307026247549
7.3319244397510115,5548.7066484616125,60.586330584859084
7.332711633660286,5578.138887381848,67.40037255422186
7.333498827569559,5567.115000783661,60.09615108233615
7.3342860214788335,5576.477694287712,49.1118289532541
7.335073215388108,5574.891004774306,49.647915605903
7.335860409297382,5630.319714204765,61.290937979686554
7.336647603206656,5698.256212022569,59.020868312219605
7.337434797115931,5633.536354347511,54.61091688671202
7.338221991025205,5576.1735432942705,63.156894459783864
7.339009184934479,5577.435925142265,70.05194256347274
7.3397963788437535,5570.497394326292,62.242462521695636
7.340583572753028,5565.715582200039,55.913394318970354
7.341370766662302,5554.584067262249,65.74832703026674
7.342157960571576,5518.466757691936,70.39285182015044
7.342945154480851,5538.524233217592,60.174338413419754
7.343732348390125,5520.707742573302,55.710236580512955
7.344519542299399,5504.1032473717205,67.26027058036668
7.345306736208673,5517.286710009163,69.51882261564532
7.346093930117947,5532.1786702473955,52.495406629900145
7.346881124027221,5547.327834141107,48.70904813286238
7.347668317936495,5540.224134657118,59.62527456361812
7.34845551184577,5571.20760392554,58.14410891154432
7.349242705755044,5614.885767807195,54.02995624656305
7.350029899664318,5654.4282060788,53.61767792774229
7.350817093573593,5687.873783817998,63.15195718503581
7.351604287482867,5596.52266288098,59.19004588684566
7.352391481392141,5553.608865620177,46.36348622106265
7.3531786753014154,5597.334190839602,49.386101340487706
7.35396586921069,5677.948207525559,61.167290842522085
7.354753063119964,5699.887592833719,58.20022984120847
7.355540257029238,5666.659356011285,47.5370235539523
7.356327450938513,5629.534874433352,52.91563821136384
7.357114644847786,5612.421225465374,65.89194732726727
7.35790183875706,5594.25267650463,59.490681634810265
7.358689032666335,5560.212944878473,49.0116510859483
7.359476226575609,5553.880687572338,57.16024082167311
7.360263420484883,5538.139532395351,62.34836070590068
7.361050614394157,5543.454861111111,56.07918222188015
7.361837808303432,5539.187058437018,48.81404058722642
7.362625002212706,5545.784080222801,56.4916560463387
7.36341219612198,5579.351597161941,63.08045846645296
7.364199390031255,5599.366488233025,50.14139621856124
7.364986583940529,5616.13112913532,47.183828802634416
7.365773777849803,5636.972271954572,54.45549049657679
7.366560971759077,5646.675235701196,56.51113715989205
7.367348165668352,5657.513255931713,51.70605725766294
7.368135359577626,5684.439793716242,48.75227414588792
7.368922553486899,5682.742561246142,57.400872148930844
7.369709747396174,5678.382670838156,54.07708992464145
7.370496941305448,5675.872807255498,50.681280112897944
7.371284135214722,5669.275384596836,52.968812611858105
7.3720713291239965,5699.175354757426,62.54512862795976
7.372858523033271,5672.561167775849,59.940790108836495
7.373645716942545,5655.098417305652,55.80696744536927
7.374432910851819,5631.231431749132,55.61514731605463
7.375220104761094,5608.864426601081,57.2814714106914
7.376007298670368,5563.810394663869,53.07248332097706
7.376794492579642,5566.291098512249,54.58028776275248
7.3775816864889165,5617.437224211516,58.06925848454443
7.378368880398191,5649.828143084491,56.32578734928212
7.379156074307465,5648.527010693962,57.882566318699624
7.379943268216739,5655.436882113233,62.71857025056589
7.380730462126013,5678.944337444541,65.85653830242607
7.381517656035287,5702.464916087963,64.57487318621999
7.382304849944561,5713.507496021412,60.821767991209335
7.383092043853836,5721.834890106578,64.04741737796333
7.38387923776311,5751.613807207273,68.37139449084744
7.384666431672384,5767.1782723886,64.33331141052098
7.3854536255816585,5749.363709249614,60.02154048950262
7.386240819490933,5740.263222776814,65.6541902790767
7.387028013400207,5754.064525462963,69.72180646281625
7.387815207309481,5730.1385663821375,63.42778027597527
7.388602401218756,5709.612092194734,59.80867504537026
7.38938959512803,5687.319866415895,66.38881440909292
7.390176789037304,5645.800745081018,69.18043300509471
7.390422830280601,5419.807373046875,62.58925880612027
7.3909639829465785,5626.266963252315,61.29959784906692
7.391702020418969,5502.062201052296,67.70487603426402
7.391751176855853,5614.148139105902,58.28655013952214
7.392538370765126,5603.2752685546875,65.68876228770807
7.392981210557337,5547.107357102997,66.14495290528544
7.3933255646744005,5592.663254726081,60.25715008233663
7.394112758583675,5611.192132643711,53.03453548680638
7.394260400695705,5596.935063576212,61.90935864054076
7.394899952492949,5646.048100224248,49.698578228266015
7.3955395908340735,5614.4657605229595,58.707296339666605
7.395687146402223,5673.470969871239,55.166813158814
7.396474340311498,5705.220003858025,60.766109822520704
7.396818780972441,5672.095344387755,57.25364894343121
7.397261534220772,5741.472377447434,50.39271338747686
7.398048728130046,5760.956321433739,49.04712831379701
7.3980979711108095,5673.160061583227,56.31319276577609
7.3988359220393205,5768.1467209804205,56.378413727937776
7.399377161249177,5646.018833705357,54.875641276504595
7.399623115948595,5792.547227647569,59.69255355308118
7.400410309857869,5803.446543752411,50.37822597865032
7.400656351387545,5607.45338408801,56.104816028268836
7.401197503767143,5812.36932599103,48.490789468018264
7.401935541525914,5530.882159797513,58.7685335668025
7.401984697676418,5820.579029224537,57.645145347049066
7.402771891585692,5816.176592038001,61.10137586821462
7.403214731664281,5489.52171356824,62.95194881527211
7.403559085494966,5803.112958743249,53.52275838158635
7.40434627940424,5783.286328727816,53.19409925893795
7.40449392180265,5456.670400191327,60.991856659219884
7.405133473313514,5752.413129641686,60.51749147330477
7.405773111941017,5495.4869160554845,60.64829942828522
7.405920667222788,5657.6559320143715,63.979726155303474
7.4067078611320625,5626.988389756944,49.21433003282974
7.407052302079386,5533.318967235332,58.75623237747476
7.407495055041337,5641.611674744406,48.82839935322591
7.408282248950611,5678.283111195506,61.557265271782306
7.408331492217754,5583.921102718431,57.64233217079696
7.409069442859885,5663.132456838349,64.21199260697352
7.409610682356122,5623.9064343510845,55.9620277735846
7.40985663676916,5672.529509367766,51.24669793386093
7.410643830678434,5703.590553566261,49.72385270563131
7.41088987249449,5665.266835738202,57.97662310630542
7.411431024587708,5736.199532214506,58.80209723660426
7.412169062632858,5710.814732142857,58.30622940807251
7.4122182184969825,5757.932321807484,54.874433724105586
7.413005412406257,5793.11558852961,51.10261928104702
7.413448252771226,5720.727593869579,59.508908469047654
7.413792606315531,5822.370163905768,49.06124149030315
7.414579800224805,5829.002892011477,56.98486675936591
7.414727442909594,5746.22389190051,60.5560347068082
7.41536699413408,5861.992232711227,56.85562580147385
7.416006633047962,5714.413823341837,56.37356081051399
7.416154188043353,5888.06566478588,49.92113875839763
7.416941381952627,5897.271840036651,50.34247872666341
7.41728582318633,5682.09705337213,64.27491953385686
7.417728575861902,5909.586480034723,60.3156138519259
7.418515769771176,5877.591745635609,61.12547285408136
7.418565013324698,5621.27550522162,62.786103906744145
7.41930296368045,5886.804606119792,56.0670018591384
7.419844203463066,5586.062823860013,64.0502414119804
7.4200901575897245,5859.013494044174,49.73382896528107
7.420877351498999,5840.240826642072,57.52035040300068
7.421123393601435,5546.603445870535,63.44769290735659
7.421664545408273,5814.02135024836,61.99456733823031
7.422402583739802,5575.2295121173465,68.37365632117182
7.422451739317547,5767.897002797068,54.44337881080894
7.423238933226822,5738.2763114269865,54.66465740828825
7.423681773878171,5598.474818638393,61.513384127841185
7.424026127136096,5742.607132523148,60.71247609000834
7.42481332104537,5719.364759657118,62.20549422245528
7.424960964016538,5642.5183703364155,59.951156495655596
7.4256005149546445,5705.508338457273,56.06085593998234
7.426240154154907,5680.345075334822,58.69623447163309
7.426387708863919,5717.59268904321,52.88517192265167
7.427174902773193,5754.057205765335,58.266954734861514
7.427519344293275,5718.087895607462,57.29278289058147
7.427962096682466,5768.804657359182,58.446659130576556
7.428749290591741,5781.819057134934,50.62896120313276
7.4287985344316425,5750.203977000957,56.57209904364193
7.429536484501015,5821.529437029803,50.04357897043084
7.430077724570011,5772.947280572385,59.453745353401125
7.430323678410289,5862.527800383391,55.358109104654986
7.431110872319564,5872.3536376953125,53.3086024706303
7.4313569147083784,5778.111995774872,62.15103244857883
7.431898066228838,5891.710610472126,52.44149393162646
7.432636104846747,5762.389967315051,65.49860414545768
7.432685260138112,5930.920482494213,54.81742738355509
7.433472454047386,5953.658065984278,58.51008639264874
7.433915294985115,5711.6089863679845,66.09279942084484
7.434259647956661,5945.810239438658,56.17544813410496
7.435046841865935,5954.826937451775,53.16456149853972
7.435194485123483,5676.333391462053,63.53287188625056
7.435834035775209,5958.393720461999,56.37059245077666
7.436473675261851,5676.162637515944,62.99509278171928
7.436621229684484,5931.157102985147,59.05641230398007
7.437408423593758,5884.869015540606,55.45854372849694
7.437752865400219,5663.933798030931,55.60357835429672
7.438195617503032,5872.178144290124,54.424854474283755
7.438982811412306,5833.751930519386,57.706132608160935
7.439032055538587,5670.321881975447,55.335175828990245
7.43977000532158,5798.106051974826,62.81919064994291
7.440311245676956,5688.37804428412,54.54842041290329
7.440557199230854,5788.702175564236,56.385433528539856
7.441344393140128,5793.374945746527,55.4546852846721
7.441590435815323,5717.407311264349,55.73744054212767
7.442131587049403,5805.394825122975,59.660317075088024
7.4428696259536915,5772.260258888712,57.74319836640124
7.442918780958677,5811.501198097511,61.30305200006472
7.443705974867951,5854.104671525367,54.737074011755446
7.444148816092059,5797.230792610013,56.11987513067717
7.4444931687772256,5879.238141095197,49.767133107198546
7.4452803626865,5900.079684787326,55.43068967728149
7.445428006230427,5839.623281050702,61.37441604658715
7.446067556595774,5946.200808678144,62.40961740338087
7.446707196368795,5858.419010084503,60.29885993827328
7.446854750505048,5940.861939983603,52.24597254783493
7.447641944414323,5962.48572229456,47.29414345165916
7.447986386507163,5858.316680285396,62.793214725080865
7.448429138323597,5985.870186511381,54.139989965198396
7.449216332232871,6006.945574725116,57.8282274868704
7.449265576645532,5834.590381855867,63.36776955222026
7.450003526142146,6041.706687644676,56.38521638641332
7.450544766783899,5821.586645009566,63.41949215044884
7.45079072005142,6043.694167148919,48.65608369476035
7.451577913960693,6041.05524359809,53.057024641544494
7.451823956922268,5741.0046187420285,60.135954829363826
7.4523651078699675,6068.7318778332365,62.73234315348235
7.453103147060635,5754.392911949936,60.28994949704336
7.453152301779242,6029.371041003568,56.66688315167183
7.453939495688516,6004.726752387152,49.35115532109201
7.454382337199004,5755.291613520408,61.21816042995977
7.45472668959779,5992.52135024836,54.96369771892287
7.455513883507065,5964.364245756173,62.61295666008628
7.455661527337372,5792.814293686224,60.205137483057314
7.456301077416339,5938.208301685475,60.045912876548066
7.45694071747574,5879.3281050701535,57.01269344436859
7.457088271325613,5993.979667004244,51.351412948435545
7.4578754652348875,6027.860918209876,52.62016834538629
7.458219907614108,5943.303586375957,55.082406252095815
7.458662659144162,6082.325478636189,63.22379017219578
7.459449853053436,6101.599891191648,61.99701599141265
7.4594990977524755,6018.173902861926,57.800497930019226
7.46023704696271,6141.182139455536,52.28876437880638
7.460778287890844,6020.3704211176655,58.027158490401455
7.461024240871985,6164.2432544849535,49.5528628885008
7.461811434781259,6172.658923490548,56.492550924722444
7.462057478029212,6049.892124720982,64.56919484833912
7.462598628690533,6158.322964891975,56.22184756173843
7.46333666816758,6007.279271962691,64.61612088603738
7.463385822599807,6157.261878496335,49.54051907199592
7.464173016509081,6122.125819830247,48.001579873402065
7.464615858305948,5970.235829878827,69.03428139831826
7.464960210418355,6085.370738088349,54.30374960985182
7.4657474043276295,6095.755111882716,55.69896478690265
7.465895048444316,5903.276865433673,68.03706815638166
7.466534598236904,6102.3767330970295,53.275438711926945
7.467174238582684,5865.789535833865,63.99918041151502
7.467321792146178,6106.669756100501,48.00098961806436
7.468108986055452,6114.94766951196,53.27400427622593
7.468453428721053,5795.5121871014035,57.37519425142422
7.468896179964727,6082.221559124228,57.291434094994266
7.469683373874001,6072.686714831693,56.4459870034327
7.46973261885942,5761.9140824298465,53.177660819975
7.470470567783275,6044.80918300299,52.57471315298085
7.471011808997789,5725.850496253189,50.432325645658906
7.4712577616925495,6027.029619381751,56.65760148668332
7.472044955601824,5987.874223873939,59.751130612092865
7.472290999136156,5743.359788544324,50.5360570694414
7.472832149511098,5942.074482482157,60.076831687280745
7.4735701892745245,5801.4465929926655,53.81263998270976
7.473619343420372,5924.5612235363615,53.58484584385751
7.474406537329647,5938.303240740741,54.00415138011858
7.474849379412893,5803.841019610969,56.65815271946629
7.47519373123892,5944.129221221547,57.86659933831138
7.475980925148194,5952.859613112461,55.96699207374691
7.4761285695512605,5839.906200175383,59.10499390916544
7.476768119057469,5974.201259283372,52.350044792578764
7.477407759689629,5879.911511479592,61.04206132842284
7.477555312966743,6001.378933376736,50.05754528974411
7.478342506876017,6000.602056809414,52.95141836504462
7.478686949827996,5930.726512675383,62.59359770167459
7.4791297007852915,6021.734827112268,54.50031060615183
7.479916894694566,6043.413932894483,49.76468171605522
7.479966139966365,5903.7329699457905,61.74339711717604
7.48070408860384,6037.909420814043,51.43857285359717
7.481245330104733,5936.404391541773,65.15264666962024
7.481491282513114,6055.103976779514,53.22052846451388
7.482278476422389,6072.614116150656,54.34052238250869
7.482524520243101,5905.487802933673,60.03545485700956
7.483065670331663,6084.540349512924,56.50306634770804
7.483803710381469,5845.111382932079,59.14848238764111
7.483852864240937,6114.771047333141,54.91490657808213
7.4846400581502115,6115.30701135706,52.98861443684323
7.485082900519837,5812.0392867107785,57.346975533076005
7.485427252059486,6112.089644820602,52.20774062852026
7.48621444596876,6100.881178867669,54.53691233379368
7.486362090658205,5770.598787268814,58.338329015884895
7.4870016398780335,6086.741247106482,58.134045138014656
7.4876412807965735,5773.675492267219,61.01513211776489
7.487788833787308,6027.7917721595295,55.63222414722461
7.488576027696582,5992.823311511381,55.06100897202261
7.488920470934941,5813.217045998087,62.80426862774711
7.489363221605856,5976.883891541281,53.66262538579362
7.490150415515131,5971.864075460551,59.15785078804228
7.4901996610733095,5840.4832987882655,59.23756858647615
7.490937609424405,5948.605342158565,58.622110351020375
7.491478851211677,5882.056187220982,63.47404353688417
7.491724803333679,5993.953560534818,55.96200750394389
7.4925119972429535,6019.865020375193,52.96635597376584
7.492758041350045,5925.815031090561,66.67245292559323
7.493299191152228,6044.888659818673,55.48501517068946
7.494037231488414,5945.815310108418,71.33254461987455
7.494086385061502,6046.039876302083,56.290672367503866
7.494873578970776,6075.715873058932,52.37237504333653
7.495316421626781,5985.377795161033,77.78292311613187
7.495660772880051,6090.935323832948,48.93190908459353
7.496447966789325,6078.4327558352625,50.03483098716552
7.49659561176515,6016.285699338329,81.79469803523416
7.497235160698599,6103.286473403742,55.33042961478565
7.497874801903517,6049.696842115753,82.872242692689
7.4980223546078735,6109.285439573689,53.82451670332686
7.498809548517147,6125.820689260224,50.42699291653051
7.499153992041886,5978.105229591837,71.2846645439219
7.499596742426421,6141.2947018470295,52.634176781762584
7.5003839363356954,6163.93404887635,56.61869407525679
7.500433182180254,5950.815703722896,66.32641702740466
7.50117113024497,6212.153561439043,67.50247483997293
7.501712372318622,5900.117546237245,58.24906825140535
7.501958324154244,6204.828854407793,52.92061833538748
7.502745518063518,6174.786096643518,48.77852606932984
7.50299156245699,5904.248261120854,56.127198950809586
7.503532711972793,6154.106677396798,56.20207509145462
7.504270752595358,5896.978037308673,54.21154035789687
7.504319905882067,6130.833704065393,59.469441127056726
7.505107099791341,6129.834450050636,56.373994624589635
7.505549942733726,5904.571328922194,54.87087389702691
7.5058942937006154,6061.992428626543,51.443752262640615
7.50668148760989,6063.357974959008,57.51737197369249
7.5068291328720935,5905.810457190689,57.65235938806718
7.507468681519164,6066.225521134742,62.34154214798815
7.508108323010462,5900.775355747768,60.60180579731633
7.508255875428438,6074.964647834684,63.50090347082296
7.509043069337713,6081.736924913194,56.33827184306623
7.50938751314883,5935.13499481824,65.57621012721711
7.509830263246987,6084.007978274499,55.679358451270176
7.51061745715626,6067.1819902584875,57.56206951547781
7.510666703287198,5979.012137276785,66.97152856104152
7.511404651065535,6052.797215591242,58.625324417700284
7.511945893425566,6027.20677216199,67.716244690547
7.512191844974809,6106.928647641783,55.75221661980453
7.512979038884083,6141.937623577353,53.32405536295408
7.513225083563934,6019.434131855867,59.61446416464659
7.513766232793357,6134.5492922935955,60.70323503867734
7.514504273702302,6060.1268933354595,62.26166826924873
7.514553426702632,6055.511965904707,73.05266840359336
7.515340620611906,6069.487262490355,73.08223247854589
7.515783463840671,6019.180335220026,56.56625519875093
7.51612781452118,6056.694366078318,61.16129002572542
7.516915008430455,6070.511546947338,62.470933814420434
7.517062653979038,5973.428506656569,56.27118437262009
7.517702202339729,6111.475604021991,69.36845904487609
7.518341844117407,5895.780104033801,52.951246560374905
7.518489396249003,6130.593722873264,71.5539390242812
7.519276590158277,6098.445469232253,64.57667250975834
7.519621034255774,5857.239950374681,51.428609902847846
7.520063784067552,6088.872501326196,62.97559622534847
7.520850977976826,6046.6532148196375,66.67580264417695
7.5209002243941425,5827.517772441008,54.33621154217418
7.5216381718861,6034.089521243249,71.66342179877043
7.522179414532511,5877.622100207271,59.971445873701306
7.522425365795374,6025.779747480227,67.94956377274771
7.523212559704648,6013.578036084587,64.94886527427421
7.5234586046708785,5961.408551897322,63.100864268331975
7.523999753613922,6049.853272991416,102.11155852520405
7.524737794809247,5965.113525390625,61.326741204245046
7.5247869475231965,6116.209373191551,151.75803313460904
7.525574141432471,6273.006459177276,195.0406452153515
7.526016984947614,6024.0350566007655,62.453955932745046
7.526361335341745,6215.134877146026,89.25651844621933
7.527148529251019,6176.756769627701,64.00449699480448
7.527296175085983,6016.86744658801,62.74069247651026
7.528575365224351,6075.608428332271,65.99426369373646
7.529854555362719,6100.437101403061,66.25819832084085
7.531133745501087,6156.7480269451535,68.72159924016923
7.532412935639455,6098.671536192602,67.76340093627091
7.533692125777823,6035.364656409439,66.60331226905397
7.5349713159161915,5982.31712372449,63.781020380378955
7.536250506054559,5886.612887635523,59.224639619938316
7.5375296961929275,5870.7465621014035,56.02928406073828
7.538808886331295,5913.422074298469,54.450489638129035
7.540088076469663,5959.578857421875,55.75677526863951
7.541367266608032,5999.491340481505,59.299757379508385
7.542646456746399,6071.85730727838,60.98701338667889
7.543925646884768,6116.397426060268,67.78108326552378
7.545204837023135,6148.011753627232,70.69278428442439
7.546484027161504,6210.576201769771,69.58980460257692
7.547763217299872,6210.11121352838,70.23688963446232
7.54904240743824,6153.0764359454715,68.47445280217582
7.550321597576608,6109.927221181441,62.90878611098493
7.551600787714976,6048.837566764987,59.00665807887087
7.552879977853344,5999.735246930803,58.625045722534765
7.554159167991712,5969.186966876594,57.117948083413076
7.55543835813008,5958.454006895727,61.449315357959605
7.556717548268448,5961.528350207271,65.92539115678142
7.557996738406816,6045.08631118463,70.91665063784292
7.559275928545184,6079.256581831952,73.37820943020415
7.560555118683553,6139.311174665178,71.96943399439988
7.56183430882192,6171.707509566327,66.76647859964524
7.563113498960289,6187.009038185587,81.93131569759359
7.564392689098656,6246.882294323979,78.03820751227303
7.5656718792370246,6237.846744459503,73.81153322502718
7.566951069375392,6180.9958695392215,67.19032383952481
7.5682302595137605,6113.828070192921,68.8449845488812
7.569509449652129,6087.5882792570155,63.66352540125743
7.570788639790496,6034.298290019133,67.3461464108193
7.572067829928865,6023.928392059949,67.24478158605385
7.573347020067232,6038.712487045599,63.95815036126107
7.574626210205601,6088.238266302615,62.083750294281515
7.575905400343969,6117.360650510204,56.886259651542666
7.577184590482337,6172.551399075255,58.13286578947644
7.578463780620705,6214.6918347417095,59.26558932707787
7.579742970759073,6270.820387236926,63.65840468187196
7.581022160897441,6331.692915935906,68.39364127075727
7.5823013510358095,6311.89191545759,73.09827322156073
7.583580541174177,6304.527886838329,70.55579365932171
7.584859731312545,6202.624701052296,71.56574385786784
7.586138921450913,6167.959671954719,66.5979012305366
7.587418111589281,6109.277378627232,65.60249542941159
7.58869730172765,6069.706622688138,60.829476601652885
7.589976491866017,6054.611975845026,58.79291515033212
7.591255682004386,6099.252112563776,56.47612251863614
7.592534872142753,6137.34044662787,57.616375664648025
7.593814062281122,6177.5588578204715,59.42310965883987
7.59509325241949,6259.20387236926,63.764322644183835
7.596372442557858,6295.929443359375,65.79007500499598
7.597651632696226,6327.1903698979595,66.33806843044137
7.5989308228345935,6319.279192243303,65.20489053794452
7.600210012972962,6338.57688934949,63.18208925092301
7.60148920311133,6269.467449577487,63.07407405173744
7.602768393249698,6230.783118423151,61.53803314259093
7.604047583388066,6169.5573929767215,67.47931329926891
7.605326773526434,6166.232900191327,69.8585767673277
7.606605963664802,6132.340944874043,68.18064630877927
7.607885153803171,6163.014404296875,68.52875740368161
7.609164343941538,6214.761295240753,71.53386626833297
7.610443534079907,6269.086709781569,67.87508108882862
7.611722724218274,6333.303392059949,68.43982861434871
7.6130019143566425,6346.074916294643,65.02029775545445
7.614281104495011,6416.686558314732,62.47350185542558
7.6155602946333785,6437.997269610969,61.758150403395796
7.616839484771747,6451.982018295599,60.729804299520936
7.618118674910114,6449.33837890625,61.94277278912773
7.619397865048483,6413.7353515625,64.04737565006482
7.620677055186851,6364.252262037628,69.47628104748308
7.621956245325219,6348.335239955357,69.98670602507266
7.623235435463587,6336.649568518814,75.08951930467009
7.624514625601955,6338.697863520408,73.60252529660855
7.625793815740323,6409.702487244898,71.5129844271558
7.627073005878691,6507.733518016582,67.61931962012206
7.628352196017059,6622.521718550702,67.7414644094159
7.6296313861554275,6754.107172751913,67.42821524182293
7.630910576293795,6870.515410754146,65.72192028788709
7.632189766432163,6959.734180683992,66.02332500209435
7.633468956570531,6991.105139907526,66.52344062761317
7.634748146708899,7082.182074099171,69.05131893254745
7.636027336847268,7171.356026785715,72.79976106687205
7.637306526985635,7323.192676777742,71.94035411024448
7.638585717124004,7517.822350326849,73.99002823903291
7.639864907262371,7647.154506138393,76.01498425331685
7.64114409740074,7831.020497847577,75.06125663244586
7.642423287539108,8123.5831074617345,80.43608113991914
7.643702477677476,8474.610187141263,82.68404081389532
7.644981667815844,8903.364237882653,90.01894138407042
7.6462608579542115,9628.05345184949,100.31498047525079
7.64754004809258,10348.611572265625,112.05700567906575
7.648819238230948,11244.579410475128,125.28213296251424
7.650098428369316,11904.08177714445,134.42986007291955
7.651377618507684,12299.840147680166,140.53832965380477
7.652656808646052,11250.813267299107,111.97758219095891
7.65393599878442,9891.415377869898,96.76277728830816
7.655215188922789,8345.632359095982,80.6309509293122
7.656494379061156,7252.1831253985965,67.99121876918507
7.657773569199525,6787.027139469069,62.71012290522745
7.659052759337892,6597.81385024713,62.682951630021144
7.6603319494762605,6507.574183872768,64.23456467927419
7.661611139614629,6458.384656010842,65.47465993668207
7.662890329752996,6434.324014469069,65.79086976169292
7.664169519891365,6425.266930404974,68.7844782966928
7.665448710029732,6434.380251514668,73.22296218743782
7.666727900168101,6385.971814213967,70.64071981722188
7.668007090306469,6386.024812659439,71.96586299904902
7.669286280444837,6325.384680923151,71.81169965968267
7.670565470583205,6295.8895886479595,66.28207567716463
7.671844660721573,6207.245331433354,65.94028481051987
7.673123850859941,6168.452746332908,65.3617857097464
7.6744030409983095,6149.015435666454,64.43259011073394
7.675682231136677,6123.770059390944,60.21622833959131
7.676961421275045,6135.778390066965,64.43593708465052
7.678240611413413,6174.643220862564,61.39904319779831
7.679519801551781,6191.8621203364155,62.81934593646531
7.680798991690149,6207.488864198023,56.952279431708156
7.682078181828517,6236.7217793367345,56.94440108783716
7.683357371966886,6204.413982780612,56.635707938739486
7.684636562105253,6219.606495137117,57.931057280093476
7.685915752243622,6222.998325892857,60.24245385372271
7.687194942381989,6178.28357680963,59.09270877964519
7.688474132520358,6156.7831831951535,60.10678638107531
7.689753322658726,6122.574552574936,62.22765052776875
7.6910325127970935,6070.835170200893,64.13661713058683
7.692311702935462,6057.110864756059,66.515478727419
7.6935908930738295,6078.625284000319,69.09788868166959
7.694870083212198,6084.533815967793,69.15343830145088
7.696149273350566,6131.009441764987,69.24046947914825
7.697428463488934,6169.070073341837,65.95982808317574
7.698707653627302,6203.476552535077,64.36884389767899
7.69998684376567,6239.918955277423,63.25257524440626
7.701266033904038,6215.602404536033,62.239453803853785
7.702545224042407,6226.911571269133,61.950471644624145
7.703824414180774,6200.020413145727,59.637573086512774
7.7051036043191425,6191.562245894452,60.641381477320266
7.70638279445751,6123.5033581792095,59.09069611936513
7.7076619845958785,6110.237359494579,62.059057505804645
7.708941174734247,6051.975027901785,61.42477562283144
7.710220364872614,6093.922452965561,64.70299018497495
7.711499555010983,6095.809067083865,63.64444964257292
7.71277874514935,6146.6222945232785,63.62049773166736
7.714057935287719,6221.623973612883,60.03723314668119
7.715337125426087,6237.479243064413,62.00211772618006
7.716616315564455,6281.215710698342,60.245387844498076
7.717895505702823,6309.04753766741,64.69683267799061
7.719174695841191,6331.7924206792095,68.86963541188763
7.720453885979559,6285.0903918207905,65.83918849654339
7.7217330761179275,6314.173579001913,69.6431776650637
7.723012266256295,6220.541772959184,66.95571276852539
7.724291456394663,6196.310128348215,72.627524293175
7.725570646533031,6112.303327287947,67.62517257254993
7.726849836671399,6138.277856943559,65.38874854469232
7.728129026809768,6104.380286391901,63.2453130320553
7.729408216948135,6146.6243672273595,59.788737614595235
7.730687407086504,6178.032924107143,57.9659503784363
7.731966597224871,6228.668835698342,55.646069748408955
7.73324578736324,6276.477588887117,54.57892209523784
7.734524977501608,6305.792844188457,54.117682558291065
7.735804167639976,6337.829604791135,56.23955658265809
7.737083357778344,6350.5337113360965,57.53617558137607
7.7383625479167115,6355.702586894133,64.2013798250403
7.73964173805508,6289.440419722577,66.9952187637765
7.7409209281934475,6294.953100087691,69.40200939978375
7.742200118331816,6221.474544602997,69.02059790997214
7.743479308470184,6209.584467673788,66.5615713142139
7.744758498608552,6174.202078683035,64.73714239442508
7.74603768874692,6160.96912368463,64.81599491622063
7.747316878885288,6168.400061782526,64.2190298015789
7.748596069023656,6183.934978874362,64.7147450619725
7.749875259162025,6255.084856305803,65.59359378940411
7.751154449300392,6229.611178651148,63.13220511453958
7.7524336394387605,6283.850934709822,65.40951546277385
7.753712829577128,6350.570113201531,65.88316553756306
7.7549920197154965,6421.239546795281,65.84187772659293
7.756271209853865,6287.655716876594,65.55020925470065
7.757550399992232,6292.901531608737,67.94448767750612
7.758829590130601,6273.622867506378,64.21214605864289
7.760108780268968,6211.239915497449,65.6876235863481
7.761387970407337,6154.503911232462,59.22486729898826
7.762667160545705,6138.656783123406,59.177365301540114
7.763946350684073,6163.409956951531,59.279587149214166
7.765225540822441,6191.943558673469,60.562175584295275
7.766504730960809,6242.051518654337,58.65862854722523
7.767783921099177,6263.4937121332905,56.28533637325693
7.7690631112375454,6287.162567761479,57.11915655876116
7.770342301375913,6342.949378188776,62.94177543962753
7.771621491514281,6387.049007493622,65.52379864199399
7.772900681652649,6452.152727399553,69.20815713241691
7.774179871791017,6365.223219268176,69.75537381661785
7.775459061929386,6315.818937340561,70.48760930488623
7.776738252067753,6294.260169204401,69.78811349383317
7.778017442206122,6208.59044662787,67.49519745703712
7.779296632344489,6179.515505420918,66.08733305803888
7.780575822482858,6121.346360809949,64.69999078300496
7.781855012621226,6149.150231186224,63.81852651725133
7.783134202759594,6155.697604432398,61.59137983698498
7.784413392897962,6173.943548708546,63.575215813040536
7.7856925830363295,6247.085025709503,60.55639569151748
7.786971773174698,6262.811229472258,60.293813901654886
7.788250963313066,6349.474150988521,60.117992690728904
7.789530153451434,6335.478580397003,66.10100293652792
7.790809343589802,6384.920748963648,66.48819579932281
7.79208853372817,6352.872434032207,68.43800616255349
7.793367723866538,6308.865996691646,66.53058456762349
7.794646914004907,6300.36213030134,67.36082053714594
7.795926104143274,6262.076171875,62.75716230316157
7.7972052942816426,6227.693085339604,62.323868350563295
7.79848448442001,6220.081268933354,61.48509895627952
7.7997636745583785,6227.688855229592,60.04391191160451
7.801042864696746,6246.579136439732,58.67845205674468
7.802322054835114,6286.067741549745,60.21318302302974
7.803601244973483,6356.716647401148,61.25134940902858
7.80488043511185,6432.5038863201535,59.351473637958414
7.806159625250219,6480.2807816485965,59.844908861668145
7.807438815388586,6516.175417530293,62.142281811600284
7.808718005526955,6575.837636519452,66.71417248503522
7.809997195665323,6630.207165776467,67.4226626168442
7.811276385803691,6579.390226403061,67.94787361201449
7.812555575942059,6564.499631297832,72.06205332429813
7.813834766080427,6441.45372787787,67.82194113041373
7.815113956218795,6361.470229791135,65.0811763002512
7.816393146357163,6220.355508609694,65.92297860813204
7.817672336495531,6243.013676857462,65.31698508800243
7.818951526633899,6209.155188735651,64.06009307280866
7.820230716772267,6241.903783681441,62.23666042512333
7.821509906910635,6228.370700135523,63.22592016045947
7.822789097049004,6316.563058035715,62.64658779756288
7.824068287187371,6346.845832669005,62.42724616023605
7.82534747732574,6362.80724350287,63.65663901939802
7.826626667464107,6385.068688217474,68.4151167794129
7.827905857602476,6372.434121890944,67.36132204863922
7.829185047740844,6353.851124043367,73.49434485168632
7.8304642378792115,6294.838244379783,71.25436153378755
7.83174342801758,6266.378587372449,74.3321837473222
7.8330226181559475,6226.618801817602,72.12798846819129
7.834301808294316,6215.297273596939,71.13778170883157
7.835580998432684,6178.6754773198345,64.60365907934839
7.836860188571052,6200.689747090242,65.49640805715292
7.83813937870942,6213.948889907526,62.36825484220977
7.839418568847788,6252.705496651785,60.20137470152401
7.840697758986156,6297.243014588648,60.55739926733945
7.841976949124525,6327.104507134885,59.56092853375695
7.843256139262892,6362.500119579082,60.16994450254397
7.8445353294012605,6366.409628109056,60.63817858721236
7.845814519539628,6374.5290328045285,62.320445802741176
7.8470937096779965,6342.574816645408,62.41467282396779
7.848372899816365,6346.022017498406,64.6598329607749
7.849652089954732,6266.279635682398,62.91551577404663
7.850931280093101,6261.92897002551,65.98457647819042
7.852210470231468,6188.163952885842,67.07480468534172
7.853489660369837,6199.147924306441,68.09132425572861
7.854768850508205,6179.784503547513,64.41663073527097
7.856048040646573,6216.540218431122,67.16865193634747
7.857327230784941,6236.552948620854,63.2859856927248
7.858606420923309,6267.381960499043,64.28266530120568
7.859885611061677,6352.102952606824,60.36606850513779
7.861164801200045,6328.461659956952,64.21734527856339
7.862443991338413,6338.447973134566,62.467627011572056
7.863723181476781,6331.263831313776,66.34024837199017
7.865002371615149,6333.180390027104,66.62589111432513
7.866281561753517,6296.174700055803,69.48184219307075
7.867560751891885,6280.318468989158,70.57810854268811
7.868839942030253,6209.887799944197,70.69249388612667
7.870119132168622,6245.541917450574,71.90457570586892
7.871398322306989,6165.831179249043,74.65260734512982
7.872677512445358,6181.218500876913,71.9154864129009
7.873956702583725,6177.628572425064,71.92134317697882
7.875235892722094,6233.166493941327,71.01128640639305
7.876515082860462,6220.834368024553,69.44685883091694
7.8777942729988295,6323.691869618941,71.33690005759487
7.879073463137198,6312.030622209822,70.58256776771526
7.8803526532755654,6340.063885124362,66.6474276978385
7.881631843413934,6333.674605389031,67.35949368930079
7.882911033552302,6360.507050183354,65.64626491215698
7.88419022369067,6323.6162308673465,66.29505476149603
7.885469413829038,6311.580187739158,64.45147465086703
7.886748603967406,6269.917485451212,64.26633878139978
7.888027794105774,6240.979302853954,61.460890153351805
7.889306984244143,6241.2931929607785,66.73479547076386
7.89058617438251,6197.32335678412,65.57551230160387
7.8918653645208785,6206.629798110651,69.09765814885493
7.893144554659246,6234.680325255102,63.408097176785795
7.894423744797614,6309.164615553253,63.01370895822816
7.895702934935983,6352.039456114477,66.6028308884705
7.89698212507435,6427.497962173151,68.40187898057484
7.898261315212719,6479.91480986926,68.48111115605839
7.899540505351086,6529.436269331952,68.0680551515446
7.900819695489455,6508.183110451212,66.27892051400806
7.902098885627823,6502.614491988202,66.33303702071262
7.903378075766191,6400.03484235491,65.31698321772107
7.904657265904559,6309.103146922832,63.05263944600649
7.905936456042927,6210.928905253508,61.266165132396374
7.907215646181295,6180.06511579241,59.57390796162853
7.908494836319663,6155.277856943559,65.05682027027648
7.909774026458031,6135.117401745854,61.460162508643045
7.911053216596399,6146.780896245217,60.264375507052755
7.912332406734767,6172.495645328444,56.91831714828618
7.913611596873135,6203.35480608259,59.39113068079874
7.914890787011504,6212.10182158801,57.27348895353128
7.916169977149871,6240.404854910715,59.205437439867396
7.91744916728824,6249.089574697066,61.192972136069194
7.918728357426607,6304.382393973215,67.66856970303932
7.920007547564976,6264.603396045918,67.07559819611492
7.921286737703343,6231.852190290178,70.38967438467843
7.9225659278417115,6174.230379065689,63.875448186793754
7.92384511798008,6180.724051339285,69.28415021450651
7.9251243081184475,6146.721953722896,65.55885179557832
7.926403498256816,6146.87322126116,69.02890097883822
7.927682688395183,6091.8874711017215,66.47422672604289
7.928961878533552,6115.3776656170285,67.46065500928495
7.93024106867192,6150.275006975447,66.004054670406
7.931520258810288,6152.475600884885,65.79495434849798
7.932799448948656,6211.707982900191,61.74161315190289
7.934078639087024,6218.367635921556,64.90666869270977
7.935357829225392,6249.5000597895405,63.43842772335324
7.9366370193637605,6251.462800940689,63.72120394784927
7.937916209502128,6264.697190888074,65.5241469725485
7.9391953996404965,6254.289784956952,67.51660989523774
7.940474589778864,6205.74089704241,64.51380726668947
7.941753779917232,6144.639145208865,67.68392925825017
7.943032970055601,6148.189263791454,68.21980499475032
7.944312160193968,6087.077028858418,71.65481176679033
7.945591350332337,6089.515774473852,69.88139375011804
7.946870540470704,6057.444634885204,77.03766723949161
7.948149730609073,6102.040920958227,67.45486852937826
7.949428920747441,6097.944864078444,72.90523024157946
7.950708110885809,6125.184096978635,64.87713860710356
7.951987301024177,6138.324193837691,69.29382620428807
7.953266491162545,6189.407794563138,66.57810983170685
7.954545681300913,6191.863410794005,70.13654216704728
7.955824871439281,6207.396344866072,65.36151024688425
7.957104061577649,6184.432268415178,68.69531028201008
7.958383251716017,6199.601293447066,66.01333764920669
7.959662441854385,6130.790781449298,67.84675688832937
7.960941631992753,6134.413245376276,63.67192522218784
7.962220822131122,6071.3158980389035,70.62038286761457
7.963500012269489,6082.109868263712,67.25624141586016
7.964779202407858,6034.678725884885,70.82629060513709
7.966058392546225,6044.463652941646,65.57191610962457
7.967337582684594,6032.184037189094,69.65528725632595
7.968616772822962,6067.29920180963,65.65071179709045
7.9698959629613295,6094.985107421875,66.56120055413831
7.971175153099698,6116.189946388712,65.60727638690256
7.9724543432380655,6155.090421715561,69.61532595457061
7.973733533376434,6168.460464166135,67.78564511984654
7.975012723514802,6175.535226004465,69.42201775799145
7.97629191365317,6146.165960817921,71.29340692678146
7.977571103791538,6161.371915856186,70.71216562875279
7.978850293929906,6111.298519212372,77.85360273447169
7.980129484068274,6071.0986128826535,68.93123420470303
7.981408674206642,6042.924505739796,65.85511838722383
7.98268786434501,6026.204455317283,70.90434875309388
7.9839670544833785,6008.521982621173,69.21813400909461
7.985246244621746,6026.075559032207,72.19085176376666
7.9865254347601145,6037.7752461336095,60.37109696211684
7.987804624898482,6092.530796595982,67.87974152566309
7.98908381503685,6100.039520886479,60.70693266749829
7.990363005175219,6143.980114995217,62.56093468496922
7.991642195313586,6164.336027184311,60.06040365652841
7.992921385451955,6166.242635921556,65.18395480382956
7.994200575590322,6174.395572584503,62.581163389941004
7.995479765728691,6139.0178023357785,66.20344423969425
7.996758955867059,6121.944116709184,63.66019927899758
7.998038146005427,6069.745132134885,64.80188168953595
7.999317336143795,6056.430963010204,61.59567278626105
8.000596526282163,6009.788479551977,68.04538729991884
8.001875716420532,6010.624471859056,64.19076054593928
8.0031549065589,5989.678292410715,71.49404313499322
8.004434096697267,6018.259790537309,66.8366416436838
8.005713286835634,6037.668880540497,69.30960649946844
8.006992476974004,6097.0024613360965,66.94179760693288
8.008271667112371,6078.475092673788,68.03561140344092
8.009550857250739,6126.010039660396,66.08327523520084
8.010830047389108,6143.731784119898,69.46298013593287
8.012109237527476,6162.992745535715,69.29464536363002
8.013388427665843,6138.43669782366,67.51267187569668
8.01466761780421,6143.089385363521,70.67353539911474
8.01594680794258,6108.456841916454,68.0362262636696
8.017225998080947,6069.4941206951535,64.2993405873368
8.018505188219315,6024.658980389031,66.99318466403031
8.019784378357684,6066.469068877551,64.38248694043504
8.021063568496052,6118.320417131697,68.9735026960197
8.02234275863442,6308.587636519452,64.06623646760919
8.023621948772789,6610.548334861288,65.15462776201657
8.024901138911156,6823.281279894771,65.98750384028762
8.026180329049524,6884.861074019452,66.46591269749976
8.027459519187891,6795.9533093510845,66.10118341376673
8.02873870932626,6636.721176458865,65.49960701250762
8.030017899464628,6420.327457350128,65.02173779794855
8.031297089602996,6280.744987643495,67.4288004936688
8.032576279741365,6179.198461415816,60.81478344810322
8.033855469879732,6119.088413783482,68.29885391276078
8.0351346600181,6081.984589245854,66.31354797678799
8.03641385015647,6012.337038624043,68.82833990061597
8.037693040294837,5975.627690529337,65.1657699027466
8.038972230433204,5969.096330915178,69.86014981597046
8.040251420571572,5970.262994260204,67.79313752288927
8.041530610709941,5975.1359663982785,75.29822094373532
8.042809800848309,5956.43077865912,68.05296825446244
8.044088990986676,6009.350660674426,71.27679541117118
8.045368181125045,6056.582325215242,66.70361824246231
8.046647371263413,6091.131965481505,68.98423111200903
8.04792656140178,6119.407874282526,68.64012030253069
8.04920575154015,6101.146897919324,73.63654432160003
8.050484941678517,6103.0126355229595,67.78696599931504
8.051764131816885,6073.236901108099,74.09601675191564
8.053043321955252,6055.119085817921,72.00982801524091
8.054322512093622,5998.010074537628,70.10524684182855
8.05560170223199,5974.775908801021,65.96686572946092
8.056880892370357,5968.287866709184,72.38239275235202
8.058160082508726,5955.648970623406,67.6084878138808
8.059439272647094,5951.710195113202,71.62201551281588
8.060718462785461,5974.682094029018,65.58145533068759
8.06199765292383,5979.223558075574,69.00981412134799
8.063276843062198,6031.7726851482785,62.62109980005134
8.064556033200565,6080.4397969148595,66.56512858695542
8.065835223338933,6080.959751674107,60.3076251649083
8.067114413477302,6104.365224410077,64.03125078530327
8.06839360361567,6099.981794084822,60.82755490045282
8.069672793754037,6096.360745176977,66.17862803766963
8.070951983892407,6075.944296077806,63.14064454224505
8.072231174030774,6046.631885762117,66.30693388962396
8.073510364169142,6002.81761200574,60.491289848349936
8.07478955430751,5971.410609654018,62.24853799662637
8.076068744445879,5946.175696548151,63.36047931753524
8.077347934584246,5941.0125109614155,65.37120143636344
8.078627124722614,5946.881372568559,62.340996217664305
8.079906314860983,5973.310815927934,65.4237551700299
8.08118550499935,5988.674266581633,62.435094240324354
8.082464695137718,6033.398915816327,60.0201298855492
8.083743885276087,6036.695651307398,60.46290674388394
8.085023075414455,6075.736711774553,61.68038119493477
8.086302265552822,6079.187350526148,62.20345188061048
8.08758145569119,6078.590521364796,61.3721542670678
8.088860645829559,6060.915676817602,62.02337633642989
8.090139835967927,6035.6425183354595,63.969968597882236
8.091419026106294,5998.9807328204715,62.5761277677566
8.092698216244663,5987.088951889349,63.7976720003013
8.093977406383031,5935.668850645727,61.92863952374656
8.095256596521399,5931.787991270727,64.66711061373152
8.096535786659768,5926.047044403699,65.89627250518532
8.097814976798135,5929.078209701849,68.77957956753465
8.099094166936503,6009.69074358259,66.90822455259632
8.10037335707487,6008.500667649872,66.48364966341343
8.10165254721324,6040.468829719388,65.62270893026314
8.102931737351607,6054.624456911671,65.20801084137621
8.104210927489975,6065.8541483976405,61.56263670861961
8.105490117628344,6076.164520886479,61.11446555282309
8.106769307766712,6054.9152234135845,65.11486764124766
8.108048497905079,6041.967579121492,59.75662921821974
8.109327688043448,6020.129389548788,63.15593793289668
8.110606878181816,6000.038703762755,61.90874443092221
8.111886068320183,5961.3889359454715,62.81704494320282
8.113165258458551,5929.511793486926,60.20374241185853
8.11444444859692,5938.0577168367345,63.267266151850414
8.115723638735288,5944.632802535077,64.29203618781506
8.117002828873655,5964.068429129465,66.03488889808933
8.118282019012025,5993.043995137117,65.65169841378568
8.119561209150392,6024.270154057717,66.31243516132172
8.12084039928876,6047.50988022162,63.289096221478225
8.122119589427129,6043.830935108418,65.04779210925946
8.123398779565496,6075.9818339445155,61.474680976600396
8.124677969703864,6086.6199726961095,64.94023718293145
8.125957159842232,6098.321323939732,62.74465458515673
8.1272363499806,6089.767279177296,66.97514585619695
8.128515540118968,6046.652797154018,62.606139361468294
8.129794730257336,6028.969487404337,68.5811357431807
8.131073920395705,6011.162164182079,64.34178201446609
8.132353110534073,5950.016143176021,67.06554491081906
8.13363230067244,5921.90558733259,62.38323392762357
8.134911490810808,5928.5947265625,74.35226680111346
8.136190680949177,5952.294991629465,70.03023093428033
8.137469871087545,5976.915193518814,72.67411272123108
8.138749061225912,6022.07683454241,63.15388555329773
8.140028251364281,6040.57605727838,66.72071592010661
8.141307441502649,6075.895886479592,61.841322746388855
8.142586631641016,6081.71222795759,63.23491171384672
8.143865821779386,6086.003701969069,62.03639097392435
8.145145011917753,6077.372867506378,64.02255125345026
8.14642420205612,6100.715924944197,67.53824203043624
8.147703392194488,6069.8155293367345,67.3160741604843
8.148982582332858,6054.414102359694,62.32123666527122
8.150261772471225,6016.526830556441,64.29775274555635
8.151540962609593,5971.312798947704,63.36322096461008
8.152820152747962,5958.896848094707,64.62171055796838
8.15409934288633,5954.965207469707,62.91676261473253
8.155378533024697,5981.636723732462,63.97278299791793
8.156657723163066,6018.909304249043,63.76978531368833
8.157936913301434,6025.530592315051,62.9388096067622
8.159216103439801,6055.339136240434,60.7010467961761
8.160495293578169,6066.175128547513,60.21626260847629
8.161774483716538,6102.913698780293,61.629830401313505
8.163053673854906,6106.862877670599,60.39801386707282
8.164332863993273,6121.240991709184,64.44241041996868
8.165612054131643,6116.573526187819,63.136399329274646
8.16689124427001,6115.492551219707,64.35829813546181
8.168170434408378,6098.964405293367,65.76956963763865
8.169449624546747,6060.603719905931,67.945448301385
8.170728814685114,6017.324916294643,67.39604512234044
8.172008004823482,5987.588094905931,71.45661528497244
8.17328719496185,5965.320407166773,69.18543075710336
8.174566385100219,5989.051991988202,70.83736578150945
8.175845575238586,5977.897436025191,64.19682774122943
8.177124765376954,6005.132119937819,71.10844133037595
8.178403955515323,6028.526008450255,66.22648708024903
8.17968314565369,6064.301543566646,67.96389694835322
8.180962335792058,6091.2811055086095,66.73895967228411
8.182241525930428,6128.7312609614155,68.43236900827164
8.183520716068795,6130.620465959822,67.10908924452151
8.184799906207163,6158.676438934949,71.28462820229353
8.18607909634553,6150.748644770408,66.66707958174248
8.1873582864839,6155.109943000638,76.03678649422565
8.188637476622267,6088.3336405851405,66.76378110024979
8.189916666760634,6049.6500468351405,68.63375153230021
8.191195856899004,6011.929547991072,65.08328216715542
8.192475047037371,6016.760119379783,68.05190636013248
8.193754237175739,5964.029989437181,63.59739434716635
8.195033427314106,5979.723797233737,67.78962755234046
8.196312617452476,5965.836630062181,68.10054086102002
8.197591807590843,6045.299381178253,65.24245181568119
8.19887099772921,6045.505161830357,61.63682485599459
8.20015018786758,6080.1455676020405,61.34112064331898
8.201429378005948,6096.156987404337,62.84209825889459
8.202708568144315,6145.9788594148595,63.435309840714574
8.203987758282684,6163.2856246014035,67.62161804868438
8.205266948421052,6197.029252032844,65.45906656480261
8.20654613855942,6173.902134486607,67.26959429074527
8.207825328697787,6178.088593152104,66.72011603333813
8.209104518836156,6094.7054219148595,66.93490267972194
8.210383708974524,6083.465317083865,66.9205488432475
8.211662899112891,6030.573869977678,68.17219667502197
8.21294208925126,5982.145492865115,65.05180607048487
8.214221279389628,5963.823566047513,68.69613029329423
8.215500469527996,5972.868662308673,64.12864678119031
8.216779659666365,5996.508709343112,66.42717778125136
8.218058849804732,6023.033337651467,60.9585821146679
8.2193380399431,6054.3359175701535,60.949667043107546
8.220617230081467,6117.583127391582,63.915787046003345
8.221896420219837,6129.020154057717,64.0188025739488
8.223175610358204,6154.523626833546,62.46997280876389
8.224454800496572,6185.841278698979,63.25420967441471
8.225733990634941,6212.351931202168,64.05284237286541
8.227013180773309,6196.087113360969,65.19934194221281
8.228292370911676,6174.80988420759,61.831986093860955
8.229571561050046,6111.925492267219,59.92706895509888
8.230850751188413,6066.358209103954,58.292552974761875
8.23212994132678,6016.8523148517215,58.30873419273071
8.233409131465148,6015.788499481824,58.57962885237343
8.234688321603517,6012.282894212372,60.195936524137466
8.235967511741885,6019.270009566327,63.98365301475599
8.237246701880252,6032.01286969866,62.89950546991059
8.238525892018622,6068.9454968510845,62.516318893756186
8.23980508215699,6094.674570511798,61.639445268637566
8.241084272295357,6138.956209143814,64.183692121545
8.242363462433726,6156.007643096301,66.24977840565879
8.243642652572094,6183.30066665338,68.23267953823331
8.244921842710461,6193.418915417729,65.80244323648672
8.246201032848829,6228.428750797194,67.67268667713739
8.247480222987198,6194.437629544005,64.32480233927284
8.248759413125565,6190.031195192921,65.7724562423037
8.250038603263933,6130.68836196588,63.34084614715613
8.251317793402302,6083.956896723533,68.09021278590342
8.25259698354067,6025.969537228954,60.24701895767994
8.253876173679037,6007.677888831314,63.8240605694822
8.255155363817405,5995.8118672273595,63.55761544116905
8.256434553955774,6036.371646803253,66.53982746185714
8.257713744094142,6037.136823381697,62.20513766433376
8.25899293423251,6091.6585469148595,69.655364551603
8.260272124370879,6145.040816326531,60.94839994386475
8.261551314509246,6167.734584263393,62.43126211388364
8.262830504647614,6182.8067402742345,59.390732223053035
8.264109694785983,6221.579106544962,64.41769686673734
8.26538888492435,6239.410250916773,64.11629946267418
8.266668075062718,6254.843451052296,65.68830847465253
8.267947265201085,6214.642079878827,65.24184191926982
8.269226455339455,6200.074353276467,63.177704980919046
8.270505645477822,6122.76531110491,61.58925088171872
8.27178483561619,6075.386016222896,64.89313691212661
8.27306402575456,6011.748495296556,63.86721923931191
8.274343215892927,6043.903609295281,68.07189515090725
8.275622406031294,6007.8563855229595,64.01434896844393
8.276901596169663,6036.810312699298,69.05395143847117
8.278180786308031,6072.166050502232,71.56668166613244
8.279459976446399,6121.340710698342,68.24589502608501
8.280739166584766,6158.023591956314,69.9854488269757
8.282018356723135,6187.372528698979,65.84271131439013
8.283297546861503,6194.156080596301,70.78752941039106
8.28457673699987,6253.600750358737,68.58714497812673
8.28585592713824,6259.843884526467,71.19958944827088
8.287135117276607,6262.791384327168,67.18359382046755
8.288414307414975,6254.312754105548,67.70098489926637
8.289693497553344,6198.112628547513,65.58910015685714
8.290972687691712,6151.145746970663,65.69994242917585
8.292251877830079,6129.001424984056,63.23794392238129
8.293531067968447,6065.182995854592,62.46930145241329
8.294810258106816,6071.496387715242,65.12766613629253
8.296089448245183,6055.328503667092,66.23074212105344
8.297368638383551,6074.23802216199,63.659868638281175
8.29864782852192,6107.100446428572,64.76600864124372
8.299927018660288,6136.692532286352,64.74481548195479
8.301206208798655,6166.883375518176,63.2325098326223
8.302485398937025,6214.396070830676,63.96665683756825
8.303764589075392,6227.352250079719,65.8846443152281
8.30504377921376,6281.3762804926655,68.84965693899515
8.306322969352127,6293.749417051977,66.72121569363594
8.307602159490497,6327.7109175701535,67.53271692213039
8.308881349628864,6270.709716796875,64.0150891202159
8.310160539767232,6234.928237603635,62.11435064205868
8.3114397299056,6197.123116629465,61.027951844756764
8.312718920043968,6165.875866948342,60.05117560729124
8.313998110182336,6090.870226801658,58.45497474503541
8.315277300320703,6106.1966776945155,60.34613337852024
8.316556490459073,6092.810008769133,57.62095692960016
8.31783568059744,6108.763362962372,57.88469307753568
8.319114870735808,6121.8376265545285,56.70843682481579
8.320394060874177,6182.345728037309,56.640378464182724
8.321673251012545,6188.166229870854,56.05318321959728
8.322952441150912,6222.497772839604,55.500740612566865
8.324231631289281,6275.119673748406,59.68456006600303
8.325510821427649,6324.797652264031,59.87167321829986
8.326790011566017,6331.365368901467,64.63614287604423
8.328069201704384,6326.13019670759,62.61297225079018
8.329348391842753,6293.886853276467,66.40724455811996
8.33062758198112,6230.935711296237,62.67359689082458
8.331906772119488,6182.600217235332,60.339443655590294
8.333185962257858,6164.182746731505,57.271677658715724
8.334465152396225,6128.849738919005,59.96421494919192
8.335744342534593,6110.5292370854595,59.03652855729652
8.337023532672962,6097.302853954082,62.63200271090309
8.33830272281133,6112.764254823023,60.889072802588856
8.339581912949697,6142.363266302615,59.82306189821642
8.340861103088065,6171.201007453763,57.37316922870503
8.342140293226434,6213.066879583865,59.226889112688205
8.343419483364801,6209.208022759885,60.189495507101384
8.344698673503169,6267.947385204082,61.39953040204737
8.345977863641538,6286.761090959822,64.24837318853318
8.347257053779906,6325.686239437181,69.79204092583889
8.348536243918273,6307.865961814413,76.32027349478969
8.349815434056643,6289.209766621492,70.0218995160985
8.35109462419501,6256.508813974809,65.44958324541393
8.352373814333378,6200.960454201212,63.779885204149096
8.353653004471745,6139.539266780931,63.1982587023974
8.354932194610114,6133.233124402104,65.2264014123435
8.356211384748482,6101.913046077806,64.66443939792468
8.35749057488685,6113.472018494898,65.09451056597351
8.358769765025219,6123.623131576849,67.59388902111881
8.360048955163586,6154.4627062739155,64.07858003754129
8.361328145301954,6180.413320113202,64.09673229400377
8.362607335440321,6229.273507254465,64.67258259960212
8.36388652557869,6249.926050302934,63.552726335527844
8.365165715717058,6280.982586296237,64.19464328700687
8.366444905855426,6296.104801100128,65.55782989295386
8.367724095993795,6329.357656050702,66.38848096724192
8.369003286132163,6307.838249362245,67.25447944180308
8.37028247627053,6305.192347935268,65.2122154217832
8.3715616664089,6270.168003627232,63.42821859790736
8.372840856547267,6238.821727519133,61.74574236104113
8.374120046685634,6153.926922233737,57.95588979938138
8.375399236824002,6132.2060347576535,57.42058585467104
8.376678426962371,6096.404536033163,57.0706939119546
8.377957617100739,6115.162154217156,57.278232898345145
8.379236807239106,6131.451156927615,56.48795197321002
8.380515997377476,6180.2164530851405,57.24944438147554
8.381795187515843,6195.841238839285,58.70674899272216
8.38307437765421,6258.955352160396,59.64477444170057
8.38435356779258,6267.957529496173,55.453506800092185
8.385632757930948,6306.640590122768,57.69186472404538
8.386911948069315,6323.605050223215,57.737131410148784
8.388191138207683,6363.988958864796,60.344012563616495
8.389470328346052,6356.757284359056,59.69585945188183
8.39074951848442,6357.605394013074,59.89456140934442
8.392028708622787,6323.457733777104,59.69390608192863
8.393307898761156,6278.862862723215,57.76206236730662
8.394587088899524,6207.975620814732,55.96926865520333
8.395866279037891,6153.527632732781,55.92335699515512
8.39714546917626,6146.450394610969,56.773116289355265
8.398424659314628,6127.170758928572,57.85449184419992
8.399703849452996,6157.268484933035,60.90382531298893
8.400983039591363,6186.722795758928,61.72067972127799
8.402262229729732,6222.450967594069,63.52635384749575
8.4035414198681,6253.653116031569,64.78292963457676
8.404820610006468,6320.76203264509,65.59927986737755
8.406099800144837,6337.547637316646,65.89675654016398
8.407378990283204,6411.315349968112,67.23725572758882
8.408658180421572,6386.3070292570155,64.25354974893955
8.409937370559941,6430.247174944197,64.64557451701602
8.411216560698309,6417.649169921875,60.80199056465671
8.412495750836676,6416.164157166773,60.993171263645124
8.413774940975044,6355.565016143176,58.92352550463003
8.415054131113413,6310.7714245854595,60.29824156358389
8.41633332125178,6229.335359534439,59.99532571952354
8.417612511390148,6173.761569276148,59.91405811657636
8.418891701528517,6140.4142468510845,58.7874192551219
8.420170891666885,6134.0691117267215,59.13897575620324
8.421450081805252,6151.168501873406,59.27464935618923
8.42272927194362,6199.114422233737,59.45148174099487
8.42400846208199,6228.82605727838,59.73096692187664
8.425287652220357,6252.574004504146,59.00841549646872
8.426566842358724,6268.100879902742,58.52567480872617
8.427846032497094,6304.845145089285,57.42958843471045
8.429125222635461,6353.991629464285,54.51110367530217
8.430404412773829,6381.326998963648,54.928984106538245
8.431683602912198,6428.770198899872,60.1570245762822
8.432962793050566,6432.922323421556,62.638238367320085
8.434241983188933,6383.696304009885,62.036091651567226
8.4355211733273,6311.1673808195155,60.74412877198609
8.43680036346567,6281.380480707908,62.54593823827859
8.438079553604037,6177.336261360013,67.03040320209784
8.439358743742405,6175.24298967634,77.12847622808344
8.440637933880774,6144.2507124920285,74.43070408361784
8.441917124019142,6155.84228515625,68.26395844843385
8.44319631415751,6192.817656847896,66.67773298751376
8.444475504295879,6267.710244937819,69.10713238577587
8.445754694434246,6296.019546197385,65.81038980658825
8.447033884572614,6319.136235451212,62.864303059399084
8.448313074710981,6334.022585499043,64.87805693391637
8.44959226484935,6365.288778499681,69.88624608687013
8.450871454987718,6377.667281170281,72.19527252284958
8.452150645126085,6448.546057876276,71.85901645801222
8.453429835264455,6483.713015186543,67.28378164365623
8.454709025402822,6509.869638871173,65.2391930600022
8.45598821554119,6463.93474469866,61.899135027856595
8.45726740567956,6391.310541892538,61.32403148570284
8.458546595817927,6346.495331433354,58.176323311407316
8.459825785956294,6301.7216597576535,61.539936291353655
8.461104976094662,6242.1528121014035,59.194378800890384
8.462384166233031,6244.957688934949,57.4136938157089
8.463663356371399,6284.739621532207,58.27691548906488
8.464942546509766,6298.017877072704,59.15410297426872
8.466221736648135,6357.512177136479,61.27886507564581
8.467500926786503,6374.551707987883,60.86791180286862
8.46878011692487,6407.349893375319,59.86622443794436
8.47005930706324,6416.138263313138,57.37540855525356
8.471338497201607,6448.628079161352,58.16044114761055
8.472617687339975,6449.695347377232,55.99192620085299
8.473896877478342,6513.923623844069,62.757145170650396
8.475176067616712,6475.609529456314,58.75182170909858
8.47645525775508,6535.792734574298,60.90534863340115
8.477734447893447,6498.294483418367,58.97379470515533
8.479013638031816,6441.256432358099,57.00332399836199
8.480292828170183,6361.895198899872,53.914334052950245
8.481572018308551,6311.487623565051,55.14734552939768
8.482851208446919,6273.340327048788,56.626405862762645
8.484130398585288,6272.481649593431,56.329908872011806
8.485409588723655,6269.708451251594,56.3657821833001
8.486688778862023,6282.081508091518,58.984755320091836
8.487967969000392,6331.124616350447,56.00219522084754
8.48924715913876,6359.136798469388,56.01932996148534
8.490526349277127,6396.960812938457,54.95713957435869
8.491805539415497,6410.785813934949,52.339896927402705
8.493084729553864,6465.716438137755,54.50885449777157
8.494363919692232,6492.550726442921,56.49138466245242
8.4956431098306,6531.590999681122,59.7977237117013
8.496922299968968,6542.76438934949,61.18381245688347
8.498201490107336,6543.906070631378,62.03344700553314
8.499480680245703,6522.614347496811,60.14095418943867
8.500759870384073,6506.210668447066,59.01901378723202
8.50203906052244,6426.754668566646,58.345374143644236
8.503318250660808,6374.182786591199,57.237425099956596
8.504597440799177,6320.447998046875,57.53503535196911
8.505876630937545,6314.720224808673,58.50038761782501
8.507155821075912,6309.712407326212,55.60478652861874
8.50843501121428,6332.928147919324,58.48909066595492
8.509714201352649,6385.396025988521,65.06878747249675
8.510993391491017,6422.382189692283,58.1324880802355
8.512272581629384,6467.032231544962,57.88795312363357
8.513551771767753,6489.603729870854,56.14018065419944
8.51483096190612,6524.73747907366,54.17031807150852
8.516110152044488,6542.951296436543,55.06237283595571
8.517389342182858,6580.860550860969,54.766914410561206
8.518668532321225,6621.761205556441,55.643616235620954
8.519947722459593,6652.405467753508,56.993554141068664
8.52122691259796,6620.170230787628,55.70532777321015
8.52250610273633,6573.208795041454,56.23535238147719
8.523785292874697,6511.227105588329,58.00324190559499
8.525064483013065,6444.483373525191,65.83144937796165
8.526343673151434,6394.568772919324,67.04628671473695
8.527622863289801,6350.46271623884,68.27252540705835
8.528902053428169,6360.9941605548465,68.59014731706446
8.530181243566538,6408.925347775829,67.53476129599527
8.531460433704906,6435.430529536033,61.010839113211176
8.53185387741788,6471.797253667092,62.957986552054514
8.532739623843273,6470.194614955357,58.81500491338547
8.53313306755625,6473.843216876594,55.46231875287932
8.53401881398164,6510.649130062181,57.80721655659657
8.534412257694617,6461.497284558354,52.852907383174234
8.53529800412001,6540.097850566008,57.83354609930617
8.535691447832985,6465.981415417729,62.16967869904208
8.536577194258378,6578.373779296875,59.308455076144696
8.536970637971354,6483.218570631378,65.44667460861595
8.537856384396745,6592.41828264509,57.47446573447288
8.538249828109722,6496.116918447066,56.427909608167475
8.539135574535115,6646.947220782844,59.1440547639594
8.53952901824809,6513.277254065689,54.285425395327955
8.540414764673482,6676.665118781888,59.51704176552633
8.540808208386457,6528.455267458546,63.284090331937605
8.54169395481185,6695.709517498406,60.38555723963901
8.542087398524826,6550.866689253827,67.94420254000558
8.542973144950217,6706.046461455676,58.729683211341474
8.543366588663194,6541.459985849809,56.86070162387793
8.544252335088586,6699.174032405931,57.85887707758178
8.544645778801561,6578.540338010204,52.49739793331982
8.545531525226954,6606.794986647003,54.88150112842417
8.54592496893993,6565.211575255102,57.42589790801083
8.546810715365321,6550.953747807717,55.891286814041685
8.547204159078298,6520.989133250957,63.017358637753354
8.54808990550369,6476.377635722258,53.09382875750424
8.548483349216665,6529.630849410077,58.56690969893151
8.549369095642058,6448.635906608737,56.06294543993496
8.549762539355035,6551.856624681122,50.95413513112085
8.550648285780426,6432.972093231824,58.99825053454924
8.551041729493402,6548.69264190051,57.75687673535981
8.551927475918795,6462.087432238521,58.73763510690054
8.55232091963177,6513.070058394452,64.73024814751328
8.553206666057163,6497.520413145727,57.16623131432762
8.553600109770137,6589.465765505421,61.76543052409524
8.55448585619553,6503.029177295918,56.70718453696284
8.554879299908507,6575.61511977838,55.5406319571346
8.555765046333898,6542.376713966837,57.15550840774054
8.556158490046874,6562.536262356505,54.81667447523583
8.557044236472267,6579.060128348215,54.030446501726665
8.557437680185242,6556.873171436543,59.95197407306256
8.558323426610634,6595.782445790816,53.93674534251307
8.558716870323611,6565.722586495535,60.353715837959534
8.559602616749002,6607.135348573023,53.07286577778613
8.559996060461978,6543.343356385523,52.70842640742838
8.560881806887371,6656.897191884566,56.806447174986566
8.561275250600346,6582.784060108418,52.93522066943402
8.562160997025739,6742.9865523357785,64.11920699341294
8.562554440738715,6583.748256138393,59.72935664514056
8.563440187164106,6768.982925103635,64.19558190972693
8.563833630877083,6580.953658123406,60.086976453597295
8.564719377302476,6751.328304368622,61.76017271286833
8.56511282101545,6591.8479601801655,55.726868405070675
8.565998567440843,6699.729138432717,60.262050496684736
8.566392011153818,6576.035091477997,53.45327578470481
8.56727775757921,6640.552315848215,60.52286604744972
8.567671201292187,6539.600949657207,57.219485337692205
8.568556947717578,6578.610202088648,58.270562567503056
8.568950391430555,6529.3522749920285,60.45485357160483
8.569836137855948,6517.486985809949,58.353998354951706
8.570229581568922,6532.143200932717,61.27512174076592
8.571115327994315,6497.444365832271,57.12987670524145
8.571508771707292,6523.294842155612,57.80001727937642
8.572394518132683,6454.121801259566,58.77543056524142
8.572787961845659,6505.698909837372,58.12420045881331
8.573673708271052,6495.625164421237,61.92561939071312
8.574067151984027,6554.243697185906,62.02123835852657
8.57495289840942,6496.737708266901,60.822431083164396
8.575346342122396,6598.829156369579,61.77849980509829
8.576232088547787,6511.012361487564,57.10952234672725
8.576625532260763,6580.357476682079,59.90163463056648
8.577511278686156,6535.566889548788,55.93756764407084
8.577904722399131,6588.2763073979595,57.643087869016405
8.578790468824524,6582.08777602838,55.3505709550858
8.579183912537498,6606.605802574936,61.14727962948296
8.580069658962891,6583.940280213648,54.345940962245784
8.580463102675868,6592.416703204719,58.03339279738953
8.581348849101259,6619.3095902423465,54.67483744949808
8.581742292814235,6591.031538982781,55.36436955472663
8.582628039239628,6619.403215680803,53.45670175244425
8.583021482952603,6586.827686543367,54.65184357394595
8.583907229377996,6628.167973732462,53.21897551674119
8.584300673090972,6622.3003128985965,59.3311853816753
8.585186419516363,6675.3386828364155,55.843345830629396
8.58557986322934,6634.3488570232785,62.6518341915308
8.586465609654732,6681.506925621811,56.020407245879866
8.586859053367707,6635.315594108737,56.832918682627295
8.5877447997931,6694.637620575574,61.14038508832471
8.588138243506075,6618.546546157526,54.00646862971662
8.589023989931468,6647.355922154018,57.2668950881284
8.589417433644444,6579.8491410235965,57.08468754020173
8.590303180069837,6606.401581433354,60.53007364931278
8.590696623782812,6566.665347975128,58.6842472978612
8.591582370208204,6556.866365393814,60.39481322300788
8.591975813921179,6602.913823341837,60.66614865892168
8.592861560346572,6553.8486128826535,60.78354637359767
8.593255004059548,6587.910325653699,56.3397809449835
8.59414075048494,6514.7387097417095,62.486914932482044
8.594534194197916,6610.092788384885,56.81232937492011
8.595419940623309,6533.278614277742,59.24764522518824
8.595813384336283,6647.779825015944,61.1071000761415
8.596699130761676,6561.322340361926,59.08123249904377
8.597092574474653,6647.737523915816,61.5198185254902
8.597978320900044,6626.30290876116,58.32265136826165
8.59837176461302,6719.79931640625,61.14592015474875
8.599257511038413,6825.336754623724,70.94928238214477
8.599650954751388,6739.0257792570155,56.019270419288745
8.60053670117678,6884.426483777104,72.55174392664281
8.600930144889755,6745.518205915178,59.70394210550795
8.601815891315148,6934.23133071588,69.22374634021776
8.602209335028125,6760.72840102838,63.819813917723174
8.603095081453516,6992.28093610491,71.4268092856649
8.603488525166492,6754.96510283801,58.69034365989101
8.604374271591885,6952.096201371173,70.08993990022627
8.60476771530486,6791.643340441646,57.58426889500889
8.605653461730252,6861.363948899872,60.440984644309566
8.606046905443229,6822.644735530931,54.07525410479487
8.60693265186862,6843.391247807717,57.99944151451357
8.607326095581596,6807.9793476961095,56.98870920795607
8.60821184200699,6858.752132493622,60.813190704375714
8.608605285719964,6823.9736926020405,68.25759797032386
8.609491032145357,6861.8178113042095,61.151081036343285
8.609884475858333,6724.109768614477,59.24917786798524
8.610770222283724,6802.977992466518,61.0741051870991
8.6111636659967,6704.567517338967,56.57262217744685
8.612049412422094,6749.405731823979,62.839161607386515
8.612442856135068,6661.764105349171,59.03220491025672
8.613328602560461,6670.475864955357,61.26877936418925
8.613722046273436,6595.989472058354,64.0478529539762
8.614607792698829,6619.989377391582,58.561655548428675
8.615001236411805,6664.323267099809,65.40643212867184
8.615886982837196,6558.449627311862,55.528450129128245
8.616280426550173,6637.204146404656,58.1392733370207
8.617166172975566,6535.0175183354595,56.18739661023122
8.61755961668854,6669.9398816167095,57.82412517572606
8.618445363113933,6595.08229033801,62.090338456139264
8.61883880682691,6676.604781170281,67.3319401507678
8.6197245532523,6658.195402184311,61.933344133596854
8.620117996965277,6667.141387316646,66.17705028504712
8.62100374339067,6697.404710419324,62.36725449413789
8.621397187103645,6701.784144810268,59.63089995334029
8.622282933529037,6783.0952347735965,64.22570277639281
8.622676377242014,6682.685825892857,56.01904446344749
8.623562123667405,6822.163404815051,65.06722306592594
8.623955567380381,6705.1773058832905,63.334563770325786
8.624841313805774,6767.537762077487,62.591861035887206
8.625234757518749,6754.442258250957,65.77110482508185
8.626120503944142,6672.589998206314,60.65133887066182
8.626513947657116,6700.630201690051,57.58394906528877
8.62739969408251,6664.590785435268,59.14860488797489
8.627793137795486,6701.118253746811,54.54705377729702
8.628678884220877,6669.6041882573345,62.38118828066931
8.629072327933853,6701.023507254465,59.2459376864253
8.629958074359246,6658.127252072704,64.28263535292012
8.63035151807222,6650.739711216518,60.407575277152574
8.63163070821059,6654.016168088329,60.11808980152607
8.632909898348958,6600.140465561224,50.908165319508115
8.634189088487325,6568.718814772003,53.571732850563635
8.635468278625694,6575.2257304288905,64.22271395414013
8.636747468764062,6515.762221978635,58.7180124188287
8.63802665890243,6549.0700484295285,54.873814207964564
8.639305849040797,6554.662308673469,53.376305385782636
8.640585039179166,6570.987748126594,65.03195020162032
8.641864229317534,6641.731265943878,67.53961875835134
8.643143419455901,6653.07496611926,54.91526698330259
8.64442260959427,6687.576675103635,49.834103906849066
8.645701799732638,6704.742805325255,57.038032282968935
8.646980989871006,6682.656035754146,63.764539114406475
8.648260180009373,6723.8583984375,61.652869470879615
8.649539370147743,6689.125528140944,51.65840468630665
8.65081856028611,6690.912024673151,55.58827869332331
8.652097750424478,6690.829096580038,66.91485475083483
8.653376940562847,6627.0745625398595,60.90250004669267
8.654656130701214,6601.329799107143,55.118481733439495
8.655935320839582,6552.367815290178,52.75136713853525
8.657214510977951,6471.549196827168,61.161937775520535
8.658493701116319,6444.5341996173465,68.39217119487523
8.659772891254686,6420.317980707908,57.42634056668028
8.661052081393054,6451.288913026148,53.528033588785526
8.662331271531423,6519.886594188457,60.43799562546267
8.66361046166979,6565.497957190689,64.64213375822851
8.664889651808158,6632.606280891263,70.13269430788894
8.666168841946527,6647.48219268176,61.57461222619479
8.667448032084895,6644.741729113521,61.70440576066579
8.668727222223263,6683.775933713329,63.17429391927718
8.670006412361632,6695.208256935587,60.84379814958087
8.6712856025,6710.82981903699,55.93085404060093
8.672564792638367,6699.4589245854595,54.75758567224824
8.673843982776734,6667.432487643495,58.43938796403913
8.675123172915104,6682.726587412309,63.67835043935495
8.676402363053471,6628.96022002551,57.96797965678202
8.677681553191839,6603.181675502232,54.35847207697758
8.678960743330208,6577.198052853954,60.01963039592725
8.680239933468576,6517.789296675702,63.486706314853016
8.681519123606943,6540.613694794324,63.74898981563502
8.682798313745312,6522.534777582908,57.439112188190286
8.68407750388368,6509.414416254783,58.81214395338716
8.685356694022047,6528.18425641741,68.97196567867994
8.686635884160415,6493.962880660077,65.48366175472736
8.687915074298784,6615.189054528061,62.363798391144776
8.689194264437152,6627.585982342156,60.84606007522147
8.69047345457552,6640.766407246492,62.96869334265091
8.691752644713889,6708.6428421954715,66.8699487707028
8.693031834852256,6674.311513472577,62.84221810685894
8.694311024990624,6701.839395328444,59.92592500994694
8.695590215128993,6687.483164261798,62.226636796324605
8.69686940526736,6664.456792091837,61.75242973520717
8.698148595405728,6698.9598164461095,65.67751080827854
8.699427785544096,6646.7316695232785,59.33521521902893
8.700706975682465,6599.576709980867,60.048377900428996
8.701986165820832,6616.917619977678,62.777467671578265
8.7032653559592,6567.104168327487,63.40552214997243
8.70454454609757,6568.902523118622,64.6518886163779
8.705823736235937,6551.41845703125,60.44054905425783
8.707102926374304,6554.109952965561,61.401715912898915
8.708382116512672,6604.176473812181,66.35813131156425
8.709661306651041,6563.397899394133,60.499898989115415
8.710940496789409,6629.549206792092,63.711459691653936
8.712219686927776,6642.144994618941,71.49090727614316
8.713498877066145,6653.026825573979,59.34291767881856
8.714778067204513,6692.591228874362,62.26439915346926
8.71605725734288,6680.3079211176655,59.14885327169488
8.71733644748125,6699.146045918367,63.56554366668119
8.718615637619617,6713.072958187181,65.25908393022819
8.719894827757985,6708.2834273357785,60.498133475467306
8.721174017896352,6699.879798110651,57.93994772962227
8.722453208034722,6647.133574816646,58.29184826522272
8.72373239817309,6602.09814453125,61.814472986712644
8.725011588311457,6607.833934550383,64.5435859078478
8.726290778449826,6559.947111168686,56.834439053703704
8.727569968588194,6575.267946827168,61.899285814697585
8.728849158726561,6559.899020448023,62.2912576047553
8.73012834886493,6566.291299625319,62.73017287077874
8.731407539003298,6606.303172831633,63.60225873618549
8.732686729141665,6594.278101084184,61.48730456354547
8.733965919280033,6595.237857740753,62.96359142808723
8.735245109418402,6643.629872847577,64.80534107155867
8.73652429955677,6623.834218550702,62.153747146721415
8.737803489695137,6621.705925143495,67.31293337677361
8.739082679833507,6649.266063456633,64.59358731587557
8.740361869971874,6665.654700454401,71.53518038002527
8.741641060110242,6706.344387755102,62.00505185120945
8.742920250248611,6682.362219985651,58.16440119519853
8.744199440386978,6706.423175422513,65.44703349845187
8.745478630525346,6664.5205277423465,65.09600639175025
8.746757820663714,6647.275530133928,59.87140742920993
8.748037010802083,6662.539211973852,59.4827207916555
8.74931620094045,6615.957115951849,61.104018097624085
8.750595391078818,6608.201077208227,68.53654534391333
8.751874581217187,6601.202173349809,66.3323252105502
8.753153771355555,6603.741893534758,58.895585210773206
8.754432961493922,6625.153290417729,60.84494971728088
8.755712151632292,6606.633908641582,65.99060198284957
8.756991341770659,6609.567896006059,68.30197740857201
8.758270531909027,6588.854322783801,60.022513409407516
8.759549722047394,6598.282650071747,57.61295053892949
8.760828912185763,6619.615249322385,59.79618382830091
8.762108102324131,6653.012600645727,65.26969617035097
8.763387292462498,6652.412886639031,63.35191634539828
8.764666482600868,6676.83074079241,58.913077109644696
8.765945672739235,6654.283701371173,57.264346706025435
8.767224862877603,6664.309585259885,64.02959556833736
8.76850405301597,6642.078264508928,60.44825269803293
8.76978324315434,6620.719158561862,60.456538970332936
8.771062433292707,6629.821667729592,58.580283741220555
8.772341623431075,6619.499382174745,61.03102006361504
8.773620813569444,6639.806142378827,65.35265661615095
8.774900003707812,6594.436618104273,64.26503813859287
8.776179193846179,6592.06916155134,56.77716847736704
8.777458383984548,6612.948287029656,60.70757042517721
8.778737574122916,6623.955362125319,67.5078428793663
8.780016764261283,6611.546680683992,71.24165803467004
8.781295954399651,6595.534398915816,62.43833232961214
8.78257514453802,6607.298424545599,56.77664338996172
8.783854334676388,6610.728565449617,62.47138071464388
8.785133524814755,6611.054752272003,70.53182978388494
8.786412714953125,6622.883121412628,68.69063450135552
8.787691905091492,6614.541608537947,55.399245233809395
8.78897109522986,6632.456737284758,54.317392233139074
8.790250285368229,6641.191471022003,60.32143456783761
8.791529475506596,6644.438092912947,69.32501824958246
8.792808665644964,6643.5600785235965,78.36731896529868
8.794087855783332,6634.07091537787,59.32074291294953
8.7953670459217,6624.704031808035,59.444972523293636
8.796646236060068,6614.514683314732,70.89911919596567
8.797925426198436,6640.095404177296,72.15534297233229
8.799204616336805,6678.286431760204,68.18809437851637
8.800483806475173,6662.833530970982,60.30642344843426
8.80176299661354,6643.856475207271,67.08385902498252
8.80304218675191,6612.715401785715,74.04327804076186
8.804321376890277,6609.229218152104,71.6574847562463
8.805600567028645,6602.054597815689,63.8647361749415
8.806879757167012,6604.488126793686,61.85459466321279
8.808158947305381,6634.110476124043,74.27828816964232
8.809438137443749,6646.9395976163905,83.27117591599693
8.810717327582116,6706.513746611926,80.12707921919402
8.811996517720486,6704.4828503667095,71.98514808303553
8.813275707858853,6691.3302624760845,76.86968103924555
8.81455489799722,6707.921904894771,93.92984714843395
8.81583408813559,6659.581961495535,95.72889001058572
8.817113278273958,6675.2992167570155,83.28382873172717
8.818392468412325,6680.5254105548465,73.63672643937063
8.819671658550693,6646.3772171954715,77.36595093114022
8.820950848689062,6660.685786033163,85.22319869670739
8.82223003882743,6677.149772799745,74.29521672733851
8.823509228965797,6657.5166214923465,63.33585774682347
8.824788419104166,6670.990503427934,64.91686015368356
8.826067609242534,6634.925601881378,65.1593537063456
8.827346799380901,6635.421047911352,70.39549080680445
8.828625989519269,6592.878811583227,64.6884663257163
8.829905179657638,6555.489392338967,58.420024732304725
8.831184369796006,6578.632279376594,62.01263984745583
8.832463559934373,6560.540083904656,62.52740474172754
8.833742750072743,6585.675746372768,66.9019528423178
8.83502194021111,6599.3318867586095,63.44402258471988
8.836301130349478,6572.331463249362,55.317246145683605
8.837580320487847,6606.73058334662,62.373980530002655
8.838859510626214,6615.789281728316,69.4532663000804
8.840138700764582,6643.164401307398,79.11742902373506
8.84141789090295,6690.290567203444,65.93496962763412
8.842697081041319,6704.21510283801,62.297960921086194
8.843976271179686,6694.329838966837,61.02023905899373
8.845255461318054,6694.357416892538,61.984931723653204
8.846534651456423,6726.068837691327,66.76407864959424
8.84781384159479,6697.649254623724,64.76967838511689
8.849093031733158,6712.383370535715,63.271720700223455
8.850372221871528,6695.716104312819,61.12525516351965
8.851651412009895,6671.6333605707905,61.785467364201736
8.852930602148263,6658.64220444037,65.83956947919044
8.85420979228663,6620.178965043048,65.45484998685617
8.855488982425,6650.71131118463,64.6761318156122
8.856768172563367,6642.908975406569,57.46156784545114
8.858047362701734,6624.182891222896,62.54539280147308
8.859326552840104,6603.900550063776,62.90975068388942
8.860605742978471,6627.025719467474,61.70096048043519
8.861884933116839,6610.871442522322,57.353227074255976
8.863164123255208,6617.007349131059,56.09667905075466
8.864443313393576,6604.460558832908,60.47705312058755
8.865722503531943,6585.22145049426,63.77915813074167
8.86700169367031,6647.441241828763,63.078941926221184
8.86828088380868,6669.536760602678,57.4352017641646
8.869560073947047,6690.649493781888,56.1819074907563
8.870839264085415,6736.589006696428,63.96738542994937
8.872118454223784,6705.619544204401,69.34936556130421
8.873397644362152,6719.478959064094,64.92176041964053
8.87467683450052,6670.590665856186,57.67954822691299
8.875956024638889,6658.958590760523,55.886977133768106
8.877235214777256,6687.5842883051655,67.43824592069937
8.878514404915624,6652.03435407366,73.45236558713034
8.879793595053991,6622.519317004146,69.18589345538325
8.88107278519236,6583.707554408482,58.87369919070598
8.882351975330728,6611.178965043048,58.49425791696275
8.883631165469096,6658.715346978635,68.83957439200013
8.884910355607465,6629.192258250957,73.20674239341588
8.886189545745832,6635.406648596939,62.093247734937165
8.8874687358842,6619.1545210857785,53.51375093861951
8.888747926022567,6619.400241151148,56.549933678552115
8.890027116160937,6629.525799186862,68.09410257134577
8.891306306299304,6716.549510722258,71.70399321959285
8.892585496437672,6719.310367506378,61.5331574752631
8.893864686576041,6771.77685546875,55.11002396327597
8.895143876714409,6795.97644790338,60.12760217301973
8.896423066852776,6773.546516262755,70.54829651479218
8.897702256991145,6814.312664421237,71.8532844000298
8.898981447129513,6748.163205516582,60.77657273161647
8.90026063726788,6805.537458147322,56.654177329791416
8.901539827406248,6849.428840481505,65.4086416778877
8.902819017544617,6762.559909119898,74.54944574786433
8.904098207682985,6710.880221619898,68.52349271325207
8.905377397821352,6703.2965710698345,60.99455891419448
8.906656587959722,6688.523890904018,56.19166249841838
8.90793577809809,6656.407201650191,60.53923941455758
8.909214968236457,6665.304039779974,72.28099230142236
8.910494158374826,6621.548479352678,65.55536750262796
8.911773348513194,6656.0835558832905,59.51679463548169
8.913052538651561,6650.696597975128,56.61748617575812
8.914331728789929,6678.857745735013,63.633727530898916
8.915610918928298,6730.756153340242,72.69618365400045
8.916890109066665,6756.034862284758,70.98805744203919
8.918169299205033,6819.45237763074,62.916670956338045
8.919448489343402,6828.403160873724,61.25887353656631
8.92072767948177,6815.795166015625,66.28344007000355
8.922006869620137,6841.4191695232785,73.99964535815751
8.923286059758507,6808.985052614796,68.49128012323453
8.924565249896874,6803.39099868463,62.44574036871872
8.925844440035242,6785.773467394771,63.092561606151676
8.92712363017361,6750.4439921476405,64.75967294244406
8.928402820311979,6769.836679886798,68.716245648732
8.929682010450346,6709.552116549745,65.01084207141098
8.930961200588714,6697.935292769452,58.591917970110586
8.932240390727083,6701.0064921476405,59.386005399104924
8.93351958086545,6668.699348294005,63.26224611690251
8.934798771003818,6675.227374641263,64.62413277175513
8.936077961142187,6663.7666214923465,73.71839986790087
8.937357151280555,6689.391840720663,62.02624983623471
8.938636341418922,6733.574029416454,63.21106653482983
8.93991553155729,6741.992715640944,64.09639891107564
8.941194721695659,6815.197574537628,70.29938540092414
8.942473911834027,6844.984389947385,66.67898166546627
8.943753101972394,6849.153509646046,68.8530617695276
8.945032292110763,6860.941929408482,69.53746487068116
8.946311482249131,6856.416658362564,62.43164027034902
8.947590672387499,6886.896135602678,67.57831583824276
8.948869862525866,6866.825733418367,66.9338574940904
8.950149052664235,6824.835643534758,66.31942538852653
8.951428242802603,6856.715406768176,70.00062517437524
8.95270743294097,6765.466223891901,64.09848112815926
8.95398662307934,6824.351368183992,62.63313632318229
8.955265813217707,6824.056730309311,61.36542667490882
8.956545003356075,6806.155054209184,62.68921170455303
8.957824193494444,6716.450284996811,66.24188070347593
8.959103383632812,6731.799077248087,64.96065431353004
8.960382573771179,6813.677041812819,65.90484569280271
8.961661763909547,6826.51123046875,69.33093842697537
8.962940954047916,6868.350107621173,71.16007781975198
8.964220144186283,6933.971859056122,74.79412567727162
8.965499334324651,6989.145587531888,71.40885933284035
8.96677852446302,7081.774648238202,67.46641655130541
8.968057714601388,7066.018873565051,68.68907108569395
8.969336904739755,7032.297243702168,69.41975143053534
8.970616094878125,7129.9724320392215,69.49700478500814
8.971895285016492,7143.105453802615,72.84818331071617
8.97317447515486,7205.684585259885,66.0564027948066
8.974453665293227,7202.903310347577,68.39243035817977
8.975732855431596,7249.2613749601405,73.22688227954426
8.977012045569964,7270.046511280293,70.58415974205803
8.978291235708332,7245.489875637755,65.87923777883861
8.9795704258467,7302.444380779656,64.5796391531638
8.980849615985068,7347.871123644771,69.17838589470419
8.982128806123436,7493.686473612883,77.4019447985394
8.983407996261805,7670.874232700893,77.31877168334684
8.984687186400173,7848.59938018176,72.27136924818534
8.98596637653854,8092.876415019133,69.48252390730904
8.987245566676908,8357.415836256378,79.30497748110633
8.988524756815277,8663.888771524234,93.14497957699268
8.989803946953645,8747.665512396365,92.09112394739766
8.991083137092012,8575.469178491709,78.62316221452411
8.992362327230381,8340.478246572065,72.29313844583399
8.993641517368749,8018.4075703523595,74.12219139885417
8.994920707507116,7655.1351542570155,76.4918235364785
8.996199897645486,7327.242606026785,78.14487375666604
8.997479087783853,7116.136644013074,66.6767416329146
8.99875827792222,7009.34748186384,63.31860163571735
9.000037468060588,6926.9371562101405,61.89756949420515
9.001316658198958,6884.04578384088,67.8906968922828
9.002595848337325,6857.150315888074,70.22405455686815
9.003875038475693,6805.446244220344,61.84993109268791
9.005154228614062,6794.052480269452,59.43605719223152
9.00643341875243,6789.371078802615,62.828763259008085
9.007712608890797,6771.975446428572,71.78625390358499
9.008991799029165,6805.4011031170285,73.15972785166682
9.010270989167534,6862.482312260842,66.44982239847566
9.011550179305901,6894.110730229592,64.71598695895445
9.012829369444269,6911.603899274553,66.58874345370069
9.014108559582638,6941.923100685587,75.59736978000907
9.015387749721006,6960.7252421476405,73.45873059795916
9.016666939859373,6945.341283681441,65.85220918452467
9.017946129997743,6952.451067243303,61.73589018159635
9.01922532013611,6969.068698182398,65.33823190813013
9.020504510274478,6953.597611407844,70.51293186901516
9.021783700412845,6934.252142458546,70.62237830001439
9.023062890551214,6919.883739237883,64.99659828099159
9.024342080689582,6931.778833506059,59.74276959196671
9.02562127082795,6915.251086176658,61.19113854532226
9.026900460966319,6883.8370137117345,64.93184962009994
9.028179651104686,6886.905059191646,70.63568018065125
9.029458841243054,6894.417141661352,68.08532070101165
9.030738031381423,6884.802968550702,60.93141901632174
9.03201722151979,6927.037473094707,64.64969963530014
9.033296411658158,6980.9073710538905,71.41605435824914
9.034575601796526,7027.286013233418,76.19073596320283
9.035854791934895,7053.613196548151,76.4294503160136
9.037133982073263,7093.660654496173,68.2746271937302
9.03841317221163,7115.556157326212,63.98989413175794
9.03969236235,7147.747439014668,69.55559419358539
9.040971552488367,7139.44482421875,75.93829588411718
9.042250742626734,7099.347412109375,70.47563053527222
9.043529932765104,7044.916100326849,66.20957703628451
9.044809122903471,7027.070506816008,61.608109017659736
9.046088313041839,7009.7098612882655,63.30873424227741
9.047367503180206,6990.879808075574,66.94496109748113
9.048646693318576,6936.7421277104595,64.18212130155376
9.049925883456943,6917.656698421556,65.63231423177974
9.05120507359531,6930.874945192921,62.49680043462848
9.05248426373368,6886.306271922832,63.37835850291471
9.053763453872048,6869.06531509088,67.32492487945154
9.055042644010415,6898.10084502551,68.39113873263665
9.056321834148784,6891.752301897322,70.51564360377503
9.057601024287152,6927.075723453444,66.97728768910947
9.05888021442552,6936.892936862245,67.27065733813686
9.060159404563887,6971.591338488521,72.49463950744033
9.061438594702256,6999.487917530293,71.78588017042341
9.062717784840624,6998.7999491788905,71.16123842754018
9.063996974978991,6998.878637197066,70.9976255855654
9.06527616511736,6972.303342235332,64.32469205459844
9.066555355255728,6996.199099170918,68.7372535621922
9.067834545394096,6977.286043128189,66.9901634258957
9.069113735532463,6938.688137755102,69.07064630261014
9.070392925670832,6987.580551458865,68.93662941652501
9.0716721158092,6931.331253985969,63.40382971649065
9.072951305947567,6952.307417889031,65.65669312302376
9.074230496085937,6932.0958874760845,62.6515704774989
9.075509686224304,6924.812754105548,63.4199490558739
9.076788876362672,6939.235585738202,71.19864422028044
9.078068066501041,6893.0392867107785,70.70263154395829
9.079347256639409,6928.292286152742,67.79649385328324
9.080626446777776,6944.5151965082905,67.06331390022982
9.081905636916144,6932.648562061543,67.54128251298798
9.083184827054513,6961.340855189732,68.69655410853835
9.08446401719288,6951.108243981186,75.93498709825029
9.085743207331248,7018.782291334503,75.45625485163218
9.087022397469617,7004.098269092793,69.53373477315093
9.088301587607985,7030.158616669324,65.96097823974414
9.089580777746352,7025.529565927934,64.40898682141943
9.090859967884722,7002.96739975287,70.75441038687742
9.09213915802309,7044.281613719707,76.95825047202969
9.093418348161457,7014.798245176977,71.71860683314252
9.094697538299824,7065.793795838648,67.29052182274513
9.095976728438194,7037.328394052934,61.82108933554174
9.097255918576561,6994.930280412947,64.71237087887073
9.098535108714929,7009.09455217634,72.82379740829106
9.099814298853298,6970.322968152104,70.14468795994195
9.101093488991665,6987.521319953763,66.84724429900403
9.102372679130033,6956.845165019133,59.70497525246134
9.103651869268402,6972.981734295281,61.33196145373088
9.10493105940677,7023.608836894133,72.87826003637618
9.106210249545137,6987.996995575574,77.31856275139091
9.107489439683505,7073.159951969069,74.19835581506037
9.108768629821874,7054.121776347258,62.36808144087838
9.110047819960242,7087.256133410396,60.598555429937015
9.11132701009861,7117.733806999362,67.87135412061906
9.112606200236979,7047.880361128827,73.36790025276639
9.113885390375346,7102.804697464923,73.94307183192815
9.115164580513714,7088.067113759566,63.223472472965014
9.116443770652083,7091.969318000638,59.10289112191353
9.11772296079045,7088.0594258211095,62.101418926119685
9.119002150928818,7083.495600486288,68.26959344199062
9.120281341067185,7094.660400390625,78.77688389038022
9.121560531205555,7056.310382453763,70.30311360293426
9.122839721343922,7066.470105229592,62.56851548567241
9.12411891148229,7045.758634606186,57.370691599212584
9.12539810162066,7021.98175920759,61.66430432048806
9.126677291759027,7000.021324936224,71.48094777602213
9.127956481897394,7015.455611248406,75.14310553532341
9.129235672035762,7063.353799625319,72.76774494786406
9.130514862174131,7075.980483697385,62.38791102003847
9.131794052312499,7099.253856425383,62.80281727407246
9.133073242450866,7127.38014190051,72.02002354417985
9.134352432589235,7113.268619459503,78.53349302894223
9.135631622727603,7150.53107561384,73.30539969983744
9.13691081286597,7159.842992665816,64.79574056478346
9.13819000300434,7202.76384626116,60.0769963434317
9.139469193142707,7207.199507732781,63.144037710634784
9.140748383281075,7166.016491948342,67.25764387306188
9.142027573419442,7156.874481823979,75.03627971438195
9.143306763557812,7145.241833745217,68.64066504036104
9.144585953696179,7148.995256696428,64.26040123758756
9.145865143834547,7106.424869459503,63.86833213692869
9.147144333972916,7104.747812699298,63.19227048709214
9.148423524111283,7102.899060307717,69.92676037891134
9.149702714249651,7042.123789261798,68.39528215282681
9.15098190438802,7074.348627830038,66.54273793942794
9.152261094526388,7051.34983856824,63.28622600098318
9.153540284664755,7064.632055165816,63.27099879160768
9.154819474803123,7112.664152184311,71.15355890356662
9.156098664941492,7113.917884048151,70.79490685699142
9.15737785507986,7165.539525868941,76.30482080768154
9.158657045218227,7150.019840162628,69.48408130124498
9.159936235356597,7189.8796187420285,67.19349520875129
9.161215425494964,7217.255789620535,69.59826603379457
9.162494615633332,7216.677644690689,66.77390217483612
9.1637738057717,7244.251519650829,72.28011244932193
9.165052995910068,7201.022241709184,69.60358620784307
9.166332186048436,7208.463104870854,70.69085127680492
9.167611376186803,7231.663793447066,67.81731665953528
9.168890566325173,7190.176284478635,63.404118374869405
9.17016975646354,7163.817547233737,65.86022451648086
9.171448946601908,7132.452153419962,63.84119157563964
9.172728136740277,7140.848866988202,73.04089007966384
9.174007326878645,7110.001549545599,68.19465704544416
9.175286517017012,7097.178292410715,70.71401579964922
9.17656570715538,7088.382289341518,69.1211441875077
9.177844897293749,7075.632050183354,61.27460521123684
9.179124087432116,7115.94353376116,66.86665111464555
9.180403277570484,7118.712721221301,73.98723640555386
9.181682467708853,7134.936508490115,73.46934252072542
9.18296165784722,7166.50304428412,74.63127722377848
9.184240847985588,7189.203653140944,65.75704865204912
9.185520038123958,7239.6046765385845,64.58646775722322
9.186799228262325,7242.059839365434,69.55553136807083
9.188078418400693,7252.137899593431,75.78781510369807
9.18935760853906,7273.9793476961095,74.42365986372961
9.19063679867743,7245.009008290816,69.67758142954956
9.191915988815797,7278.930106026785,64.50239509826399
9.193195178954165,7259.20726044324,61.31613423719505
9.194474369092534,7226.9596171476405,70.77979068326988
9.195753559230901,7205.556321747449,72.08786358692228
9.197032749369269,7172.638502471301,71.48729498265831
9.198311939507638,7150.427485251913,63.083978565739926
9.199591129646006,7098.235849808673,57.33660994981016
9.200870319784373,7084.254688496492,61.58097706717626
9.20214950992274,7146.685477120535,68.82586362248607
9.20342870006111,7145.982994858099,77.2345727907058
9.204707890199478,7166.02869399713,77.15520318472875
9.205987080337845,7173.700190330038,68.29623138878587
9.207266270476214,7184.880082110969,66.36276158809903
9.208545460614582,7226.077791175064,70.40903620214253
9.20982465075295,7235.929602798151,77.12248688343784
9.211103840891319,7261.5062480070155,78.16479161321489
9.212383031029686,7313.238714724171,72.76769809112335
9.213662221168054,7321.863674864477,66.94177228244703
9.214941411306421,7341.622473891901,62.6731919623963
9.21622060144479,7335.862349529656,66.987664768257
9.217499791583158,7316.342992665816,75.04680699415972
9.218778981721526,7328.751489756059,79.75832361074706
9.220058171859895,7288.391641422194,71.09746117632535
9.221337361998263,7250.498729472258,64.28542599048556
9.22261655213663,7201.9436633051655,58.43229442183374
9.223895742275,7186.571199378189,62.46346147032913
9.225174932413367,7166.772799744898,67.53224506908849
9.226454122551734,7147.868866589604,72.12643336427706
9.227733312690102,7152.724569515306,69.94770324605167
9.229012502828471,7165.552649673151,65.42226266865877
9.230291692966839,7220.5083207110965,64.8683590097012
9.231570883105206,7227.947649274553,69.86157838183416
9.232850073243576,7250.970957230548,84.50432406876035
9.234129263381943,7307.992606026785,76.6442711337196
9.23540845352031,7353.682064134247,72.97642067296484
9.236687643658678,7362.609195631378,67.975084717524
9.237966833797048,7377.477593869579,67.83736162857674
9.239246023935415,7423.418671277104,70.37991873091951
9.240525214073783,7426.136644013074,73.22838740623976
9.241804404212152,7426.482730787628,73.25728047186614
9.24308359435052,7400.463219467474,69.18529158159004
9.244362784488887,7378.470429089604,65.7919078707864
9.245641974627256,7337.756845902423,67.07857995207017
9.246921164765624,7280.142219387755,69.17893480990163
9.248200354903991,7259.2759386957905,68.50493379151135
9.249479545042359,7228.202023875957,68.99018031888632
9.250758735180728,7225.174221739477,62.56858244866259
9.252037925319096,7231.787557796556,64.62070929664253
9.253317115457463,7199.384307238521,66.74274634025076
9.254596305595832,7230.7887984295285,73.2470549421338
9.2558754957342,7245.351886360013,74.57364015983161
9.257154685872568,7275.493637396365,74.9407837632714
9.258433876010937,7338.166419204401,74.1109026082616
9.259713066149304,7365.765943877551,69.62879062816316
9.260992256287672,7424.976328324298,74.87557267058637
9.26227144642604,7432.013866191008,72.930668122846
9.263550636564409,7483.7623515226405,71.67825716030332
9.264829826702776,7478.466542769452,73.53529426876439
9.266109016841144,7469.6670918367345,71.92185495435582
9.267388206979513,7484.74333844866,72.84839830045294
9.26866739711788,7425.342648875957,73.01270133621678
9.269946587256248,7443.033098493303,75.52267966590314
9.271225777394617,7397.313013193559,68.42722472306528
9.272504967532985,7360.677206234056,65.26083415262384
9.273784157671352,7354.021663743622,68.87245401845234
9.27506334780972,7295.404227120535,67.12644459005789
9.27634253794809,7299.978580397003,69.70046137249321
9.277621728086457,7230.620999083227,70.63907357278451
9.278900918224824,7276.537891621492,69.82972404791659
9.280180108363194,7299.1031718351405,66.7519824578579
9.281459298501561,7323.508211096939,70.65290461066802
9.282738488639929,7367.521648796237,76.67945316884042
9.284017678778298,7378.543696189413,73.71150761973294
9.285296868916666,7461.398960658482,75.05617529033847
9.286576059055033,7463.722965162628,69.63375851925713
9.2878552491934,7488.071184430803,66.32840804494802
9.28913443933177,7512.159463687819,69.33703287390053
9.290413629470137,7492.631771165497,74.01005409898934
9.291692819608505,7505.313690808354,77.45441708756753
9.292972009746874,7470.29563934949,70.70044095890651
9.294251199885242,7473.021050900829,69.39285652059448
9.29553039002361,7471.748425542092,66.15950750266012
9.296809580161977,7446.727554009885,67.236712526846
9.298088770300346,7288.2289839764035,71.51253623394595
9.299367960438714,7338.918651347258,72.94478339552452
9.300647150577081,7390.880680006378,72.744853767775
9.30192634071545,7325.456961495535,67.74801515027382
9.303205530853818,7340.612334582271,69.99565460857293
9.304484720992185,7280.082195671237,70.97169478256349
9.305763911130555,7342.25172393176,77.43226564700122
9.307043101268922,7387.571817203444,84.51444239425176
9.30832229140729,7416.960783043686,75.554169172902
9.309601481545657,7487.05793108259,69.94425807423495
9.310880671684027,7493.016770966199,64.17565797179341
9.312159861822394,7506.048693598533,64.06931633022448
9.313439051960762,7510.875338807398,69.25612949869218
9.314718242099131,7535.7485152264035,72.57742351119707
9.315997432237499,7592.607222576531,80.41285590076905
9.317276622375866,7582.5586535395405,68.70625744566874
9.318555812514235,7547.8083296795285,63.58133986392502
9.319835002652603,7499.1067492426655,65.05153795832904
9.32111419279097,7456.330651108099,68.33904567557126
9.322393382929338,7440.543935347577,75.8827554949366
9.323672573067707,7409.627346739477,76.25999850714699
9.324951763206075,7408.713309151785,70.83384505478114
9.326230953344442,7379.870311503508,65.82940944160006
9.327510143482812,7367.914690290178,65.96221105606152
9.32878933362118,7389.999805683992,72.94497016712803
9.330068523759547,7390.907670001594,80.56457689790207
9.331347713897916,7450.674196827168,85.97277054421174
9.332626904036283,7489.662672393176,79.4451018393484
9.333906094174651,7528.050387635523,71.9394492519034
9.335185284313019,7557.9964823820155,65.36857857624668
9.336464474451388,7575.767488440689,66.64083004446742
9.337743664589755,7597.13307158801,73.9584138196726
9.339022854728123,7581.03575912787,73.56222333042801
9.340302044866492,7649.526860451212,78.18386250019017
9.34158123500486,7595.334761639031,65.59927581282979
9.342860425143227,7581.747468909439,62.23334814695817
9.344139615281597,7560.656304807079,63.84403947912755
9.345418805419964,7541.739641462053,68.59026545812212
9.346697995558332,7532.846136599171,75.25547732880116
9.347977185696699,7458.193573620854,74.97315316358595
9.349256375835068,7454.137530891263,75.61006095416693
9.350535565973436,7421.293217873087,68.75050889265694
9.351814756111803,7431.116694236288,66.66311723839172
9.353093946250173,7431.820750956633,71.60746195362684
9.35437313638854,7442.845573580995,78.70242854707531
9.355652326526908,7502.622523716518,85.3910690820811
9.356931516665275,7501.39820830676,80.2258096683859
9.358210706803645,7578.185746173469,80.58139752206984
9.359489896942012,7609.371078802615,73.49614431175253
9.36076908708038,7658.3825085698345,72.60323443607777
9.362048277218749,7652.0606465242345,74.09474874134685
9.363327467357117,7665.203981983418,69.28386654833949
9.364606657495484,7638.468645368303,69.70621487399747
9.365885847633853,7614.613889110332,70.85131221366697
9.36716503777222,7649.001469826212,69.91710525713717
9.368444227910588,7645.90636459662,65.77760601530206
9.369723418048956,7613.564413265306,69.23750014277083
9.371002608187325,7587.517049984056,69.54233286056859
9.372281798325693,7532.481226084184,67.4747468769424
9.37356098846406,7515.234614158163,69.01185618746094
9.37484017860243,7489.813342036033,70.71487894503575
9.376119368740797,7479.794244260204,70.23393754547469
9.377398558879165,7470.589504942602,69.4325230204867
9.378677749017534,7457.120894451531,74.50361309780575
9.379956939155901,7484.7658890704715,74.9490273728689
9.381236129294269,7517.2509964923465,75.76665856507044
9.382515319432637,7589.826107102997,80.77731842135171
9.383794509571006,7612.6371472417095,80.67685945019404
9.385073699709373,7660.814906529018,82.66249729515175
9.38635288984774,7718.976009446747,78.5293859383346
9.38763207998611,7706.5453503667095,73.12980106486165
9.388911270124478,7749.802415497449,67.57183633664826
9.390190460262845,7741.390824298469,63.98818885090777
9.391469650401215,7696.627336774553,68.96292737526065
9.392748840539582,7723.546197385204,74.24448404770672
9.39402803067795,7660.037871691646,76.70382144615535
9.395307220816317,7618.248873963648,72.2091863233632
9.396586410954686,7582.833615672832,68.08082102593461
9.397865601093054,7562.806625677615,64.81016958076223
9.399144791231421,7518.861313177615,62.49032771970422
9.40042398136979,7528.921087771046,71.15724709851865
9.401703171508158,7517.57887236926,75.48521297043213
9.402982361646526,7488.48810686384,74.99517177757691
9.404261551784895,7492.424700055803,72.25271912452635
9.405540741923263,7497.248490314094,73.35810438454645
9.40681993206163,7567.718391262755,69.19803936040964
9.408099122199998,7608.737583705357,72.19828123158885
9.409378312338367,7647.391048509247,85.5582399790428
9.410657502476734,7705.668023557079,90.35461137944888
9.411936692615102,7703.147999043367,84.3897888563683
9.413215882753471,7775.953583386479,78.58807842800574
9.414495072891839,7751.326690051021,72.10791438639214
9.415774263030206,7728.755680006378,64.01071449229018
9.417053453168574,7758.004887794962,65.63687228422687
9.418332643306943,7772.607436822385,73.21302059979236
9.41961183344531,7743.799774792729,79.86198647424227
9.420891023583678,7699.3713179607785,74.58881847711564
9.422170213722048,7685.164824816646,66.70456036618162
9.423449403860415,7660.940275231186,63.84024054722647
9.424728593998783,7639.416175063776,62.85044244715249
9.426007784137152,7610.932602240115,64.6538391741569
9.42728697427552,7578.171008051658,76.33079312421243
9.428566164413887,7521.678960060587,76.42261604429564
9.429845354552254,7533.2962023676655,77.51460151802384
9.431124544690624,7597.094447544643,70.26904258586369
9.432403734828991,7606.839475047832,67.57903620571098
9.433682924967359,7634.832115951849,70.54385159379883
9.434962115105728,7688.693434111926,79.10148861869719
9.436241305244096,7707.204953563457,86.97579413078518
9.437520495382463,7771.937335578763,91.11238135265504
9.438799685520832,7813.93971221301,85.1911071574553
9.4400788756592,7827.575598891901,74.64162905264253
9.441358065797568,7849.392573142538,68.89841835613302
9.442637255935935,7836.103824537628,68.97681685194729
9.443916446074304,7847.627237125319,72.00144328047332
9.445195636212672,7840.650769292092,72.09781104233946
9.44647482635104,7803.256427375638,75.6980422031083
9.447754016489409,7803.230259486607,75.55909786407943
9.449033206627776,7763.709871253189,78.26439023022782
9.450312396766144,7767.627979512117,67.85154073077375
9.451591586904513,7720.1165547273595,64.44981473428025
9.45287077704288,7636.039012675383,68.57503425216774
9.454149967181248,7594.831378547513,70.3765223795173
9.455429157319616,7576.867401745854,70.39983136270182
9.456708347457985,7606.2479472257655,76.65157460958314
9.457987537596352,7601.10320172991,74.50937054565657
9.45926672773472,7661.299929249043,77.23251222624859
9.46054591787309,7686.632164779974,76.3641260859392
9.461825108011457,7743.370451012436,79.81723974574564
9.463104298149824,7782.032415896046,80.82644097233961
9.464383488288194,7843.5015644929845,80.82058572462515
9.465662678426561,7857.412179129465,83.41783398390098
9.466941868564929,7887.158168247768,80.99328149737595
9.468221058703296,7920.44646344866,75.03777437715245
9.469500248841666,7882.208361567283,71.00059596564518
9.470779438980033,7926.469771404656,72.4230058085086
9.4720586291184,7892.6516312579715,70.004062537108
9.47333781925677,7912.185477120535,69.82549061083486
9.474617009395137,7896.212118343431,71.22099774878717
9.475896199533505,7876.887745137117,71.94339722101336
9.477175389671872,7858.8725386639035,71.0400404712574
9.478454579810242,7764.718969228316,64.26616790553335
9.47973376994861,7767.061677893814,74.75853496553819
9.481012960086977,7690.490877112564,62.88455241851463
9.482292150225346,7705.1159468670285,63.61259718270625
9.483571340363714,7692.397311463648,66.98805814624626
9.484850530502081,7685.609300263074,69.43352185793584
9.48612972064045,7708.763228435906,77.60077544935928
9.487408910778818,7718.664989237883,78.69672671839457
9.488688100917186,7792.377570950255,82.03956126065215
9.489967291055553,7828.957768654337,81.86242868189191
9.491246481193922,7866.842768455038,71.31644990023345
9.49252567133229,7911.852454360651,70.04032012779832
9.493804861470657,7936.834467673788,72.16182740529423
9.495084051609027,7982.4716597576535,78.76909886902268
9.496363241747394,7957.177176339285,78.79706729208296
9.497642431885762,8027.6562699298465,80.48807533060116
9.498921622024131,8044.851692044005,76.13356840538387
9.500200812162499,8041.217339963329,70.69318117729696
9.501480002300866,8045.44298569037,67.70159551319333
9.502759192439234,8030.44786850287,66.09513941004624
9.504038382577603,8013.618298588967,73.88403018777954
9.50531757271597,7996.468700175383,76.24672540885099
9.506596762854338,8034.081951530612,77.56746963231352
9.507875952992707,7929.255924147003,75.3920774466301
9.509155143131075,7934.046536192602,70.55620684896827
9.510434333269442,7965.266666334503,66.63338142508458
9.511713523407812,8006.839275749362,66.93224263810895
9.51299271354618,8089.008295798788,72.70219442448665
9.514271903684547,8142.8628527582905,83.84592515129916
9.515551093822914,8249.590137715242,84.18240175136447
9.516830283961283,8266.250398596938,78.05966855037562
9.518109474099651,8385.488101881378,77.05987415715283
9.519388664238019,8514.657136878188,72.9430465700882
9.520667854376388,8583.937465122768,70.2246153342102
9.521947044514755,8649.011419802297,73.8068160922284
9.523226234653123,8608.61193100287,78.27116716700556
9.524505424791492,8572.976901307398,90.07819564915401
9.52578461492986,8405.584926060268,80.84426170027636
9.527063805068227,8369.135079520089,74.32034394496311
9.528342995206595,8246.289660395409,67.99181417425032
9.529622185344964,8166.998659717793,64.87126816347406
9.530901375483332,8086.002456353635,63.421392709475995
9.5321805656217,7998.011937978316,62.882379477905246
9.533459755760068,7950.48558075574,70.08268705471956
9.534738945898436,7877.144660794005,66.7413674175066
9.536018136036803,7868.981430365115,65.85284915738859
9.537297326175171,7784.376594387755,60.72958060153278
9.53857651631354,7775.673499282526,61.28448619335933
9.539855706451908,7782.764718191965,61.301213519477926
9.541134896590275,7767.253941127232,63.63352906539831
9.542414086728645,7859.787647480867,71.51910825578682
9.543693276867012,7867.6565539301655,74.22129270350929
9.54497246700538,7900.154052734375,73.77596027994687
9.546251657143749,7949.048723493303,68.99271062621982
9.547530847282117,7991.785250916773,64.2152508115224
9.548810037420484,8008.396115672832,65.26764144603392
9.550089227558852,8027.909134845344,69.82826309893571
9.551368417697221,8036.67687240912,74.15827937570812
9.552647607835588,8042.369494379783,76.70870936036438
9.553926797973956,8097.354681521046,77.98101080448888
9.555205988112325,8069.972252670599,76.05913960491489
9.556485178250693,8073.2338667889035,76.24069401104398
9.55776436838906,8068.506890744579,67.65676329691745
9.55904355852743,8016.5735859773595,67.13077382350791
9.560322748665797,7974.0851452885845,70.75159126067364
9.561601938804165,7882.809719786352,73.64392175882058
9.562881128942532,7864.806675502232,74.28934922972108
9.564160319080901,7828.762216996173,70.99414904728214
9.565439509219269,7848.373430524553,71.10131165124702
9.566718699357637,7835.974893375319,66.05022240817034
9.567997889496006,7878.921511280293,63.73931490383516
9.569277079634373,7915.8217175542095,66.08395036388724
9.57055626977274,7937.25080217634,66.32699622544398
9.57183545991111,7940.329241071428,70.26718232499319
9.573114650049478,7955.587078483737,70.00636036301776
9.574393840187845,8007.0772480867345,69.04713139384198
9.575673030326213,8013.583017777423,69.56117534537206
9.576952220464582,8056.066162109375,68.68229028633088
9.57823141060295,8096.555106026785,69.44580816122732
9.579510600741317,8114.218555683992,71.05741887821031
9.580789790879686,8157.0553601323345,76.48259411703896
9.582068981018054,8159.5512097417095,76.64529342681828
9.583348171156421,8231.835165218432,77.44790935485413
9.58462736129479,8221.02688536352,73.62666646851342
9.585906551433158,8177.168805803572,83.10813795587548
9.587185741571526,8124.795071348852,70.37387759912048
9.588464931709893,8063.558254942602,66.32269840792569
9.589744121848263,8004.031384526467,64.8067813862439
9.59102331198663,7920.229223134566,64.08648598162867
9.592302502124998,7940.7679219148595,65.78149923123428
9.593581692263367,7903.130191725128,63.96600267247135
9.594860882401735,7925.257249481824,66.91473120438012
9.596140072540102,7929.257015306122,68.13178134108327
9.59741926267847,7992.571503308354,71.74018161807518
9.598698452816839,7969.283786073023,67.31937528548669
9.599977642955206,8029.381940569197,67.56125393875601
9.601256833093574,8037.069291095344,64.44376759917523
9.602536023231943,8067.045599489796,62.92503776069637
9.60381521337031,8104.946448501276,63.60295949188203
9.605094403508678,8124.7623515226405,67.40459855862585
9.606373593647048,8142.817328005421,71.26891012703099
9.607652783785415,8172.421461455676,77.83696612802133
9.608931973923783,8200.93161571269,86.69709965629788
9.61021116406215,8246.156633649554,79.56173040370257
9.61149035420052,8272.450668646365,85.32960655090224
9.612769544338887,8281.38990752551,71.99738487943715
9.614048734477254,8227.167540258291,63.967487616908095
9.615327924615624,8183.944993622449,65.82354530508537
9.616607114753991,8120.058060626594,67.8275031222603
9.617886304892359,8077.888288225447,73.45286940000038
9.619165495030728,8024.828334263393,74.88568311013726
9.620444685169096,7997.119638871173,73.04059090517785
9.621723875307463,7997.386688855229,69.35718405546717
9.62300306544583,7997.76979033801,62.995492721597145
9.6242822555842,7987.770552654656,59.963695947220344
9.625561445722568,8005.414132254465,59.519957525892494
9.626840635860935,8032.372897401148,61.2152978396449
9.628119825999304,8071.5311055086095,67.11301048542023
9.629399016137672,8081.657884247449,79.12175440726429
9.63067820627604,8117.489337531888,77.59765327806227
9.631957396414409,8153.074841557717,68.14601864970706
9.633236586552776,8172.31726821588,71.23237682168538
9.634515776691144,8190.740199497768,61.618346573695035
9.635794966829511,8227.804956552935,61.43892007652974
9.63707415696788,8278.370206871812,65.7286818243338
9.638353347106248,8286.769112723214,72.62384014743719
9.639632537244616,8295.979621731505,81.66033332419943
9.640911727382985,8307.83226044324,83.01549892197056
9.642190917521352,8271.838921994578,79.43899570553964
9.64347010765972,8229.904481226084,69.35395727160108
9.64474929779809,8179.971036949936,59.64536525415869
9.646028487936457,8132.478988958865,57.501252787741734
9.647307678074824,8078.095174984056,58.86357553290112
9.648586868213192,8040.064507932079,63.41043416742366
9.649866058351561,8017.369065888074,69.77984412439757
9.651145248489929,8052.150176379146,76.34956047078086
9.652424438628296,8104.148043885523,80.2378631226213
9.653703628766666,8104.5368453045285,72.75982198435021
9.654982818905033,8158.079868861607,66.23301698895904
9.6562620090434,8204.000996492347,60.38128475471901
9.657541199181768,8239.44137635523,59.11357582242454
9.658820389320137,8286.158820950255,60.0369298088628
9.660099579458505,8422.978480747768,63.51590772897689
9.661378769596872,8678.898048867984,69.50266543474768
9.662657959735242,9031.536491549745,76.31246437223469
9.66393714987361,9429.149992028062,83.91631757062612
9.665216340011977,9590.757922114159,82.70868528102676
9.666495530150346,9556.413703762755,75.10184965141643
9.667774720288714,9381.949776785714,71.05300188826135
9.669053910427081,9122.314019650828,69.6095457003037
9.670333100565449,8836.171595982143,70.02665270943518
9.671612290703818,8603.600640744578,73.775103388405
9.672891480842186,8374.662782007334,73.42061415396059
9.674170670980553,8266.585897640307,75.25378043054971
9.675449861118922,8186.975825095663,73.07333817188415
9.67672905125729,8115.2816386320155,72.78362012743182
9.678008241395657,8138.115583147322,73.17526515573444
9.679287431534027,8124.241519850128,65.30748266561636
9.680566621672394,8158.664486009247,65.8818807287662
9.681845811810762,8182.469851124043,66.81425885739031
9.68312500194913,8213.753701969068,68.37620646173762
9.684404192087499,8237.036700813138,68.13361052887021
9.685683382225866,8248.807612205039,64.283442543286
9.686962572364234,8301.413404815052,69.14070185733621
9.688241762502603,8280.617506377552,69.63415115830799
9.68952095264097,8318.909219547193,69.1808827574525
9.690800142779338,8308.807009327169,67.65239215187576
9.692079332917707,8344.000059789541,69.71161318792849
9.693358523056075,8391.773880939094,73.76437384212993
9.694637713194442,8390.859200613839,78.61529317188742
9.69591690333281,8360.640355947065,67.32039417990516
9.69719609347118,8351.130291374362,64.12863535607636
9.698475283609547,8290.664660395409,64.75523170290306
9.699754473747914,8250.897635323661,68.16402356154819
9.701033663886284,8221.686363998724,68.88840174796333
9.702312854024651,8150.810018734056,70.69256357056973
9.703592044163019,8131.956069634885,67.72820405199117
9.704871234301388,8148.359928053253,67.30096417104419
9.706150424439755,8168.739148198342,63.89810018988559
9.707429614578123,8178.0071398676655,60.02835933341049
9.70870880471649,8209.167201450893,61.249799309848136
9.70998799485486,8267.968690210459,63.813151568072435
9.711267184993227,8281.442073899872,65.13476962890324
9.712546375131595,8328.680399992028,71.393963501517
9.713825565269964,8361.436089963328,70.46099836407512
9.715104755408332,8364.497593470982,69.83849712708592
9.7163839455467,8346.305594308036,67.39890457978926
9.717663135685067,8407.0394660794,65.09897733944007
9.718942325823436,8416.257010323661,63.05812036478217
9.720221515961804,8429.867386798469,62.69105342729864
9.721500706100171,8406.337586694834,64.19640982500708
9.72277989623854,8415.744449537628,67.50042850822649
9.724059086376908,8372.389035594706,72.64968239594485
9.725338276515275,8331.863615074937,73.073908826936
9.726617466653645,8347.827268016581,71.7334103801302
9.727896656792012,8256.14711216518,67.44934197718489
9.72917584693038,8221.078673070791,65.5533522003493
9.730455037068747,8210.491031568878,63.18006609156176
9.731734227207117,8190.4451281489155,61.711100387750285
9.733013417345484,8190.614232900191,61.854368542530786
9.734292607483852,8198.61255879305,66.3826010034831
9.735571797622221,8222.186857262437,74.30507015736062
9.736850987760588,8260.084916095344,82.89881354185601
9.738130177898956,8321.693967235331,80.03023365510444
9.739409368037325,8343.196015027104,71.76037252839153
9.740688558175693,8408.321134606187,69.0747154963025
9.74196774831406,8405.462048588966,62.23021615366321
9.743246938452428,8431.210977359693,60.11868604095557
9.744526128590797,8462.399827606823,59.79309278001102
9.745805318729165,8462.639578683036,62.31301166225738
9.747084508867532,8508.141402264031,67.36661395653238
9.748363699005901,8503.944644850128,73.52768249159469
9.749642889144269,8539.68666792889,77.35000641157414
9.750922079282637,8473.796396683674,71.66716618865107
9.752201269421006,8482.166194993622,71.3452157231623
9.753480459559373,8444.959118901466,63.11474037438421
9.754759649697741,8399.45211854273,58.3935636856132
9.756038839836108,8351.839619539222,58.62957945521793
9.757318029974478,8294.096779336734,59.93667256672706
9.758597220112845,8281.956019810268,64.00837969672357
9.759876410251213,8216.156613719706,68.33801483524515
9.761155600389582,8251.677903778698,72.46398040240229
9.76243479052795,8241.79738819356,73.05318368146709
9.763713980666317,8277.166922433036,69.67083057434218
9.764993170804686,8317.805514588648,65.91974213435147
9.766272360943054,8354.741908482143,64.57212490306425
9.767551551081421,8379.563660913584,61.97102976847938
9.768830741219789,8403.671087771047,62.88765796922447
9.770109931358158,8469.4406638632,69.85673106879446
9.771389121496526,8515.35621611926,66.70125730684747
9.772668311634893,8524.226014429209,71.20584709079428
9.773947501773263,8519.465536312182,72.27335618661404
9.77522669191163,8567.285106425383,73.40711353495594
9.776505882049998,8575.201186822385,67.94070512815686
9.777785072188365,8575.36314174107,68.08876356702054
9.779064262326735,8573.868169044961,65.37937049402258
9.780343452465102,8571.382060148278,65.00466902967591
9.78162264260347,8540.448929767219,63.935833928238694
9.782901832741839,8478.070855588328,66.03141193792223
9.784181022880206,8489.398048867984,69.77599385067006
9.785460213018574,8324.617556202169,67.63833854572633
9.786739403156943,8316.709153778698,68.13882183329797
9.78801859329531,8278.849479830995,67.59900747822228
9.789297783433678,8256.66724629305,68.58749523371728
9.790576973572046,8255.146683673469,65.5267895291668
9.791856163710415,8293.229766222896,63.56569410774108
9.793135353848783,8313.499571508291,62.33453595715651
9.79441454398715,8369.27989975287,64.58475099137686
9.79569373412552,8412.254957549427,68.524409804206
9.796972924263887,8409.057074099172,67.0635840487993
9.798252114402255,8486.784119897959,70.03625371622924
9.799531304540624,8481.602250079719,66.68469449883227
9.800810494678991,8550.702995455995,68.21162153016556
9.802089684817359,8551.206448301977,65.94512835380439
9.803368874955726,8599.045973174427,69.64212755011178
9.804648065094096,8632.445726044323,66.12980787684141
9.805927255232463,8648.4033203125,63.697082446871626
9.80720644537083,8662.149972098214,66.05060090864828
9.8084856355092,8629.766362404336,69.33996774035849
9.809764825647568,8618.57310267857,70.19387903742347
9.811044015785935,8579.896608936544,66.0096146519167
9.812323205924304,8539.889558753188,64.79944337450327
9.813602396062672,8471.307622169961,62.93900931585416
9.81488158620104,8413.254115513393,63.20214071224231
9.816160776339407,8310.889404296875,61.61683413471887
9.817439966477776,8315.49948182398,65.05977193947973
9.818719156616144,8298.90222915338,63.12400311695956
9.819998346754511,8257.741400271047,60.88139341135492
9.82127753689288,8317.509456712372,69.0357576476555
9.822556727031248,8328.489088408802,67.92153160938553
9.823835917169616,8415.26754823023,65.5586916374737
9.825115107307985,8439.706348652742,62.937988362322365
9.826394297446353,8503.349803691008,65.02718605004395
9.82767348758472,8542.272565569196,64.52448972002736
9.828952677723088,8594.473682637117,66.63414741194012
9.830231867861457,8600.506766183036,68.67550756611007
9.831511057999824,8641.730717873086,71.41587785733586
9.832790248138192,8657.97728495695,70.98554822494141
9.834069438276561,8691.100371691646,71.4829648426898
9.835348628414929,8762.242112763073,72.32827787941827
9.836627818553296,8726.53029834981,67.57429430248358
9.837907008691664,8753.069281130422,65.66576989202217
9.839186198830033,8704.309879225128,61.495680902239116
9.8404653889684,8668.238804408482,60.862979208257364
9.841744579106768,8613.324776785714,62.62283026707398
9.843023769245137,8523.192696707589,64.46195809017561
9.844302959383505,8454.062669403698,68.66210136079818
9.845582149521872,8380.02415995695,70.93414758307954
9.846861339660242,8371.996268136161,72.3791427527486
9.84814052979861,8325.500916772959,67.39938875224937
9.849419719936977,8366.012326610331,67.90862362106141
9.850403858906908,9973.751993815104,94.79123411111314
9.850698910075344,8364.578981983419,61.358589013384396
9.851683049045276,9988.737159365699,98.22526879713794
9.851978100213714,8390.736736686862,57.26007975644513
9.852962239183645,9989.322038922992,96.21127674397391
9.853257290352081,8441.250064772003,54.95520861032903
9.854241429322013,10001.371518089658,91.44344011586047
9.854536480490449,8486.898342833227,56.128136611127786
9.85552061946038,10032.996837797618,94.74280780597907
9.855815670628818,8520.665058992347,59.789348610321355
9.85679980959875,10079.243838355655,96.3094705750565
9.857094860767186,8560.075593909438,60.92881509336758
9.858078999737117,10111.827491396949,98.2710562133007
9.858374050905553,8638.986238440688,63.890361587891874
9.859358189875485,10115.73086983817,94.85792354837805
9.859653241043922,8659.329873844068,69.69408411812155
9.860637380013852,10201.481910342261,97.04587696364946
9.86093243118229,8714.460688376914,74.44585740011895
9.861916570152221,10272.673618861607,104.7735400185969
9.862211621320657,8721.498286033164,75.95950649153916
9.863195760290589,10226.853451683408,94.72606066060146
9.863490811459025,8745.008579799107,71.03547322018346
9.864474950428956,10294.414887927827,98.328916824911
9.864770001597394,8788.347870495854,65.80150300925827
9.865754140567326,10267.420863560268,109.15451275863893
9.866049191735762,8821.901900310906,63.34941454596992
9.867033330705693,10195.237374441964,94.33971853845198
9.86732838187413,8814.282346141581,61.987626329251114
9.86831252084406,10181.848481677827,92.10658750333997
9.868607572012499,8799.325927734375,60.860421375455346
9.86959171098243,10109.070672898066,104.56550127651403
9.869886762150866,8788.11216517857,62.05406005839978
9.870870901120798,10098.603358677456,95.01300050247443
9.871165952289234,8709.496806242028,62.54956130828497
9.872150091259165,10115.375180199033,92.48749555353818
9.872445142427603,8641.946323939732,71.0696467078601
9.873429281397533,10103.02972702753,109.42384455790975
9.87372433256597,8545.776372169961,66.13137705775918
9.874708471535902,10113.166806175595,92.45462277172442
9.875003522704338,8502.377456353635,69.30674661099597
9.87598766167427,10104.389683314732,90.28899273648457
9.876282712842706,8436.65047532685,71.36776864734753
9.877266851812637,10067.923764183408,118.11716297271013
9.877561902981075,8393.954231106505,67.05236484086238
9.878546041951006,10121.63711983817,92.60464527458171
9.878841093119442,8394.778200733419,63.61733489111425
9.879825232089374,10141.890857514882,84.99299877107067
9.88012028325781,8391.665766501914,58.25105924166797
9.881104422227741,10140.565534319196,100.63893350813177
9.88139947339618,8406.398248166453,57.91349387785321
9.882383612366109,10112.301414853051,89.49883294565336
9.882678663534547,8443.311443718112,55.778461707434616
9.883662802504478,10110.929280598959,82.89372161770973
9.883957853672914,8494.027134486607,57.17811213270212
9.884941992642846,10109.472789946056,100.02201317135695
9.885237043811284,8520.440275231187,59.73876679833371
9.886221182781213,10125.21107700893,88.09170203054023
9.886516233949651,8610.904117506378,61.40102809727716
9.887500372919583,10163.050851004464,82.8503067706489
9.887795424088019,8652.929368622448,63.30939209069097
9.88877956305795,10178.351614815849,108.73321589345944
9.889074614226386,8645.81362105389,65.6765875495795
9.890058753196318,10219.11081077939,103.92196669408216
9.890353804364755,8693.821408641581,73.08484493580045
9.891337943334687,10241.85897391183,89.6384876992469
9.891632994503123,8763.206034757653,76.36219131805296
9.892617133473054,10290.089157831102,107.68771978773519
9.89291218464149,8780.763432716836,70.98977225131033
9.893896323611422,10340.138363792783,97.88640782075394
9.89419137477986,8838.718416175063,67.25978958796881
9.89517551374979,10330.697992234003,87.54394705990806
9.895470564918227,8883.886728714924,66.21039636894231
9.896454703888159,10294.85406203497,106.0450710108688
9.896749755056595,8922.989910514987,64.79564059565429
9.897733894026526,10281.142624627977,99.92815024510683
9.898028945194962,8932.828055245536,65.65161225731991
9.899013084164894,10236.917672293526,89.96404790876794
9.899308135333332,8870.817607023278,61.59941908668648
9.900292274303263,10185.309035528273,106.70342392546229
9.9005873254717,8826.000478316326,62.263920301044045
9.90157146444163,10176.469203404018,97.16600799331411
9.901866515610067,8767.100032884247,62.13660187281355
9.902850654579998,10172.261445545015,90.34343622976543
9.903145705748436,8679.025654695472,59.38319609762586
9.904129844718367,10166.580444335938,99.11744068289566
9.904424895886804,8611.400300940688,61.556527157608684
9.905409034856735,10176.563720703125,98.7977142041863
9.905704086025171,8537.885926538584,60.06476345059624
9.906688224995102,10191.121099562872,96.74149919678031
9.90698327616354,8516.659159757653,63.996185580271614
9.90796741513347,10176.652599516368,98.0455937631737
9.908262466301908,8475.418103276466,63.63478341405537
9.90924660527184,10121.285080682665,92.8317478097435
9.909541656440275,8498.139384367028,64.54093015600492
9.910525795410207,10154.676502046132,98.47959371464486
9.910820846578643,8488.061882174745,62.55345751175088
9.911804985548574,10185.302734375,86.04266470578051
9.912100036717012,8530.9873046875,64.89062335875124
9.913084175686944,10179.518002464658,83.76614921091124
9.91337922685538,8541.298474370216,60.62159865998736
9.914363365825311,10171.135120210194,91.04601720405951
9.914658416993747,8574.8109504544,62.79536868609304
9.915642555963679,10166.626243954614,89.3641545036542
9.915937607132117,8593.849131058674,60.94244019410311
9.916921746102048,10179.01524716332,83.32703961841975
9.917216797270484,8643.236004264987,61.49514975021474
9.918200936240416,10246.544642857143,94.17784436376765
9.918495987408852,8673.377635722258,58.49304030087517
9.919480126378783,10278.514944893974,90.2537972303822
9.919775177547221,8713.17701690051,62.25057904646461
9.92075931651715,10324.119448707217,87.06416008879884
9.921054367685588,8740.981634646047,66.26057410970402
9.92203850665552,10363.446829659599,99.5766682424419
9.922333557823956,8774.389269770409,63.71059200598852
9.923317696793887,10348.007033575148,93.4574203226532
9.923612747962324,8861.780886280294,67.44462724841618
9.924596886932255,10330.044503348214,86.37868257904952
9.924891938100693,8875.664755062182,67.37585073975875
9.925876077070624,10312.607892717633,102.22507935682167
9.92617112823906,8933.356176259565,70.8464825412653
9.927155267208992,10287.900483630952,99.03098805579862
9.927450318377428,8928.308703364159,67.99516271311344
9.92843445734736,10275.695824032739,87.94654860099061
9.928729508515797,8966.331533003826,71.56638380156629
9.929713647485729,10261.378051757812,101.99828654726812
9.930008698654165,8910.489078443878,69.9340867295358
9.930992837624096,10216.480253673735,96.75295156192873
9.931287888792532,8925.6516013632,65.67990562237907
9.932272027762464,10233.868797665551,86.46943561934503
9.932567078930902,8818.405054209185,63.1248642238783
9.933551217900831,10247.915480840773,104.55328530964964
9.933846269069269,8725.523836096938,62.09357025653388
9.9348304080392,10249.37486049107,99.13101656763403
9.935125459207637,8657.111761599172,57.241203405197886
9.936109598177568,10269.337605794271,82.70616637530749
9.936404649346004,8611.607212611607,55.770907829581546
9.937388788315936,10259.252447219122,99.24710545115114
9.937683839484373,8582.734439772003,58.23776931644854
9.938667978454305,10263.54328845796,96.91168159377753
9.938963029622741,8568.122847576531,58.636922580407976
9.939947168592672,10262.482962472099,79.13435868266782
9.940242219761108,8565.876938177615,62.591534423089456
9.94122635873104,10242.458490280878,94.357870324495
9.941521409899478,8551.033910634565,62.763324132841376
9.942505548869407,10257.885445731026,101.2954698531597
9.942800600037845,8621.990632971938,66.11629822306061
9.943784739007777,10218.141589936757,78.82352348834613
9.944079790176213,8558.216099330357,60.978038560351315
9.945063929146144,10191.962576729911,89.88949792778995
9.945358980314582,8675.423559072065,66.33645957037378
9.946343119284512,10246.909028552827,97.11302894047128
9.94663817045295,8669.251185825893,62.95281670870024
9.947622309422881,10293.329363141742,80.60550996274397
9.947917360591317,8707.922462930484,62.75811445505128
9.948901499561249,10295.074067615327,87.64508404647509
9.949196550729685,8708.089579679528,59.26372126223146
9.950180689699616,10356.18991234189,96.60181071808815
9.950475740868054,8719.026372169961,59.355035194338605
9.951459879837985,10399.414853050595,82.06635609306039
9.951754931006422,8752.965122767857,58.397617624662196
9.952739069976353,10409.768880208334,87.66860734974038
9.953034121144789,8794.987967354911,58.405003635389704
9.95401826011472,10412.897472563243,103.38412951114692
9.954313311283158,8862.04750777264,60.766033778795595
9.955297450253088,10392.508265904018,86.79133707626933
9.955592501421526,8892.108896683674,63.38025551834606
9.956576640391457,10353.129475911459,85.13461894015573
9.956871691559893,8952.832534478635,66.52265265219779
9.957855830529825,10350.986095610118,95.7761202939646
9.958150881698261,8969.937704280932,69.02767921221275
9.959135020668192,10304.49132138207,85.6704488662134
9.95943007183663,8971.790347975128,74.05481838871368
9.960414210806562,10295.564633324033,85.05895982844976
9.960709261974998,8915.822863520409,70.54008880200513
9.96169340094493,10307.51611328125,99.96638227010376
9.961988452113365,8887.084203603315,69.7792639732563
9.962972591083297,10339.364356631324,97.04537552849321
9.963267642251735,8806.154635682398,62.31199202468777
9.964251781221666,10344.27111235119,94.7196709974219
9.964546832390102,8773.836181640625,61.889972023183674
9.965530971360034,10332.069754464286,99.86326324844633
9.96582602252847,8663.316760004784,59.65574241098757
9.966810161498401,10304.640886579242,89.35697382898468
9.967105212666839,8655.580765704719,58.68416698748677
9.968089351636769,10331.49939546131,87.38090230531206
9.968384402805206,8633.436737683354,57.462260502792844
9.969368541775138,10363.574457077753,91.92833762556589
9.970647731913505,10337.131661551339,88.90358283898095
9.971926922051873,10286.21432640439,86.58283935031703
9.973206112190242,10301.899367559523,87.88599261334555
9.97448530232861,10299.953746977306,87.15425774344608
9.975764492466977,10361.731840587798,90.20426228172784
9.977043682605347,10375.319568452382,92.4412082913477
9.978322872743714,10387.773030598959,92.99287778171013
9.979602062882082,10442.465971447173,96.87718864963851
9.98088125302045,10513.074364071801,94.41595215953441
9.982160443158818,10532.757027762276,92.46392801606477
9.983439633297186,10565.000040690104,97.47746845065761
9.984718823435554,10533.768996465773,95.71569785309738
9.985998013573923,10473.329136439732,91.3833288381301
9.98727720371229,10458.37752859933,98.059468952362
9.988556393850658,10440.38875906808,96.20876359586997
9.989835583989027,10442.791678292411,85.13728430522744
9.991114774127395,10410.190412248883,91.95618856056826
9.992393964265762,10394.772594633556,98.73230247860369
9.99367315440413,10431.44476609003,84.3656027811446
9.994952344542499,10465.31798735119,95.38100177886385
9.996231534680867,10444.864844912574,95.37682648850719
9.997510724819234,10450.26525297619,79.66361964450802
9.998789914957603,10459.505987258184,87.82528712959483
10.000069105095971,10477.894106910342,97.5285324408702
10.001348295234338,10449.061319986979,80.57602992821764
10.002627485372706,10453.35052780878,87.31987377258942
10.003906675511075,10441.785580589658,95.97062302036484
10.005185865649443,10442.396100725446,80.42854789078338
10.00646505578781,10464.358154296875,82.1579456907566
10.00774424592618,10470.436761765253,98.13026160383316
10.009023436064547,10532.812215169271,86.86581205239995
10.010302626202915,10561.895949590773,82.77864384598651
10.011581816341284,10549.69639950707,101.15213629668109
10.012861006479651,10572.501028878349,90.69978528295735
10.014140196618019,10574.821562267485,81.79667005982907
10.015419386756387,10531.629289899554,102.26671934013847
10.016698576894756,10445.110479445684,94.54768634947595
10.017977767033123,10456.629377092633,84.3335512056859
10.019256957171491,10436.231369745165,102.24930883110216
10.02053614730986,10443.018426804316,101.78843725203869
10.021815337448228,10425.860026041666,87.51126984180472
10.023094527586595,10495.611508324033,101.40370258057565
10.024373717724965,10486.359252929688,99.66364419424893
10.025652907863332,10514.354753766742,88.98963343404054
10.0269320980017,10521.925397600446,98.32962340427702
10.028211288140067,10519.967476981026,93.38413647836168
10.029490478278436,10534.149257114956,84.6124637078448
10.030769668416804,10556.820585704985,93.63586920601615
10.032048858555171,10495.675258091518,93.88130701087087
10.03332804869354,10490.743675595239,86.90132941543861
10.034607238831908,10531.676188151041,94.1041214389863
10.035886428970276,10511.772751581102,93.16246301651894
10.037165619108645,10542.22805640811,102.79026234716203
10.038444809247013,10576.469935825893,98.76255182473378
10.03972399938538,10600.945876348585,87.08544766410282
10.041003189523748,10643.390014648438,89.73633616500659
10.042282379662117,10646.286469959077,100.11954055043425
10.043561569800485,10583.512369791666,87.99678203440736
10.044840759938852,10609.185750325521,89.3721797469691
10.046119950077221,10681.174845377604,102.03778225409792
10.047399140215589,10560.93887765067,87.05610459685843
10.048678330353956,10542.368437267485,84.54235049979256
10.049957520492326,10539.35923549107,104.31374058147934
10.051236710630693,10495.245035807291,89.09184187082339
10.05251590076906,10525.025326683408,83.18030551702148
10.053795090907428,10552.46935453869,105.04156532069516
10.055074281045798,10511.278907412574,92.94407311256535
10.056353471184165,10545.541323707217,80.21696091769255
10.057632661322533,10588.629545665923,101.90886190934444
10.058911851460902,10598.56048874628,105.67389107500634
10.06019104159927,10600.152332124257,80.69546211843526
10.061470231737637,10584.800287155878,95.92670543530019
10.062749421876005,10595.837942940849,94.99481840385029
10.064028612014374,10600.422508603051,77.05239329605666
10.065307802152741,10591.126156761533,93.86522315978766
10.066586992291109,10610.441301618304,96.06620249752554
10.067866182429478,10660.941656203497,83.16060252628216
10.069145372567846,10685.308436802456,97.06719090799467
10.070424562706213,10714.349423363095,104.96498581470433
10.071703752844583,10733.999075753349,91.49868506453595
10.07298294298295,10710.460030691964,95.11078505214903
10.074262133121318,10676.634283156622,110.61294051187564
10.075541323259685,10697.98615955171,92.58770619570056
10.076820513398054,10628.56982421875,93.19846893488655
10.078099703536422,10611.70611281622,100.9874885087714
10.07937889367479,10599.725969587054,94.52503331947577
10.080658083813159,10565.425885881696,91.79700016580637
10.081937273951526,10528.482183547247,101.9903440540796
10.083216464089894,10518.782790411085,95.66542106522927
10.084495654228263,10560.123354957217,92.24286777861747
10.08577484436663,10619.857352120536,96.85408077988068
10.087054034504998,10637.165033249628,97.5132542364449
10.088333224643366,10619.800054640997,94.85852514073541
10.089612414781735,10650.310854957217,92.96799468946787
10.090891604920103,10680.97277250744,91.57967968743617
10.09217079505847,10667.891287667411,92.71735126541375
10.09344998519684,10661.649071103051,91.1601064282617
10.094729175335207,10707.100917271206,90.70042267850246
10.096008365473574,10711.178466796875,93.20768410064625
10.097287555611944,10718.671462286085,95.021202280696
10.098566745750311,10731.754894438243,89.92149974336466
10.099845935888679,10749.496616908482,94.21068494946186
10.101125126027046,10786.298328218007,98.69617145063233
10.102404316165416,10807.589971633184,92.44107477543452
10.103683506303783,10793.790841238839,90.66415199567416
10.10496269644215,10791.942458379835,98.57218558453661
10.10624188658052,10712.516735258556,87.17707931966548
10.107521076718887,10694.964803059896,84.19404566809804
10.108800266857255,10680.066941034227,97.38788245833189
10.110079456995624,10641.690842401415,93.84043290085509
10.111358647133992,10634.720482235864,83.42174540481922
10.11263783727236,10632.596662248883,94.59734487232049
10.113917027410727,10624.458978562128,99.30882462642192
10.115196217549096,10646.379830496651,86.3599140759297
10.116475407687464,10643.695149739584,94.31846340203441
10.117754597825831,10679.917654854911,99.14338963678145
10.1190337879642,10703.924979073661,94.10698916161975
10.120312978102568,10686.65834263393,100.76190578469333
10.121592168240936,10700.368228004092,99.75001026189646
10.122871358379303,10711.056658063617,91.02368476959002
10.124150548517672,10719.786336263021,85.31401842637564
10.12542973865604,10749.921834309896,98.27429733838012
10.126708928794407,10772.279790969122,99.64064739835786
10.127988118932777,10776.495936802456,85.46784862668542
10.129267309071144,10816.78751046317,100.23818399893268
10.130546499209512,10794.474737258184,106.37577026388644
10.131825689347881,10809.707827613467,87.93063171945194
10.133104879486249,10830.83700125558,96.69927177677563
10.134384069624616,10866.65133812314,105.01326254790925
10.135663259762984,10815.634509858632,86.39407334324557
10.136942449901353,10797.79847935268,91.81185040284068
10.13822164003972,10775.377865745908,101.63832903476674
10.139500830178088,10723.057890392485,88.2455384211039
10.140780020316457,10674.635521298364,87.28694914602801
10.142059210454825,10658.367542085194,96.76320492521452
10.143338400593192,10687.70298549107,91.08998587860665
10.144617590731562,10716.000005812872,91.8006453215872
10.14589678086993,10691.196004231771,97.12349741275045
10.147175971008297,10714.72963169643,92.6406166421347
10.148455161146664,10763.099894205729,92.76916071203179
10.149734351285034,10786.131928943452,95.72476065523387
10.151013541423401,10795.168520972842,89.22131743366502
10.152292731561769,10783.595238095239,90.88031439610684
10.153571921700138,10804.677670433408,96.21131311562037
10.154851111838505,10774.534743536085,90.5053936777478
10.156130301976873,10801.989903041294,92.80751415442813
10.157409492115242,10819.437651134673,99.4159661958716
10.15868868225361,10812.878284272694,86.17032652221991
10.159967872391977,10839.684018089658,89.85832441280837
10.161247062530345,10874.937029157367,100.2245074090572
10.162526252668714,10881.916567847842,88.37110919197964
10.163805442807082,10892.27294921875,85.0041195310473
10.16508463294545,10867.056541806176,103.36780239321031
10.166363823083818,10861.761945452008,89.49537771215395
10.167643013222186,10857.073474702382,81.167398774265
10.168922203360554,10815.424304780507,104.78433082803888
10.170201393498923,10789.231422061011,95.45037466876607
10.17148058363729,10768.992315383184,75.84261097803292
10.172759773775658,10752.048055013021,92.5536804285909
10.174038963914025,10737.142799014136,97.65113920494949
10.175318154052395,10758.957717168898,77.1550318385017
10.176597344190762,10786.257591610864,89.16545435163161
10.17787653432913,10778.97105189732,105.94441878530961
10.179155724467499,10826.678019205729,84.58323890114941
10.180434914605867,10850.65202404204,86.10971607622906
10.181714104744234,10835.984537760416,102.59168327151122
10.182993294882602,10837.047805059523,91.00244213244335
10.184272485020971,10852.970929827008,84.9065818069093
10.185551675159338,10863.25134858631,106.15340358443581
10.186830865297706,10910.705601283482,99.6401267232237
10.188110055436075,10916.229765392485,90.02150952210313
10.189389245574443,10894.271199544271,110.31737086134939
10.19066843571281,10888.14708891369,102.91013214324114
10.19194762585118,10924.393897646949,89.67599874497262
10.193226815989547,10929.552839006696,98.93854510367478
10.194506006127915,10931.777959914434,103.33021805728755
10.195785196266282,10939.269194103423,90.64011787465775
10.197064386404652,10885.96487281436,93.52963566018768
10.198343576543019,10878.020746140253,95.2573811427393
10.199622766681387,10891.901105608258,89.3327420774018
10.200901956819756,10846.586140950521,91.10151180362342
10.202181146958123,10836.936686197916,93.13322601002429
10.203460337096491,10837.203119187128,87.48180933158717
10.20473952723486,10821.674955822173,89.30089473178242
10.206018717373228,10933.17724609375,93.39248020966792
10.207297907511595,10942.889334542411,89.18298627212518
10.208577097649963,10908.666527157739,93.2260828688675
10.209856287788332,10910.315040225074,94.01429765574478
10.2111354779267,10902.952968052456,89.17177954385473
10.212414668065067,10949.097691127232,91.38477707438292
10.213693858203436,10938.688244047618,94.69404710454363
10.214973048341804,10922.938883463541,85.64389149855003
10.216252238480171,10919.542125883556,88.62379434106104
10.21753142861854,10955.645234607515,98.36026262565925
10.218810618756908,11000.778041294643,91.64075363283938
10.220089808895276,10966.739176432291,86.51212971873736
10.221368999033643,10949.271280924479,99.58587244640643
10.222648189172013,11010.441022600446,94.82996137662741
10.22392737931038,11002.463082449776,85.90441327749822
10.225206569448748,10990.106480189732,96.59864857574783
10.226485759587117,10926.109810965401,100.05865939298401
10.227764949725485,10918.425455729166,85.12372023245898
10.229044139863852,10932.571341378349,88.93732716242111
10.230323330002221,10946.667712983632,98.0346485553029
10.231602520140589,10950.736828031993,87.12474519015353
10.232881710278956,10938.842796688989,82.71852465700141
10.234160900417324,10916.910847981771,98.10558028477168
10.235440090555693,10894.495012555804,98.37245017686449
10.23671928069406,10938.054239908854,84.95565648099176
10.237998470832428,10956.882562546503,91.59484171381519
10.239277660970798,10958.136951264882,100.41866989521516
10.240556851109165,10996.437023344493,91.6427330650857
10.241836041247533,11037.548299153646,91.20911870492206
10.2431152313859,11029.888171968007,102.05716743479954
10.24439442152427,10992.79578218006,95.75659754017197
10.245673611662637,11013.914887927827,88.21377642888447
10.246952801801005,11004.039963495165,97.79251316514792
10.248231991939374,10985.566673642114,99.87092364627445
10.249511182077741,11008.538789295015,92.00855311817243
10.250790372216109,11004.958902994791,98.85227614300513
10.252069562354478,11068.439871651786,107.23559566527729
10.253348752492846,11064.448939732143,96.24407237375893
10.254627942631213,11044.819324311757,98.37781197495298
10.25590713276958,11067.719034830729,108.56547330136861
10.25718632290795,11028.788748604911,101.86293986356533
10.258465513046318,10992.15420968192,97.74388522951598
10.259744703184685,10936.13536435082,103.77624347168077
10.261023893323054,10998.411632719493,100.47810317160945
10.262303083461422,11036.487560453868,93.94605498933765
10.26358227359979,10984.433465866816,99.41963507438876
10.264861463738159,10958.401285807291,96.66282212539227
10.266140653876526,10980.569458007812,96.5226552542713
10.267419844014894,10983.762270972842,98.39429778736795
10.268699034153261,11000.104236421132,95.93039593709715
10.26997822429163,11037.577514648438,91.42836782676486
10.271257414429998,11066.944830031622,97.36264387571823
10.272536604568366,11047.134230840773,92.12393547058572
10.273815794706735,11063.405854724702,86.02191012994122
10.275094984845103,11098.904860723585,98.02513560023037
10.27637417498347,11088.377894810268,93.43677937099339
10.27765336512184,11088.894664946056,84.07261405255207
10.278932555260207,11066.562273297992,94.2596711747243
10.280211745398574,11040.504702613467,100.24945752245335
10.281490935536942,11079.103823707217,90.35883671506123
10.282770125675311,11097.565673828125,89.51979764063566
10.284049315813679,11113.260974702382,105.60647130713082
10.285328505952046,11091.58898344494,99.11884481503557
10.286607696090416,11082.613757905507,88.30095855696061
10.287886886228783,11083.445754278273,108.05498058833236
10.28916607636715,11119.68586658296,111.89891155579218
10.29044526650552,11117.833426339286,85.32427082834528
10.291724456643887,11109.457740420386,96.52028372033634
10.293003646782255,11187.50686500186,114.09139518964486
10.294282836920623,11114.933093843007,96.12280645084631
10.295562027058992,11076.842535109747,99.11750621700176
10.29684121719736,11011.271187918526,92.91439283611706
10.298120407335727,10976.07554408482,80.89632067904196
10.299399597474096,11019.048264276415,72.86591970794697
10.300678787612464,11075.889799572173,90.30092289459328
10.301957977750831,11056.252854120165,88.42668039134485
10.303237167889199,11122.834420340401,77.65719435736526
10.304516358027568,11165.048816499257,89.6577577765601
10.305795548165936,11119.47903297061,92.1317866245536
10.307074738304303,11179.588617234003,79.23972447418818
10.308353928442672,11216.990984235492,83.58307225438791
10.30963311858104,11136.377644856771,92.47597724324883
10.310912308719407,11185.53084891183,81.76135019121323
10.312191498857777,11178.249314081102,89.59704598022992
10.313470688996144,11107.145036969867,98.55403090224242
10.314749879134512,11144.492513020834,104.22046651190216
10.31602906927288,11158.391374860492,105.69554394371018
10.317308259411249,11121.21614002046,104.87999061958939
10.318587449549616,11129.386724562872,99.39632348401953
10.319866639687984,11103.335315522694,97.33897296552765
10.321145829826353,11072.803263346354,95.22003295221336
10.32242501996472,11069.529308500743,93.69244955352139
10.323704210103088,11085.473789760044,93.63546712226197
10.324983400241457,11103.783650716146,104.6143683880337
10.326262590379825,11070.66589936756,98.69739181646
10.327541780518192,11013.997535342261,86.11660796440015
10.32882097065656,11016.398001534599,89.96331304263111
10.33010016079493,11037.028361002604,91.23621897560794
10.331379350933297,11018.979509626117,79.45866092782589
10.332658541071664,11054.823236374628,78.55507475213233
10.333937731210034,11088.6318359375,89.80110077872938
10.335216921348401,11112.638747442335,83.24687490775489
10.336496111486769,11150.787469773066,76.104722441049
10.337775301625138,11162.194144112724,86.79073178645788
10.339054491763505,11156.654744466146,86.54161990056475
10.340333681901873,11228.177071707589,75.08281235059941
10.34161287204024,11220.371082124257,92.59877512473417
10.34289206217861,11208.440964471727,124.88503062004648
10.344171252316977,11244.531087239584,110.10959407079953
10.345450442455345,11243.783028738839,96.2839632282616
10.346729632593714,11229.430210658482,88.34341942896128
10.348008822732082,11251.825265066964,85.21515125337953
10.34928801287045,11234.630847749257,74.21377061261435
10.350567203008818,11191.621977306548,82.8727086252979
10.351846393147186,11211.370651971727,88.85364296464837
10.353125583285554,11207.506713867188,72.0723373751679
10.354404773423921,11197.01329403832,66.88564077124167
10.35568396356229,11292.31577845982,94.90919325257082
10.356963153700658,11195.969104585194,93.41549997636605
10.358242343839025,11069.795386904761,74.36512891618432
10.359521533977395,11169.355741954985,95.93197277965669
10.360800724115762,11153.75930640811,97.18269260175822
10.36207991425413,11079.684413364956,79.14810770871692
10.363359104392497,11218.263823009673,97.83841172942238
10.364638294530867,11203.260544549852,96.88581190332611
10.365917484669234,11146.254708426339,78.09834553741301
10.367196674807602,11290.081740606398,82.9874830161202
10.368475864945971,11233.622105189732,79.55124767578708
10.369755055084338,11223.56701078869,88.46225874311524
10.371034245222706,11330.012544177827,92.37205008753148
10.372313435361075,11234.17879813058,84.01167224943624
10.373592625499443,11260.232230050224,84.90267549010109
10.37487181563781,11372.586303710938,95.9159639128973
10.376151005776178,11332.37365141369,82.1761309231564
10.377430195914547,11421.087727864584,87.68023811665013
10.378709386052915,11514.674560546875,98.01755365523636
10.379988576191282,11464.747634161085,82.97884524302064
10.381267766329652,11517.221040271577,94.60810461307078
10.382546956468019,11503.870268322173,100.80556259540234
10.383826146606387,11417.330903552827,85.45171638263503
10.385105336744756,11434.734415690104,101.84062971102051
10.386384526883123,11326.726277669271,101.22637716271694
10.387663717021491,11228.862153552827,82.45311510316006
10.388942907159858,11300.236287434896,100.18352556093653
10.390222097298228,11198.91929408482,95.03267219970434
10.391501287436595,11217.18342517671,86.73598932392686
10.392780477574963,11288.680786132812,101.75343348971673
10.394059667713332,11176.770786830357,94.29750988226057
10.3953388578517,11239.381248837426,93.00106361122627
10.396618047990067,11295.945103236607,88.87329315879548
10.397897238128436,11222.846761067709,90.90742067139725
10.399176428266804,11333.783656529018,98.95887025102708
10.400455618405172,11338.350853329614,82.52257252210481
10.401734808543539,11308.734479631696,85.81360575555784
10.403013998681908,11429.949672154018,107.78157076476927
10.404293188820276,11388.953903924852,85.30720964031171
10.405572378958643,11363.136079334077,80.40029217930156
10.406851569097013,11448.36865234375,110.1081087239712
10.40813075923538,11385.210443405878,95.54216458198094
10.409409949373748,11419.752546037946,82.52719663096664
10.410689139512117,11475.75379580543,106.58993961348082
10.411968329650485,11390.186337425595,98.9332102295451
10.413247519788852,11474.461635044643,89.8041216571456
10.41452670992722,11486.63272530692,96.33711478051285
10.415805900065589,11424.812023344493,94.83373492198812
10.417085090203956,11519.019461495536,97.1888327188201
10.418364280342324,11437.301147460938,89.90304106676007
10.419643470480693,11371.265729631696,93.91743821147227
10.42092266061906,11418.524646577382,103.12642316511203
10.422201850757428,11337.768543061757,84.78943536891029
10.423481040895796,11332.943324497768,92.24061807005533
10.424760231034165,11346.900588262648,106.91386747972263
10.426039421172533,11295.93612234933,85.96685109467981
10.4273186113109,11358.661539713541,93.40922518454103
10.42859780144927,11348.922834123883,102.06026157448022
10.429876991587637,11356.146042596727,86.82465893582572
10.431156181726005,11431.662365141368,93.51887452908537
10.432435371864374,11394.638462611607,99.45707688933643
10.433714562002741,11465.165015811011,89.9679432142686
10.434993752141109,11534.585216703868,90.64883559907653
10.436272942279476,11458.013474237352,93.18961388264715
10.437552132417846,11476.938976469493,89.32374078231776
10.438831322556213,11537.581362769717,87.82578857335547
10.44011051269458,11515.927961077008,96.65381746920913
10.44138970283295,11540.67971656436,99.08738203540672
10.442668892971318,11564.576148623511,92.33264328138159
10.443948083109685,11535.716076078868,88.39027259979726
10.445227273248054,11628.561587379092,101.33076966292461
10.446506463386422,11676.029971168155,96.28925174075447
10.44778565352479,11667.83070591518,80.3889835856976
10.449064843663157,11716.43640718006,96.93251948098805
10.450344033801526,11686.056826636905,96.2511417246638
10.451623223939894,11612.738106863839,75.69069225341299
10.452902414078261,11596.250040690104,83.22296115089907
10.45418160421663,11585.543067568824,95.88524396772253
10.455460794354998,11532.810773577008,86.83566990987558
10.456739984493366,11548.89225841704,81.84602960424017
10.458019174631735,11495.487025669643,95.49443273553779
10.459298364770103,11547.18793015253,99.13853841864956
10.46057755490847,11544.151675269717,86.23883254017731
10.461856745046838,11569.167544410342,88.31287056680766
10.463135935185207,11612.040963309151,95.56479282766641
10.464415125323574,11640.738810221354,94.51210470854033
10.465694315461942,11697.120704287574,86.99180849303693
10.466973505600311,11684.11535063244,94.56453960416674
10.468252695738679,11726.630469912574,96.55486152338484
10.469531885877046,11754.989780970982,87.68547802413893
10.470811076015416,11782.22256905692,90.52500528761469
10.472090266153783,11849.26600283668,99.54271810603218
10.47336945629215,11835.056844075521,92.30937996635647
10.474648646430518,11874.181396484375,90.55075736815155
10.475927836568887,11988.07777622768,102.36376105115141
10.477207026707255,12041.016932896206,98.39455209750615
10.478486216845623,12148.532069614956,97.52108303716925
10.479765406983992,12224.567923409599,104.44602058455071
10.48104459712236,12140.023832775298,96.65197169303933
10.482323787260727,12217.652221679688,98.12421390247457
10.483602977399094,12338.561785016742,102.00920685914733
10.484882167537464,12204.967349097842,93.24201136989107
10.486161357675831,12218.51013764881,98.59181686217508
10.487440547814199,12264.223016648066,98.33299823802523
10.488719737952568,12238.246489025298,93.94316617206832
10.489998928090936,12296.079427083334,102.94420777570147
10.491278118229303,12334.513363792783,92.89682480137685
10.492557308367672,12332.307599748883,99.25022559469211
10.49383649850604,12440.891868954614,116.42882394420518
10.495115688644407,12485.050682431176,102.21135494753743
10.496394878782775,12631.575991675967,101.60324985475161
10.497674068921144,12874.007254464286,115.48797148912162
10.498953259059512,12934.196544828868,103.2872672076699
10.50023244919788,13067.568609328497,97.34532562022521
10.501511639336249,13703.612234933036,111.02512404373586
10.502790829474616,14209.947056361607,113.21744387708826
10.504070019612984,15049.49646577381,121.2649309582633
10.505349209751353,15690.129847935268,114.46153114828526
10.50662839988972,16377.085007440477,128.20218830562004
10.507907590028088,17166.572823660714,161.2770633324806
10.509186780166456,17207.364385695684,123.31702827264603
10.510465970304825,16982.996988932293,125.08647025964385
10.511745160443192,16441.508254278273,153.26531827463833
10.51302435058156,15168.665120442709,113.80322656363367
10.51430354071993,14199.931739443824,98.56177652165218
10.515582730858297,13266.700782412574,116.22111996704922
10.516861920996664,12343.102207728794,102.44174632698035
10.518141111135034,12084.770066034227,88.22013441952409
10.519420301273401,11909.665730794271,90.74470091168764
10.520699491411769,11706.427978515625,96.34782318000299
10.521978681550136,11762.991030738467,100.09549255085098
10.523257871688505,11659.986142113095,88.11325787852255
10.524537061826873,11595.17486281622,96.15006217125787
10.52581625196524,11727.286568777901,110.035696614116
10.52709544210361,11631.31480189732,88.40168544451507
10.528374632241977,11671.022524879092,92.3342261598673
10.529653822380345,11789.51901390439,110.10283750274986
10.530933012518712,11646.244890485492,88.77344882743341
10.532212202657082,11731.840872628349,86.09379909643032
10.53349139279545,11779.142810639882,100.68979894605502
10.534770582933817,11693.064348493304,89.3553253885573
10.536049773072186,11781.200950985864,89.10512828377146
10.537328963210554,11777.688784644717,94.44789873660034
10.538608153348921,11756.720517113095,94.27821045912751
10.53988734348729,11794.114304315477,94.79873560338602
10.541166533625658,11778.827787853423,90.21784773287891
10.542445723764025,11743.55729747954,97.67499402312924
10.543724913902393,11772.920107886905,98.26297475703119
10.545004104040762,11742.747192382812,84.37583166053993
10.54628329417913,11744.950875418526,95.60238761542497
10.547562484317497,11796.985223679316,99.05397372905723
10.548841674455867,11673.573253813243,80.43836640039278
10.550120864594234,11692.701619466146,97.67536571341658
10.551400054732602,11702.468569800967,103.85446091886244
10.552679244870971,11637.676013764882,92.24452539261858
10.553958435009339,11684.67730422247,85.39427223448443
10.555237625147706,11694.797921316964,100.15248991655277
10.556516815286074,11662.543782552084,102.20274210155229
10.557796005424443,11725.785871233258,90.18755077080615
10.55907519556281,11749.263747442335,92.31993337424744
10.560354385701178,11734.198108491444,106.64746726863979
10.561633575839547,11762.034679594493,101.6759184046561
10.562912765977915,11787.05081031436,82.37119030552593
10.564191956116282,11774.72868419829,94.18317174859848
10.565471146254652,11738.179693312872,104.1635345908583
10.566750336393019,11746.139503115699,82.9217149053754
10.568029526531387,11722.586629231771,77.57101018123308
10.569308716669754,11745.54190499442,97.94030750127942
10.570587906808123,11781.853666759673,94.58644229419275
10.571867096946491,11762.503638857886,80.00033486714251
10.573146287084858,11795.509399414062,91.23817601819991
10.574425477223228,11768.591320219493,100.27048488628341
10.575704667361595,11817.539388020834,90.42768979827757
10.576983857499963,11897.57829357329,89.12512194244421
10.578263047638332,11810.823713030133,92.56148506517412
10.5795422377767,11839.25764392671,98.5800619762926
10.580821427915067,11850.524460565477,88.75121593007023
10.582100618053435,11773.006940569196,84.95532601951727
10.583379808191804,11808.667061941964,97.64347118577098
10.584658998330172,11737.959984188989,96.77776492997
10.585938188468539,11691.496239071801,84.08923790947176
10.587217378606908,11823.825718470982,102.76396254331756
10.588496568745276,11788.177664620536,96.85505710601251
10.589775758883643,11777.995402018229,90.85820992586912
10.591054949022011,11891.497477213541,104.55769734501031
10.59233413916038,11798.86236281622,94.27157775922731
10.593613329298748,11815.72662062872,94.6323139596885
10.594892519437115,11909.290783110118,96.31781068722452
10.596171709575485,11822.844313848585,91.96044306517182
10.597450899713852,11874.818754650298,94.00066793534062
10.59873008985222,11871.29437546503,89.8272219327914
10.600009279990589,11831.19961983817,88.18405280851113
10.601288470128956,11960.433500744048,99.45683159156265
10.602567660267324,11835.142735072544,87.2037111557715
10.603846850405692,11835.936599004835,83.77047536710182
10.60512604054406,11902.426374162946,100.97327665107487
10.606405230682428,11830.527105422247,88.48564780218166
10.607684420820796,11878.305216471354,86.1330544551345
10.608963610959165,11921.951538085938,93.3270331331241
10.610242801097533,11833.03236607143,90.88774242559774
10.6115219912359,11896.574061802456,97.95559146018181
10.61280118137427,11855.356689453125,88.05820431494499
10.614080371512637,11809.609845842633,88.12561155412587
10.615359561651005,11891.741048177084,107.00214962853032
10.616638751789372,11826.50959705171,95.7955869682416
10.617917941927741,11801.55479794457,90.83506832936219
10.619197132066109,11861.997663225446,114.29842426122035
10.620476322204476,11816.451538085938,108.58229825415434
10.621755512342846,11858.381074451265,103.06020644464111
10.623034702481213,11903.854933965773,102.25583553414342
10.62431389261958,11826.28455171131,103.45312306622202
10.62559308275795,11916.808750697544,110.588004984805
10.626872272896318,11915.341616675967,96.65153897692674
10.628151463034685,11892.008283342633,91.65415853167208
10.629430653173053,11982.864560081845,113.95590084517492
10.630709843311422,11901.859717959449,99.24570358608712
10.63198903344979,11880.937924339658,85.9837195606811
10.633268223588157,11924.66842796689,99.7502986534807
10.634547413726526,11939.701043991816,101.36444289419043
10.635826603864894,11972.435215541294,97.55116702212452
10.637105794003261,11941.491344633556,94.25784670045456
10.63838498414163,11928.961588541666,95.69663892811305
10.639664174279998,11918.717529296875,100.55194576741012
10.640943364418366,11934.09608096168,87.9526866153367
10.642222554556733,11930.914783296132,92.99417990112501
10.643501744695103,11931.491245814732,105.44340062642912
10.64478093483347,11885.882039388021,89.87918649590989
10.646060124971838,11876.636457170758,90.80360184822432
10.647339315110207,11900.356323242188,98.85619943086198
10.648618505248574,11828.153035481771,92.2685446069084
10.649897695386942,11846.46774437314,91.9463314219672
10.65117688552531,11854.76209077381,97.88238190966231
10.652456075663679,11854.312000093007,102.29032808494965
10.653735265802046,11866.558558872768,98.6795270565389
10.655014455940414,11849.26373000372,95.35959899294282
10.656293646078783,11878.240647088915,107.596122630983
10.65757283621715,11898.95033482143,107.4721152383232
10.658852026355518,11919.52447219122,92.2853343535946
10.660131216493888,11960.863351004464,100.67681074903228
10.661410406632255,11967.06657482329,108.32025139499058
10.662689596770623,11988.668904622396,94.04859345565454
10.66396878690899,11994.529610770089,84.94251584374571
10.66524797704736,11964.599126906622,98.59510612549872
10.666527167185727,12018.714454287574,99.58522751838353
10.667806357324094,11974.994524274554,83.25054747245537
10.669085547462464,11969.299211774554,83.05289195903761
10.670364737600831,11964.896850585938,101.49077694905787
10.671643927739199,12023.666143508184,94.97558032991081
10.672923117877568,11993.188342866444,80.39327327972103
10.674202308015936,11962.58829171317,87.51595959552276
10.675481498154303,12005.863641648066,98.0439293705025
10.67676068829267,11966.166718982515,94.8542490231737
10.67803987843104,11933.381057012648,77.99928284806226
10.679319068569407,11933.897798084077,95.09189882757741
10.680598258707775,12013.34461611793,97.51953635944979
10.681877448846144,11893.505063011533,85.82536312642519
10.683156638984512,11910.20751953125,87.38149067934404
10.68443582912288,11954.12100655692,99.39310323180736
10.685715019261249,11922.666684105283,101.16459871404838
10.686994209399616,11926.169793991816,94.84060279668077
10.688273399537984,11923.224940708706,98.30935993752577
10.689552589676351,11957.607921781993,110.62534388271307
10.69083177981472,11986.986537388393,100.48980826238635
10.692110969953088,12011.551002139136,93.98302997619949
10.693390160091456,12057.749285016742,106.96262013179559
10.694669350229825,12007.352765764508,96.57736474415363
10.695948540368192,12055.854218982515,91.91485266130634
10.69722773050656,12106.725684756324,93.88855304396232
10.69850692064493,12086.023914155507,92.46987576950922
10.699786110783297,12069.623901367188,87.59848685980243
10.701065300921664,12084.585059756324,82.3481024906518
10.702344491060032,12098.26280575707,88.0186407234093
10.703623681198401,12096.473993210566,92.13973171611958
10.704902871336769,12074.307134719122,79.14451030269275
10.706182061475136,12055.596348353794,82.68940221466583
10.707461251613505,12060.841587611607,93.15202064617914
10.708740441751873,12004.75059872582,82.90256449032006
10.71001963189024,12053.637538364956,78.0416590523592
10.711298822028608,12032.458565848214,84.25295918702999
10.712578012166977,11952.534057617188,85.94623459422291
10.713857202305345,11992.337105887276,85.5706204522044
10.715136392443712,11945.735648018974,76.42584405823486
10.716415582582082,11958.984880719867,86.7194819211775
10.71769477272045,12025.779227120536,100.48851704194878
10.718973962858817,11979.359654017857,86.10955442931079
10.720253152997186,11985.414614722842,86.24834358775509
10.721532343135554,11971.505289713541,101.46257085247532
10.722811533273921,12004.311941964286,100.60610370876385
10.724090723412289,12078.091727120536,100.56219101101532
10.725369913550658,12057.781575520834,94.48282181367456
10.726649103689025,12104.413783482143,94.53570827790611
10.727928293827393,12164.313802083334,103.3934413189053
10.729207483965762,12107.863199869791,87.0832839764261
10.73048667410413,12112.573835100446,88.21983150248161
10.731765864242497,12145.10339936756,99.24402613340581
10.733045054380867,12181.009940011161,95.74532186449143
10.734324244519234,12261.033383324033,92.3920218117424
10.735603434657602,12199.331647600446,91.59962454413709
10.73688262479597,12043.747593470982,94.6180201356408
10.738161814934339,12236.594139462426,95.8765770310181
10.739441005072706,12205.326485770089,86.4714973419784
10.740720195211074,12128.525954473585,81.19320108514691
10.741999385349443,12061.060076032367,86.15142583005188
10.74327857548781,11995.572672526041,78.50073025047116
10.744557765626178,12088.846011207217,78.56449251464865
10.745836955764547,12123.589587983632,81.28539660366461
10.747116145902915,12017.304437546503,78.93013733145118
10.748395336041282,12069.508777436757,84.6077161414502
10.74967452617965,11995.722045898438,80.75574829337691
10.750953716318019,11955.456856863839,81.99711874163577
10.752232906456387,12031.28895205543,94.38602530806699
10.753512096594754,11955.463588169643,85.3282994162389
10.754791286733123,12035.242478143602,90.74651861132195
10.756070476871491,12057.76350330171,99.40965463987537
10.757349667009859,12092.434901646206,88.09701228326018
10.758628857148228,12122.341459728423,91.94703667564369
10.759908047286595,12088.939650762648,97.08578844270792
10.761187237424963,12142.890328543526,92.25563775421752
10.76246642756333,12189.315359933036,86.88968823379994
10.7637456177017,12167.621808733258,84.39838301177461
10.765024807840067,12175.534545898438,92.12452103699574
10.766303997978435,12257.65345982143,93.14273942261693
10.767583188116804,12211.488525390625,75.71384167336255
10.768862378255172,12207.786748976934,78.93743496747861
10.770141568393539,12252.55772763207,92.30486318216693
10.771420758531907,12194.160638718378,86.2989767948702
10.772699948670276,12198.20447939918,76.18274859584025
10.773979138808643,12209.486083984375,83.46066335109684
10.775258328947011,12207.1875,94.81337995673523
10.77653751908538,12200.067080543155,86.53826203462778
10.777816709223748,12197.354573567709,76.2417362836823
10.779095899362115,12179.517165411085,85.62802893052722
10.780375089500485,12165.220918201265,93.03490013660213
10.781654279638852,12109.953177315849,80.06475710280725
10.78293346977722,12085.385509672618,72.62567325967447
10.784212659915587,12119.779058547247,87.91978787749088
10.785491850053956,12047.42859468006,92.07059842975822
10.786771040192324,12081.400355747768,84.58509180554637
10.788050230330692,12085.739653087798,86.95446833527296
10.78932942046906,12051.447765531993,96.28098790504806
10.790608610607428,12096.694295247396,96.9436630637753
10.791887800745796,12142.044683547247,85.60676765235993
10.793166990884165,12138.123599097842,84.23578775474753
10.794446181022533,12191.051002139136,98.1553087801876
10.7957253711609,12200.790318080357,86.30023751634789
10.797004561299268,12186.618727911085,76.21118797722116
10.798283751437637,12248.568400065104,88.08037770370987
10.799562941576005,12209.092651367188,86.96097676772392
10.800842131714372,12234.525442940849,80.41721648308395
10.802121321852741,12250.357474190849,83.6643543377733
10.803400511991109,12194.189697265625,85.72309084488204
10.804679702129476,12268.302025204614,89.55009050767079
10.805958892267846,12258.353230794271,75.28249258090692
10.807238082406213,12276.392223539806,81.92192941704208
10.80851727254458,12340.154349190849,98.19082852323591
10.809796462682948,12295.459786551339,84.96144494406182
10.811075652821318,12301.903331938243,77.39874795608506
10.812354842959685,12312.860095796132,87.65850277666772
10.813634033098053,12182.186244419643,89.86575743494679
10.814913223236422,12225.86129906064,82.80926355666014
10.81619241337479,12182.645304361979,73.35724855415715
10.817471603513157,12116.797200520834,82.66287140641911
10.818750793651526,12194.14068312872,96.30242352151559
10.820029983789894,12056.97888764881,78.9670827711707
10.821309173928261,12066.877656482515,80.2822448948155
10.822588364066629,12133.746239071801,96.42854466241604
10.823867554204998,12035.724946521577,91.02802777687687
10.825146744343366,12139.511457170758,85.90852635902168
10.826425934481733,12150.509486607143,82.91635033156379
10.827705124620103,12162.607898530507,91.2691770427098
10.82898431475847,12197.497715541294,98.67366394307058
10.830263504896838,12203.266212100074,79.32392001319695
10.831542695035205,12251.127906436011,79.63506563694789
10.832821885173574,12299.487868536085,90.39278761248691
10.834101075311942,12205.66888718378,81.41510800266266
10.83538026545031,12259.972789946056,76.33418600732168
10.836659455588679,12267.06005859375,77.64535886253758
10.837938645727046,12249.481706891742,81.74552273671253
10.839217835865414,12361.412126813617,87.27849471327242
10.840497026003783,12367.763671875,80.18927042612395
10.84177621614215,12375.567667643229,81.21441053012893
10.843055406280518,12400.649850027901,88.97396826367913
10.844334596418886,12409.030709402901,84.03682308796131
10.845613786557255,12389.68666294643,83.95190951957932
10.846892976695623,12326.226225353423,83.14756540721419
10.84817216683399,12288.82970028832,84.77613707881513
10.84945135697236,12262.626110258556,90.62988020799513
10.850730547110727,12189.396664574033,87.60225695051692
10.852009737249094,12167.83780343192,89.63246745017571
10.853288927387464,12146.62318638393,94.29119357644726
10.854568117525831,12116.471912202382,80.7471654675037
10.855847307664199,12126.024565197173,84.71656165801764
10.857126497802566,12151.722946893602,88.62289592732887
10.858405687940936,12182.346609933036,85.45174234911163
10.859684878079303,12160.61609468006,82.5027604776873
10.86096406821767,12163.753726050967,82.29113825147012
10.86224325835604,12222.653889973959,86.98406067139231
10.863522448494408,12268.28369140625,87.96675908201479
10.864801638632775,12238.416637602306,76.96999508933374
10.866080828771144,12273.884666806176,76.6748869713397
10.867360018909512,12276.274338495165,85.30068751224798
10.86863920904788,12287.225835890997,80.32501999366129
10.869918399186247,12300.58116513207,73.98859718275536
10.871197589324616,12339.506644112724,73.62723478059614
10.872476779462984,12315.040684291294,81.89597259878302
10.873755969601351,12329.960036504835,85.47920789394192
10.87503515973972,12418.54719470796,79.33576556859089
10.876314349878088,12418.167951311383,77.41632484843254
10.877593540016456,12417.734241303944,93.67076931497233
10.878872730154825,12510.526152111235,97.92093020531932
10.880151920293192,12465.40952845982,82.94917088597708
10.88143111043156,12445.633637927827,78.47306341119392
10.882710300569927,12462.640904017857,88.88116850723827
10.883989490708297,12485.005696614584,98.16885497246986
10.885268680846664,12388.228556315104,81.70193152296876
10.886547870985032,12338.703514462426,73.10476588301951
10.887827061123401,12364.559035528273,89.53373368523283
10.889106251261769,12364.358787899926,89.74053160091958
10.890385441400136,12262.798316592261,78.25645768334513
10.891664631538504,12252.905965169271,76.11722977641844
10.892943821676873,12271.287376767114,85.60380400605361
10.89422301181524,12222.817952473959,91.04503126287395
10.895502201953608,12295.93761625744,82.35640379576057
10.896781392091977,12284.794956752232,77.51896218477604
10.898060582230345,12307.887817382812,89.91192624278402
10.899339772368712,12325.015345982143,84.5779150233753
10.900618962507082,12336.430890764508,72.44239723398474
10.90189815264545,12363.51648530506,79.24652324224033
10.903177342783817,12342.512125651041,88.38596011332417
10.904456532922184,12331.876383463541,77.78691188586224
10.905735723060554,12364.90269252232,71.97724958294603
10.907014913198921,12362.857462565104,75.86009239241858
10.908294103337289,12397.849301292783,87.29488346901498
10.909573293475658,12381.35693359375,80.78962384492546
10.910852483614025,12448.461780366444,76.28423708335701
10.912131673752393,12500.19108654204,88.68979398684563
10.913410863890762,12472.207124255952,93.04831893913726
10.91469005402913,12558.308587937128,88.8514070378005
10.915969244167497,12557.072341192335,81.27635188667759
10.917248434305865,12516.37827845982,87.30183549925698
10.918527624444234,12569.916974748883,98.44021541443375
10.919806814582602,12515.107055664062,86.49184762435772
10.92108600472097,12478.990652901786,79.10210279487062
10.922365194859339,12456.666079566592,91.73516649604542
10.923644384997706,12413.584141322544,96.6719826322936
10.924923575136074,12385.828508649554,87.86075802936384
10.926202765274443,12368.75396437872,78.30079154165006
10.92748195541281,12399.377685546875,88.04101924443313
10.928761145551178,12404.774565197173,100.88030963128573
10.930040335689545,12373.702857607886,84.57141809586425
10.931319525827915,12399.527291434151,77.15078898232625
10.932598715966282,12427.471557617188,87.37857484340634
10.93387790610465,12437.85075451079,90.86404856527513
10.93515709624302,12431.780436197916,83.1093973930246
10.936436286381387,12460.04647391183,72.0148837301683
10.937715476519754,12498.144380115327,79.01799710459608
10.938994666658123,12435.664829799107,86.19334418750272
10.940273856796491,12386.708507719493,72.22731560454665
10.941553046934859,12451.697998046875,71.69010977725672
10.942832237073226,12456.942400251117,78.42788860525845
10.944111427211595,12395.260515485492,80.72144081265662
10.945390617349963,12444.79865955171,79.58347726833142
10.94666980748833,12452.11387997582,78.9526966935289
10.9479489976267,12475.1962890625,86.03856110703943
10.949228187765067,12458.649745396206,92.04780183889437
10.950507377903435,12490.46716889881,86.26990808854038
10.951786568041802,12561.086658296132,91.21959345257655
10.953065758180172,12502.780395507812,89.4832054966516
10.954344948318539,12501.716134207589,90.02828884684767
10.955624138456907,12545.460443405878,87.23391280610984
10.956903328595276,12466.965023949033,83.3199430121605
10.958182518733643,12485.811197916666,89.93266197078424
10.959461708872011,12480.263055710566,93.91267656066492
10.96074089901038,12433.559337797618,82.94172395869917
10.962020089148748,12456.239839099702,89.67550643760853
10.963299279287115,12437.09515671503,92.64480801652938
10.964578469425483,12484.821393694196,90.41842236097739
10.965857659563852,12525.324561709449,84.06106249938648
10.96713684970222,12517.705235072544,80.6031747948845
10.968416039840587,12567.380394345239,84.40997945388028
10.969695229978957,12568.704171316964,89.84003061106819
10.970974420117324,12542.083914620536,76.33955157003518
10.972253610255692,12611.987269810268,76.71192673758793
10.97353280039406,12617.022850399926,79.12428285387743
10.974811990532428,12555.732503255209,81.48966035490001
10.976091180670796,12541.35193452381,78.11974150032206
10.977370370809163,12514.701584588915,66.02478658855888
10.978649560947533,12493.249011811757,68.70212910084793
10.9799287510859,12493.01720028832,78.19058311513172
10.981207941224268,12589.200236002604,77.79661759134984
10.982487131362637,12607.979742140997,76.8098668957845
10.983766321501005,12619.654982793898,74.72409116005521
10.985045511639372,12618.152442568824,82.01303340003452
10.986324701777741,12613.330421084449,88.20579235091316
10.987603891916109,12584.37511044457,81.52121590561941
10.988883082054477,12593.582356770834,75.89586816331891
10.990162272192844,12606.324003673735,84.59199962809774
10.991441462331213,12624.070824032739,87.04422177966445
10.99272065246958,12575.26556687128,84.81537026220886
10.993999842607948,12560.715773809523,79.74162931779392
10.995279032746318,12562.405581519717,82.30941134516144
10.996558222884685,12599.0087890625,87.82836818429986
10.997837413023053,12582.083001999628,82.8761211501126
10.999116603161422,12616.88978794643,79.46459274621856
11.00039579329979,12708.785696847099,88.95642772147653
11.001674983438157,12682.120268322173,86.6193127857549
11.002954173576525,12763.069103422618,81.2421065554754
11.004233363714894,12834.831019810268,78.39512227087955
11.005512553853261,12809.160034179688,78.70147033852822
11.006791743991629,12802.843139648438,85.0560765486292
11.008070934129998,12851.45573497954,75.56760278034952
11.009350124268366,12842.746239071801,70.1774562379976
11.010629314406733,12831.615984235492,77.54560460880656
11.0119085045451,12793.42124720982,75.98535182612565
11.01318769468347,12815.145810081845,71.456161342956
11.014466884821838,12738.27598935082,66.0010499080504
11.015746074960205,12649.287690662202,69.46637537009514
11.017025265098574,12710.144310360864,79.39533728137592
11.018304455236942,12698.224248976934,71.24188303699479
11.01958364537531,12658.115280877977,66.23607256902835
11.020862835513679,12607.204299200148,73.62798017336965
11.022142025652046,12617.456868489584,81.73286770376325
11.023421215790414,12611.17101469494,83.80810158823186
11.024700405928781,12566.958763485864,70.83561685239582
11.02597959606715,12560.74769810268,73.36816885634506
11.027258786205518,12610.386648995536,90.0394141271962
11.028537976343886,12538.916899181548,84.3074328226919
11.029817166482255,12589.419735863095,74.52018525326359
11.031096356620623,12610.050316220239,74.95170803185849
11.03237554675899,12619.08303687686,86.30119014126048
11.03365473689736,12636.26350330171,90.2201911151222
11.034933927035727,12655.487159365699,75.52239088531955
11.036213117174094,12717.309983026415,73.92293220895196
11.037492307312462,12828.125714983258,88.23931577400046
11.038771497450831,12779.656860351562,84.62570713834543
11.040050687589199,12898.730422247023,76.51656794111264
11.041329877727566,12901.234822591146,72.19844241839972
11.042609067865936,12927.604341052827,77.21188206981577
11.043888258004303,12936.1640625,81.53838658028063
11.04516744814267,12962.425147646949,69.15319621712403
11.04644663828104,12942.90926688058,66.08006434603892
11.047725828419408,12899.90676734561,70.16558840078463
11.049005018557775,12876.369873046875,72.07882002740659
11.050284208696143,12918.97645205543,68.30580563805351
11.051563398834512,12833.313430059523,64.9541599013283
11.05284258897288,12758.38959030878,68.68010816512242
11.054121779111247,12717.37247140067,73.80847346716732
11.055400969249616,12703.272449311757,67.28330610308019
11.056680159387984,12651.225004650298,67.06483842616261
11.057959349526351,12617.71872093564,72.93723454720676
11.05923853966472,12619.706380208334,77.40357432450341
11.060517729803088,12567.891537620908,74.70248663383212
11.061796919941456,12526.224905831474,70.74253951961337
11.063076110079823,12528.183768136161,77.18074751170016
11.064355300218192,12561.651622953868,85.77383353764102
11.06563449035656,12490.361002604166,77.29732006909497
11.066913680494928,12530.366693405878,75.2939042873744
11.068192870633297,12590.51019577753,81.51931395308026
11.069472060771664,12584.964349655878,87.08990020585736
11.070751250910032,12606.84461611793,84.88904570219594
11.0720304410484,12709.08743140811,74.23505253785149
11.073309631186769,12773.834577287946,77.83052117994478
11.074588821325136,12775.59225609189,86.88792913771412
11.075868011463504,12844.671572730655,84.87890957746394
11.077147201601873,12947.95689174107,77.77821187411108
11.07842639174024,12997.22227841332,76.28006370899713
11.079705581878608,13012.787591843378,78.62665162965786
11.080984772016977,13020.278395879835,81.5475344771883
11.082263962155345,13055.678641183036,73.2487165615872
11.083543152293712,13038.350109281993,67.80332597415719
11.08482234243208,13029.817882719493,69.81973879250704
11.08610153257045,13019.493204752604,73.6057172580921
11.087380722708817,12982.050792875743,74.63084526647462
11.088659912847184,12944.161772228423,69.37940336978139
11.089939102985554,12890.219331287202,67.00454869117097
11.091218293123921,12910.168143136161,76.18901238661354
11.092497483262289,12804.534691220239,78.44407482380059
11.093776673400658,12706.903169177827,71.44659502041793
11.095055863539026,12743.445824032739,73.01695678969442
11.096335053677393,12681.511753627232,75.93691671694643
11.09761424381576,12595.34753999256,77.87909814757181
11.09889343395413,12616.75959705171,75.31078878678261
11.100172624092497,12587.643461681548,72.81203884165677
11.101451814230865,12576.220267159599,80.82276486150877
11.102731004369234,12508.420974004835,81.6022426619204
11.104010194507602,12553.258486793155,80.12311183925773
11.10528938464597,12612.198509579614,79.80654109321087
11.106568574784339,12610.82964797247,80.50691262841696
11.107847764922706,12672.001052129835,87.95169494635238
11.109126955061074,12776.608758835566,84.3829537582705
11.110406145199441,12872.835751488095,77.65158493332666
11.11168533533781,12894.978469122023,79.4947874982991
11.112964525476178,12932.798153831845,85.90706434128718
11.114243715614545,13108.027640206474,89.07523581233703
11.115522905752915,13113.900187174479,79.79791560594258
11.116802095891282,13130.934238978794,72.96557740653378
11.11808128602965,13191.844215029761,78.96817498757426
11.11936047616802,13229.109903971354,83.94633134891643
11.120639666306387,13242.75741141183,77.7704887169319
11.121918856444754,13221.17857142857,69.10986795866485
11.123198046583122,13216.450538271949,71.43133073965176
11.124477236721491,13219.236223493304,99.23887960289781
11.125756426859859,13189.797403971354,96.23700020501938
11.127035616998226,13163.115926106771,82.88347936445702
11.128314807136595,13109.893362862724,81.01548830812312
11.129593997274963,13035.436011904761,95.940449142776
11.13087318741333,13057.516148158482,100.35394320466486
11.132152377551698,12983.431402297247,86.02443943318005
11.133431567690067,12891.870250883556,78.30718934863557
11.134710757828435,12812.612484886533,88.95475595324929
11.135989947966802,12801.72412109375,98.36963691645221
11.137269138105172,12815.68083263579,83.63677366377767
11.13854832824354,12753.214535667783,72.78417563722488
11.139827518381907,12690.968389601934,77.53403757187894
11.141106708520276,12672.760823567709,92.63724595278585
11.142385898658643,12749.349574497768,88.38682498070524
11.143665088797011,12776.920712425595,78.20922036167346
11.144944278935379,12824.38413783482,76.83688125467988
11.146223469073748,12932.520286923364,94.31400727907317
11.147502659212115,13038.634783063617,92.13023764896626
11.148781849350483,13053.020740327382,75.86345075833668
11.150061039488852,13172.551060267857,74.80365533765683
11.15134022962722,13255.20521763393,82.18821984038287
11.152619419765587,13346.522745768229,87.48302274955533
11.153898609903957,13387.929385230655,75.9436162126912
11.155177800042324,13471.662754603794,66.31113673618835
11.156456990180692,13594.772623697916,74.98616402237336
11.15773618031906,13591.694074358258,81.86084695633598
11.159015370457428,13589.303013392857,73.24993799176754
11.160294560595796,13665.200857979911,66.71147657871619
11.161573750734163,13663.31158156622,71.33383273724792
11.162852940872533,13628.575073242188,80.04627080759111
11.1641321310109,13639.492489769345,79.74538439991416
11.165411321149268,13623.62933640253,67.60781640365258
11.166690511287637,13593.376615978423,69.87897521311724
11.167969701426005,13571.706066313243,79.82723974274161
11.169248891564372,13552.802664620536,82.80137650049772
11.17052808170274,13510.940720331102,73.4821598267469
11.171807271841109,13431.329334077382,68.12219224885727
11.173086461979477,13380.819324311757,77.48298237111857
11.174365652117844,13403.86316499256,92.32021093515202
11.175644842256213,13381.774216424852,87.8496864332863
11.17692403239458,13381.487502325148,74.55162595701469
11.178203222532948,13425.242501395089,76.60674771314669
11.179482412671318,13485.669735863095,90.93388341614401
11.180761602809685,13475.529750279018,93.23981602200942
11.182040792948053,13563.535470145089,84.70188528185506
11.18331998308642,13680.028715587798,80.75219113066346
11.18459917322479,13815.268566313243,84.52566704730815
11.185878363363157,13912.496849423364,88.99488123955355
11.187157553501525,14038.400948660714,84.49548179065091
11.188436743639894,14183.140625,76.8260585790117
11.189715933778261,14274.350760323661,80.45614217366683
11.190995123916629,14304.785005115327,87.33265722153935
11.192274314054997,14474.06310453869,84.75888749832916
11.193553504193366,14573.224039713541,77.35855866275665
11.194832694331733,14606.191382998511,75.96352591692343
11.1961118844701,14628.96665736607,79.80463144597793
11.19739107460847,14701.410749162946,83.63354896565286
11.198670264746838,14727.912679036459,74.4080406132855
11.199949454885205,14706.906703404018,72.55039198275948
11.201228645023575,14718.067847842261,77.93076245240212
11.202507835161942,14724.292922247023,82.36589763755093
11.20378702530031,14682.146844773066,81.11696042672278
11.205066215438677,14615.082833426339,73.60355188365708
11.206345405577046,14598.640311104911,74.4035036251754
11.207624595715414,14559.456147693452,79.90218726161571
11.208903785853781,14382.948974609375,79.79500740149916
11.21018297599215,14357.472412109375,76.37295141786004
11.211462166130518,14269.909109933036,72.82975159979571
11.212741356268886,14220.731701078868,78.44025453923315
11.214020546407255,14164.959275018602,91.17688161644554
11.215299736545623,14082.477062406993,87.44947287558952
11.21657892668399,14136.345703125,80.14734063073196
11.217858116822358,14103.565534319196,82.77542148441955
11.219137306960727,14024.927141462054,87.80851478095157
11.220416497099094,14167.439720517114,97.59573235181739
11.221695687237462,14207.747302827382,86.25027898353191
11.222974877375831,14246.963971819196,82.49948837073231
11.224254067514199,14286.68201264881,85.51802368407142
11.225533257652566,14425.502836681548,93.20075569265276
11.226812447790936,14508.602306547618,91.35400629674933
11.228091637929303,14529.586460658482,81.73900236503204
11.22937082806767,14608.599597749257,78.76564640790914
11.230650018206038,14689.41753859747,85.61212142376287
11.231929208344408,14672.36468796503,88.42408195637385
11.233208398482775,14717.890578497023,82.30592646545439
11.234487588621143,14762.264462425595,75.83509483866284
11.235766778759512,14816.359584263393,74.59000575907199
11.23704596889788,14831.051536923364,84.04049043270751
11.238325159036247,14758.397158668155,84.2151613118793
11.239604349174616,14861.392752511161,82.53281674335902
11.240883539312984,14826.265857514882,76.3491788387111
11.242162729451351,14789.834705171132,78.11544624541244
11.243441919589719,14777.159621465773,84.80354498811248
11.244721109728088,14709.304245721727,95.04764600058299
11.246000299866456,14676.182082403273,81.13474411884624
11.247279490004823,14597.119163876489,76.90348899043902
11.248558680143192,14536.076927548364,79.91894787881976
11.24983787028156,14541.477876209077,86.5600567329579
11.251117060419928,14308.390369233632,77.80503716761719
11.252396250558295,14311.052443731398,76.23581745369304
11.253675440696664,14320.23472377232,82.95655140945237
11.254954630835032,14207.982166108632,88.96815195407862
11.2562338209734,14211.960646856398,83.06121759680285
11.257513011111769,14184.504243396577,77.36693572105045
11.258792201250136,14246.792608351934,79.80519521934335
11.260071391388504,14278.653238932291,92.62333773414522
11.261350581526873,14289.196626209077,92.89804335254968
11.26262977166524,14400.04388718378,82.6707351099417
11.263908961803608,14439.459240141368,78.71002059420294
11.265188151941976,14456.459344773066,84.82036352769708
11.266467342080345,14551.109154110864,95.01296024579193
11.267746532218712,14557.922700427827,83.85586172567734
11.26902572235708,14607.440790085566,73.87169579266163
11.27030491249545,14641.287307012648,74.9349978057929
11.271584102633817,14627.431687127977,84.56932401933221
11.272863292772184,14694.266531808036,89.51416571761021
11.274142482910554,14684.88413783482,79.2674503890517
11.275421673048921,14675.183803013393,72.04482355827618
11.276700863187289,14707.840029761905,78.42917416004026
11.277980053325656,14725.118722098214,90.4207905469716
11.279259243464026,14773.431105840773,85.06161226876546
11.280538433602393,14762.136358351934,76.25051443469265
11.28181762374076,14711.089064825148,74.71436050105507
11.28309681387913,14786.97621372768,86.46263835262359
11.284376004017497,14614.348481677827,85.95575099756203
11.285655194155865,14581.167561848959,79.78054770769822
11.286934384294234,14563.575067429316,74.74478194117808
11.288213574432602,14468.8798828125,75.04111727997055
11.28949276457097,14354.568882533482,84.62870889098733
11.290771954709337,14181.026529947916,81.91950794000097
11.292051144847706,14218.29429408482,79.39032258660092
11.293330334986074,14136.823044549852,79.18054554089701
11.294609525124441,14060.290794735864,81.12636613373411
11.29588871526281,14069.92836216518,86.6775782020178
11.297167905401178,14091.726062593007,83.16198337171605
11.298447095539546,14070.075648716518,81.16036840140264
11.299726285677915,14113.779052734375,84.04982515882072
11.301005475816282,14075.451648530507,85.65228878757898
11.30228466595465,14173.823370070684,86.28194952112872
11.303563856093017,14185.310849144345,76.83709912518712
11.304843046231387,14202.005661737352,79.04336515365397
11.306122236369754,14281.311511811757,85.58407525972063
11.307401426508122,14319.076939174107,82.08197220714237
11.308680616646491,14268.381673177084,81.07584390451808
11.309959806784859,14290.775867280507,69.67679443547406
11.311238996923226,14329.764183407739,72.97315190502466
11.312518187061594,14362.201950799852,83.3450111155331
11.313797377199963,14288.010428292411,79.73782448583643
11.31507656733833,14381.940720331102,73.77568262030293
11.316355757476698,14415.558849516368,70.73158202770531
11.317634947615067,14382.229747953868,73.71114588651203
11.318914137753435,14383.338634672618,80.0105489169193
11.320193327891802,14417.66369047619,73.74799661757082
11.321472518030172,14413.172328404018,71.51239288079407
11.32275170816854,14382.860909598214,72.81167869380639
11.324030898306907,14284.779889787946,71.73993337477435
11.325310088445272,14299.846028645834,76.01552492929565
11.326589278583642,14196.165701729911,71.80236684079219
11.32786846872201,14106.333984375,71.52696745381714
11.329147658860377,14077.313569568452,72.6069293052887
11.330426848998746,14037.454973493304,71.00100272654412
11.331706039137114,13961.598237537202,78.79357833618607
11.332985229275481,13870.076834542411,77.38068054614473
11.33426441941385,13872.84039015997,82.41787114740644
11.335543609552218,13843.636730375743,80.19877984862167
11.336822799690585,13827.749604724702,80.09300214421332
11.338101989828953,13808.463251023066,83.58835646239046
11.339381179967322,13837.789318266368,82.6392580139105
11.34066037010569,13850.472749255952,82.68719513839176
11.341939560244057,13842.684500558036,81.46899278458464
11.343218750382427,13810.299827938989,80.5479389364499
11.344497940520794,13883.710356212798,82.06462140463353
11.345777130659162,13881.347900390625,82.09836958791433
11.347056320797531,13866.39050874256,79.41971915964236
11.348335510935899,13902.145972842261,78.75537671857028
11.349614701074266,13904.708577473959,81.49589262685556
11.350893891212634,13940.90662202381,81.30895129016753
11.352173081351003,14015.6650390625,79.19619379130935
11.35345227148937,13997.39320591518,76.3805747884037
11.354731461627738,14050.794886997768,86.09873879735582
11.356010651766107,14004.438069661459,77.67945402467821
11.357289841904475,13993.333693731398,79.73588645944585
11.358569032042842,14152.083728608632,77.1308181253555
11.359848222181212,14169.503127325148,73.05358745910837
11.36112741231958,14103.515392485118,75.42638134617889
11.362406602457947,14085.230282738095,80.65328604055041
11.363685792596314,14169.724411737352,79.16920883550021
11.364964982734683,14104.471342540923,72.80289701820647
11.366244172873051,14005.827950613839,68.82620449743816
11.366342530422019,11436.484754774305,110.95777704467083
11.367523363011419,13977.552048456102,78.89426825972845
11.36880251139566,11395.015625,102.18826388550677
11.368802553149788,14057.244675409227,83.74994550503166
11.370081743288155,13951.16713169643,78.01408381816097
11.371262492369302,11416.143215603299,99.22947190802373
11.371360933426523,13857.38490513393,72.5602526342131
11.37264012356489,13865.360200427827,72.79820264531159
11.373722473342943,11456.751736111111,99.43255295857624
11.37391931370326,13886.139381045386,86.6501120025572
11.375198503841627,13800.337658110118,96.5155340256715
11.376182454316584,11450.818210177951,101.88431034321474
11.376477693979995,13772.005278087798,81.93674507581342
11.377756884118364,13849.285493396577,76.24628878155067
11.378642435290226,11517.374945746527,109.46013709196976
11.379036074256732,13815.121547154018,76.55509205112983
11.380315264395099,13758.529506138393,87.92135426268298
11.381102416263868,11517.671685112848,112.66195782783085
11.381594454533468,13701.82947358631,85.50575279401487
11.382873644671836,13766.57171921503,76.06702325598764
11.383562397237508,11553.687784830729,109.5925602600167
11.384152834810203,13784.685244605655,72.61410379133652
11.385432024948571,13744.415318080357,77.0683968768301
11.38602237821115,11556.826741536459,105.29745473018545
11.38671121508694,13777.475539434523,84.5726436938063
11.387990405225308,13823.925827752977,83.30049097001714
11.388482359184792,11540.419881184896,98.0377980883262
11.389269595363675,13815.20648484003,76.76513127503473
11.390548785502045,13823.510997953868,76.56394876926558
11.390942340158434,11454.353285047742,94.15649494822901
11.391827975640412,13854.860816592261,80.76300923056229
11.39310716577878,13878.073009672618,85.86626292090243
11.393402321132074,11437.681844075521,94.29243840537892
11.394386355917149,13881.876941499257,81.96534394390123
11.395665546055517,13839.310232979911,77.66859526804427
11.395862302105716,11410.958862304688,101.05633162982645
11.396944736193884,13866.894170851934,81.78731861771917
11.398223926332252,13903.813441685268,92.50066436204195
11.398322283079358,11349.859836154514,97.22121558522424
11.39950311647062,13853.604899088541,92.19993151838328
11.400782264053,11338.316365559896,102.71389182340764
11.400782306608988,13807.614455450148,80.63697559826473
11.402061496747356,13853.769356863839,76.67962124660441
11.403242245026641,11295.385348849826,104.58503619671941
11.403340686885725,13877.296595982143,83.3223148233659
11.404619877024093,13769.308117094493,96.25599003982148
11.405702226000281,11322.341118706598,106.9454574681555
11.40589906716246,13781.722040085566,96.17726551114836
11.40717825730083,13803.794247581845,84.08115821194521
11.408162206973923,11332.63755967882,104.53515656099383
11.408457447439197,13769.43959263393,77.26302675460147
11.409736637577565,13721.553757440477,85.1752673178537
11.410622187947565,11296.214680989584,107.7156282723871
11.411015827715932,13660.110316685268,100.1122385042011
11.412295017854301,13737.471586681548,98.91244929514392
11.413082168921207,11322.887871636285,106.77852479664827
11.413574207992669,13692.471551804316,84.42394583390417
11.414853398131036,13638.55943080357,79.28687623786591
11.415542149894847,11298.112955729166,107.7601888837026
11.416132588269406,13645.239222935268,86.72447501580973
11.417411778407773,13716.259660993304,99.80221806749674
11.418002130868489,11322.308281792535,105.37612792367216
11.41869096854614,13687.241664341518,94.62010548546141
11.41997015868451,13613.90728469122,78.7683337144449
11.42046211184213,11382.390421549479,109.98365839208167
11.421249348822878,13634.769287109375,78.41656299664797
11.422528538961245,13621.283389136905,86.49732232957818
11.422922092815773,11407.639851888021,105.62802667781503
11.423807729099613,13609.251755487352,89.76293041079904
11.425086919237982,13676.895589192709,84.27752326291021
11.425382073789413,11458.782307942709,108.1744770328567
11.42636610937635,13710.435779389882,71.53296513680111
11.427645299514717,13735.00355747768,73.41286600760455
11.427842054763055,11449.118937174479,105.78844139879656
11.428924489653086,13709.277239118304,84.75711163431751
11.430203679791454,13707.079264322916,85.04639568041775
11.430302035736696,11464.732788085938,103.76821299065291
11.431482869929821,13753.723109654018,82.3512078771575
11.432762016710338,11440.384453667535,101.19283249434872
11.432762060068189,13787.332449776786,73.59483518849699
11.434041250206558,13782.954799107143,78.42323120533749
11.435221997683978,11433.958306206598,98.6872655136364
11.435320440344926,13754.354166666666,81.3192335829132
11.436599630483293,13826.279006231398,87.57078573149187
11.43768197865762,11387.35658094618,96.88470500620815
11.437878820621663,13833.784377325148,83.72145139148954
11.43915801076003,13774.678664434523,77.66456963411511
11.440141959631262,11333.689575195312,96.82703076206636
11.440437200898398,13792.260835193452,83.86878894061215
11.441716391036767,13787.282889229911,90.22529960376085
11.442601940604904,11276.125406901041,96.26560199336673
11.442995581175134,13802.720052083334,86.56045823964561
11.444274771313502,13710.781761532739,81.54889562022166
11.445061921578546,11265.459771050348,106.20986776672176
11.44555396145187,13724.716668991816,75.68833416219138
11.446833151590239,13777.806815011161,82.75499291672492
11.447521902552186,11273.265611436633,101.14377772305214
11.448112341728606,13744.01312546503,87.57326055505838
11.449391531866974,13681.709635416666,88.98858851859647
11.449981883525828,11294.714057074652,109.33194591542967
11.450670722005343,13688.873430524554,81.8605267068384
11.45194991214371,13693.662702287946,77.78462949039033
11.45244186449947,11233.398763020834,105.62567781382671
11.453229102282078,13656.293166387648,77.74263263555807
11.454508292420448,13567.636974516368,81.00187945457866
11.454901845473112,11334.51841905382,110.81541182220558
11.455787482558815,13627.748779296875,84.52221829627652
11.457066672697183,13626.067952473959,80.35071328382826
11.457361826446752,11247.866265190973,102.5294620197305
11.45834586283555,13567.754464285714,75.93362851126624
11.45962505297392,13564.214099702382,73.9378130546849
11.459821807420393,11333.410237630209,107.73614764527265
11.460904243112287,13629.328578404018,78.81400046830446
11.462183433250654,13736.229933965773,81.73580970505115
11.462281788394035,11313.584391276041,110.05692404855456
11.463462623389024,13621.520153227306,78.8082714962941
11.464741769367677,11345.887790256076,111.0274355986182
11.464741813527391,13595.338733491444,76.38857518341102
11.466021003665759,13600.260811941964,70.57011830704228
11.467201750341317,11464.475802951389,115.18013411723567
11.467300193804128,13576.018589564732,71.14177984046084
11.468579383942496,13539.822823660714,74.0471278796732
11.46966173131496,11489.829847547742,117.88252179039903
11.469858574080863,12567.778384254092,80.84177376833031
11.47113776421923,12305.75279017857,103.8670354490401
11.472121712288601,11450.772732204861,118.4691333814653
11.4724169543576,12195.967238653273,101.24076915276761
11.473696144495968,12138.21765718006,90.39789393074352
11.474581693262243,11461.063178168402,109.84645308703917
11.474975334634335,12146.135666620165,87.12925534727074
11.476254524772704,12198.491966610864,96.51166527481182
11.477041674235885,11556.996432834201,102.60734291824612
11.477533714911072,12885.637602306548,106.83418370251738
11.47881290504944,13441.516682942709,104.33077400399061
11.479501655209525,11525.992879231771,96.69204450879339
11.480092095187809,13875.851283482143,101.8278807305074
11.481371285326176,13807.091622488839,99.44862114416179
11.481961636183167,11490.82958984375,94.19627440000842
11.482650475464544,13767.061186290923,92.97244652333298
11.483929665602911,13673.549223400298,89.28381105491144
11.484421617156809,11444.465603298611,102.10999813491274
11.48520885574128,13731.66296968006,88.09812072153461
11.486488045879648,13733.559477306548,88.32241076409343
11.48688159813045,11299.839735243055,102.16838729785061
11.487767236018016,13662.375418526786,98.66126293437523
11.489046426156385,13610.697067987352,92.9827618214996
11.48934157910409,11311.628892686633,111.79026948436314
11.490325616294752,13612.428269159227,89.50330585650904
11.49160480643312,13624.090564546132,83.9426684932907
11.491801560077732,11211.340223524305,102.92882046785536
11.492883996571488,13588.118576776415,86.56914291010439
11.494163186709857,13525.877237955729,92.42116361613787
11.494261541051374,11293.848605685764,103.44433782056419
11.495442376848224,13597.963989257812,94.65579917996024
11.496721522025016,11216.605563693576,96.78529658225995
11.496721566986592,13578.406523204985,85.3267510144091
11.498000757124961,13556.773600260416,77.5663343609192
11.499181502998656,11239.89739312066,99.25742879546993
11.499279947263329,13506.528157552084,75.48625059435064
11.500559137401696,13553.930193219867,84.72272636296663
11.501641483972298,11238.652153862848,105.21635010931227
11.501838327540066,13594.60850888207,89.94341799937327
11.503117517678433,13534.653122674852,78.95651115912814
11.50410146494594,11195.985026041666,108.43954923057917
11.5043967078168,13571.616455078125,73.06811493082459
11.505675897955168,13620.979201543898,75.06964147440884
11.506561445919582,11242.61265733507,112.6494610225477
11.506955088093537,13579.302600678944,84.4193041333782
11.508234278231905,13510.414393833706,90.08982577010624
11.509021426893222,11216.046671549479,112.66123315876602
11.509513468370272,13574.013950892857,90.53801412846768
11.510792658508642,13594.394194103423,81.82728532735644
11.511481407866864,11299.636596679688,114.98987226707062
11.51207184864701,13598.881911504835,79.63354128243294
11.513941388840506,11291.105346679688,108.81239188588792
11.516401369814147,11316.847127278646,106.76091809041938
11.51886135078779,11376.984361436633,112.39238996019988
11.52132133176143,11392.024386935764,106.86131406342326
11.523781312735071,11481.955240885416,111.18553607049242
11.526241293708713,11387.915418836805,104.80662376946626
11.528701274682355,11410.931694878473,106.05914685841665
11.531161255655995,11264.415812174479,101.5860581677683
11.533621236629637,11272.066555447049,106.23202687893748
11.536081217603279,11225.196668836805,104.34094853111681
11.53854119857692,11180.150390625,104.905661326134
11.54100117955056,11207.989298502604,96.60586899860999
11.543461160524203,11168.829006618924,96.17384734766677
11.545921141497844,11218.85462782118,103.27732020387204
11.548381122471486,11175.314683702258,108.42578850260938
11.550841103445128,11212.975260416666,113.20959835154996
11.553301084418768,11259.016262478299,113.85366762918737
11.55576106539241,11263.865247938367,104.28361392643889
11.558221046366052,11344.62339952257,100.93704299300771
11.560681027339694,11341.625244140625,99.92578594844305
11.563141008313334,11408.79547797309,105.67932647993985
11.565600989286976,11463.696207682291,113.53186244035773
11.568060970260618,11459.084486219617,110.21881529887203
11.57052095123426,11583.134548611111,107.73775010988354
11.5729809322079,11467.208943684896,99.96686023796141
11.575440913181541,11483.758287217883,95.03232460390639
11.577900894155183,11398.500298394098,95.36053146929514
11.580360875128825,11367.633517795139,99.81877809020907
11.582820856102465,11280.44098578559,105.96058092380898
11.585280837076107,11245.476942274305,113.98295957229689
11.587740818049749,11201.774848090277,107.59620215259484
11.59020079902339,11224.11614312066,107.21299325724453
11.592660779997033,11167.494601779514,102.52982540512664
11.595120760970673,11171.123508029514,104.58932974135267
11.597580741944315,11218.153727213541,108.48947385248917
11.600040722917957,11213.901882595486,108.64432901097364
11.602500703891598,11259.39537217882,107.1056836804541
11.604960684865238,11310.864067925348,106.982300305147
11.60742066583888,11432.70738389757,112.11532895026477
11.609880646812522,11367.964165581598,108.19551633008005
11.612340627786164,11476.263902452258,112.70614032452161
11.614800608759804,11481.706570095486,109.69626528853259
11.617260589733446,11522.764241536459,103.33314008610265
11.619720570707088,11524.808146158854,105.04895244092772
11.62218055168073,11467.145562065973,107.62376450718196
11.62464053265437,11464.499403211805,115.895152867531
11.627100513628012,11383.309665256076,116.24906458446269
11.629560494601654,11363.650865342883,116.40161017346813
11.632020475575295,11270.899522569445,103.92743192791188
11.634480456548937,11221.050794813367,102.7504038164466
11.636940437522577,11229.275472005209,108.57381283800437
11.63940041849622,11150.349880642361,113.32543837015541
11.641860399469861,11231.858235677084,123.77841385102734
11.644320380443503,11186.447672526041,120.26144231620283
11.646780361417143,11197.719224717883,110.76289492827419
11.649240342390785,11224.919637044271,104.29301956560403
11.651700323364427,11235.711452907986,104.10340142863343
11.654160304338069,11329.118055555555,111.27610557816875
11.656620285311709,11368.19105360243,114.54336256016965
11.65908026628535,11472.425944010416,120.10904529383382
11.661540247258992,11469.904825846354,111.66286063795278
11.664000228232634,11536.728407118055,108.11754351818554
11.666460209206276,11514.359781901041,104.05773704221755
11.668920190179916,11428.600260416666,103.05743433327207
11.671380171153558,11432.053521050348,107.17252783971416
11.6738401521272,11378.68617078993,109.15736843162301
11.676300133100842,11330.714952256945,109.5722173821732
11.678760114074482,11262.208170572916,106.93891314209873
11.681220095048124,11319.892469618055,107.47737335802468
11.683680076021766,11337.8994140625,112.85286847322024
11.686140056995407,11274.820326063367,105.47000761630261
11.688600037969048,11272.350043402777,107.16050014591323
11.69106001894269,11274.117078993055,107.01701795167664
11.693519999916331,11294.808959960938,110.8009595577685
11.695979980889973,11255.433851453992,111.85232047020679
11.698439961863613,11274.739501953125,111.09158048059969
11.700899942837255,11310.964965820312,111.18772939447373
11.703359923810897,11319.167656792535,106.36114395525871
11.705819904784539,11331.272121853299,106.91428244942324
11.70827988575818,11387.95933702257,109.78617446873521
11.71073986673182,11352.849867078992,113.09527042096127
11.713199847705463,11371.616183810764,114.52496118191947
11.715659828679104,11381.334174262152,113.90736200705875
11.718119809652746,11382.059326171875,106.0705244250648
11.720579790626386,11392.28990342882,102.02035442975595
11.723039771600028,11378.401557074652,102.10227242126253
11.72549975257367,11385.343492296008,108.9482836665249
11.727959733547312,11353.405924479166,111.81271010276299
11.730419714520952,11332.201144748264,111.79600200242757
11.732879695494594,11393.557427300348,110.51711636836383
11.735339676468236,11385.109958224826,100.92105256856156
11.737799657441878,11362.638305664062,100.24341873370723
11.740259638415518,11333.138848198785,100.78235445200657
11.74271961938916,11354.845024956598,109.29599022086684
11.745179600362802,11347.774400499133,111.49555807726135
11.747639581336443,11366.000881618924,106.68888970384153
11.750099562310085,11381.526529947916,104.49300028425019
11.752559543283725,11424.630208333334,98.42155142633153
11.755019524257367,11473.059285481771,107.1588928308022
11.757479505231009,11488.953369140625,110.44680779489623
11.759939486204651,11561.95166015625,111.01030532527855
11.762399467178291,11557.65464952257,112.60782917800633
11.764859448151933,11498.321478949652,102.17504436503779
11.767319429125575,11455.011542426215,102.11253348260901
11.769779410099217,11409.892890082465,103.27679795133766
11.772239391072857,11410.81829155816,107.32761850446722
11.774699372046499,11373.873942057291,108.6773271410533
11.77715935302014,11337.091905381945,107.78648588953192
11.779619333993782,11379.855414496527,110.98102822577849
11.782079314967424,11378.563734266492,107.72378086805423
11.784539295941064,11394.173706054688,108.81014906944341
11.786999276914706,11423.669894748264,110.79567079059886
11.789459257888348,11378.213840060764,104.44467022174145
11.79191923886199,11424.406358506945,110.78576525624261
11.79437921983563,11456.216837565104,112.02042340732844
11.796839200809272,11467.131930881076,114.77084712382732
11.799299181782914,11492.198160807291,108.36438647913799
11.801759162756555,11461.746921115451,103.71096290849228
11.804219143730196,11507.00202094184,101.43280914971031
11.806679124703837,11510.619059244791,104.94824068288582
11.80913910567748,11491.778198242188,114.93497812301162
11.811599086651121,11447.834662543402,111.31478690120925
11.814059067624761,11524.083889431424,106.5694918434993
11.816519048598403,11528.439860026041,98.54977329940667
11.818979029572045,11494.610107421875,97.3910300595632
11.821439010545687,11542.276963975695,107.95554969708822
11.823898991519329,11511.159790039062,110.42535364832483
11.826358972492969,11553.46861436632,113.3143622499782
11.82881895346661,11544.270033094617,101.89986186388347
11.831278934440252,11576.965793185764,99.28724557863157
11.833738915413894,11599.785875108508,102.42512705777222
11.836198896387534,11581.09046766493,111.19515510766172
11.838658877361176,11608.197469075521,115.2611946441694
11.841118858334818,11606.957153320312,112.15606044645754
11.84357883930846,11661.817993164062,109.76818738753668
11.8460388202821,11676.597493489584,103.50240445367987
11.848498801255742,11626.403862847223,108.92516098477998
11.850958782229384,11642.384616427951,116.31890226918424
11.853418763203026,11618.36341688368,111.93715264655424
11.855878744176668,11729.27943250868,121.9010227667688
11.858338725150308,11670.643785264758,115.2672289486651
11.86079870612395,11631.740383572049,110.72405477425082
11.863258687097591,11612.478624131945,114.09011012538879
11.865718668071233,11640.333116319445,107.9197277046038
11.868178649044873,11648.73451063368,112.82535128076161
11.870638630018515,11605.628851996527,111.02250233823816
11.873098610992157,11609.648247612848,115.06020147461803
11.875558591965799,11616.030395507812,111.86184902119761
11.878018572939439,11659.771104600695,105.20961989610332
11.88047855391308,11667.738674587674,108.43575331205402
11.882938534886723,11691.515896267361,109.45868731643148
11.885398515860365,11793.578870985242,122.76674431929223
11.887858496834005,11771.733344184027,118.92355881095008
11.890318477807647,11821.106987847223,112.89920273958369
11.892778458781288,11875.992892795139,103.59196231937075
11.89523843975493,11861.296834309896,105.98497580591537
11.897698420728572,12472.112386067709,120.1539732217656
11.900158401702212,12775.31145562066,129.84107158747798
11.902618382675854,12854.219428168402,121.29652731810742
11.905078363649496,12867.297756618924,110.25878428367159
11.907538344623138,12651.972059461805,108.88768185693503
11.909998325596778,12530.232611762152,114.58970165028585
11.91245830657042,11852.679144965277,112.18271811098504
11.914918287544062,11751.958170572916,110.20533822797115
11.917378268517703,11769.862508138021,104.75217805635538
11.919838249491344,11767.157524956598,100.84614660737655
11.922298230464985,11770.658447265625,101.96373152412482
11.924758211438627,11772.542114257812,108.5226147545431
11.927218192412269,11267.56578233507,134.9785545298104
11.92967817338591,11057.178493923611,122.16883193565745
11.932138154359551,11087.026882595486,120.43504278764594
11.934598135333193,11355.780802408854,112.77305700479835
11.937058116306835,11893.777994791666,112.46003040957892
11.939518097280477,11919.887464735242,110.96214859741553
11.941978078254117,11926.01673719618,112.55458723009785
11.944438059227759,11959.240383572049,116.67465602428966
11.9468980402014,11936.28466796875,116.46645989240227
11.949358021175042,11979.157470703125,117.07149049902497
11.951818002148682,11941.540635850695,112.26471739295673
11.954277983122324,11900.757039388021,112.52373368136426
11.956737964095966,11892.800143771701,114.5185055719096
11.959197945069608,11896.123263888889,115.16048052278187
11.961657926043248,11912.933932834201,113.5045332411456
11.96411790701689,11871.660970052084,106.11263528653443
11.966577887990532,11907.785359700521,103.45947558508415
11.969037868964174,11906.853569878473,110.72715345752631
11.971497849937816,11861.278049045139,113.4809358106254
11.973957830911456,11915.452541775174,115.73166788562808
11.976417811885097,11879.646240234375,105.49979276696725
11.97887779285874,11941.854410807291,102.48609296728279
11.981337773832381,11984.457953559027,108.6374566084427
11.983797754806021,11986.745090060764,115.80803101568641
11.986257735779663,11998.823215060764,125.32575990628035
11.988717716753305,11992.966620551215,115.18239738835653
11.991177697726947,12044.931369357639,112.22841644670571
11.993637678700587,12041.048611111111,112.41932361472782
11.996097659674229,12021.818318684896,118.2178234309162
11.99855764064787,12041.091064453125,125.44392924887906
12.001017621621513,12028.924533420139,117.25610989993227
12.003477602595153,12087.482638888889,112.37424415317417
12.005937583568794,12051.63148328993,105.90261086005614
12.008397564542436,12007.630493164062,108.19839979555104
12.010857545516078,12038.361219618055,112.62275422808186
12.01331752648972,11928.30211046007,112.98209773922915
12.01577750746336,12023.088189019098,107.0153862701273
12.018237488437002,12021.671047634549,105.19673037410608
12.020697469410644,11932.16301812066,102.16598220204445
12.023157450384286,12041.768039279514,109.50511350065725
12.025617431357926,11958.000895182291,107.87578174211075
12.028077412331568,12036.165581597223,111.15559305545051
12.03053739330521,12008.498508029514,109.3746538373955
12.032997374278851,11985.28662109375,108.09053438258417
12.035457355252491,12042.933186848959,112.45899539009581
12.037917336226133,11997.768107096354,111.77864161832352
12.040377317199775,12047.893120659723,118.25161539475705
12.042837298173417,11992.45347764757,117.13927088006737
12.045297279147057,11983.849175347223,116.27025761595183
12.047757260120699,12069.279025607639,111.67504411795291
12.050217241094341,12046.586385091146,113.60811388216014
12.052677222067983,12043.844455295139,121.67083563272914
12.055137203041625,12043.564480251736,120.78064565714479
12.057597184015265,12062.853922526041,115.69258203252302
12.060057164988907,12095.973931206598,108.21082452857976
12.062517145962548,12043.705593532986,109.66800269109042
12.06497712693619,12046.262600368924,116.74596452306803
12.06743710790983,12015.133843315973,122.4520292774119
12.069897088883472,11972.232883029514,109.083364891215
12.072357069857114,12009.197224934896,104.26866934664913
12.074817050830756,12053.066609700521,102.6048695287903
12.077277031804396,11998.964301215277,110.28802617752645
12.079737012778038,12033.987209743924,111.53638179918505
12.08219699375168,11976.818739149305,102.51887028584115
12.084656974725322,12031.260945638021,98.11146578209471
12.087116955698963,12000.436699761285,104.0279233607015
12.089576936672604,11971.277615017361,109.76521425278841
12.092036917646245,12030.596028645834,119.5611780368898
12.094496898619887,12019.173936631945,120.06778630526539
12.09695687959353,11970.323974609375,113.36327062039439
12.09941686056717,12003.656656901041,120.5121768375994
12.101876841540811,11963.14906141493,118.97400195674459
12.104336822514453,11886.270168728299,105.15554915675315
12.106796803488095,11991.107747395834,105.71037222464979
12.109256784461735,11905.794731987848,103.64490595527495
12.111716765435377,11980.750217013889,105.8707260199079
12.114176746409019,11962.450846354166,103.17014480873434
12.11663672738266,11872.936048719617,102.93659990204486
12.1190967083563,11989.23681640625,109.65423010026876
12.121556689329942,11898.77490234375,110.85366301549247
12.124016670303584,11895.224066840277,106.06861997452758
12.126476651277226,11894.720662434896,103.6945487677882
12.128936632250868,11852.501519097223,110.01484997744065
12.131396613224508,11908.276543511285,121.86726703367731
12.13385659419815,11856.497585720486,114.75522353519067
12.136316575171792,11862.416097005209,105.87278488774388
12.138776556145434,11881.799546983508,111.54940258336666
12.141236537119074,11843.003675672742,116.67113788053456
12.143696518092716,11974.77204047309,126.83186844265839
12.146156499066358,11855.269327799479,112.3025892886466
12.14861648004,11914.788397894965,106.15554744946557
12.15107646101364,11930.878119574652,112.5521125876015
12.153536441987281,11898.056518554688,120.6611564764941
12.155996422960923,11913.771769205729,119.37461612965922
12.158456403934565,11891.012532552084,105.96658899230658
12.160916384908205,11885.638834635416,104.63904427824846
12.163376365881847,11888.382826063367,109.39546844202151
12.165836346855489,11933.258599175348,113.83548395787489
12.16829632782913,11918.506320529514,106.36467519778206
12.170756308802773,11804.586222330729,96.77229427821165
12.173216289776413,11881.817857530383,98.83239593241622
12.175676270750055,11855.663655598959,102.50275750221762
12.178136251723696,11799.924994574652,100.80532135941601
12.180596232697338,11878.552490234375,101.6006441279304
12.183056213670978,11852.052232530383,99.6456830849192
12.18551619464462,11841.526733398438,98.54297930285533
12.187976175618262,11845.254896375867,99.90598051586555
12.190436156591904,11848.302747938367,100.03688772770768
12.192896137565544,11803.065049913195,102.44000669056105
12.195356118539186,11832.71302625868,100.85923263217514
12.197816099512828,11832.760091145834,96.67049934363655
12.20027608048647,11813.948011610242,105.40934246402158
12.202736061460111,11766.40855577257,127.22108304015839
12.205196042433752,11939.720675998264,117.6501511163725
12.207656023407393,11933.350531684027,107.33867243536048
12.210116004381035,11978.528727213541,102.9432723235984
12.212575985354677,11942.38267686632,105.08736418282719
12.215035966328317,12012.97007921007,112.49776656952166
12.217495947301959,11956.083618164062,111.74065357029092
12.219955928275601,11923.351047092014,101.70625211834763
12.222415909249243,11879.865573459201,101.59952569315587
12.224875890222883,11927.81068250868,104.4612981671936
12.227335871196525,11894.101847330729,113.83217550693055
12.229795852170167,11878.047173394098,108.80134822738603
12.232255833143808,11851.990736219617,101.44073741591588
12.234715814117449,11881.38092719184,105.24803630720876
12.23717579509109,11858.09375,111.11540914760832
12.239635776064732,11852.94105360243,115.0569702163012
12.242095757038374,11857.920532226562,108.98530264938962
12.244555738012016,11864.896172417535,107.0058042943085
12.247015718985656,11905.39606391059,110.06269896810821
12.249475699959298,11923.139689127604,119.46842899935683
12.25193568093294,11854.530164930555,113.12308368969637
12.254395661906582,11935.16734483507,113.5638825817578
12.256855642880222,11939.011420355902,108.80830079761064
12.259315623853864,11974.858547634549,111.68147079487203
12.261775604827506,11986.434000651041,116.70950683899545
12.264235585801147,12014.939412434896,108.94690696720137
12.266695566774787,12038.232014973959,110.1105568274351
12.26915554774843,11976.068440755209,107.8327477120991
12.271615528722071,12062.949829101562,110.06146270893528
12.274075509695713,12321.638726128473,116.54761252555413
12.276535490669355,12673.902113172742,117.94337964490421
12.278995471642995,12912.152886284723,115.41093690637662
12.281455452616637,12921.267578125,115.29676824302797
12.283915433590279,12689.08607313368,114.62565911041793
12.28637541456392,12403.204752604166,117.52459743202418
12.28883539553756,12179.166422526041,112.9136859093892
12.291295376511203,12035.14013671875,109.49084373337487
12.293755357484844,12083.236870659723,111.94236766109209
12.296215338458486,12027.585394965277,115.63080426045576
12.298675319432126,12148.065890842014,117.92066857701789
12.301135300405768,12140.188327365451,111.11672965639367
12.30359528137941,12105.246948242188,105.34606396936574
12.306055262353052,12111.151841905383,114.70812355172748
12.308515243326692,12056.934868706598,117.07431942832847
12.310975224300334,12092.210205078125,110.02390910787267
12.313435205273976,12077.811184353299,104.97898801968854
12.315895186247618,12080.688273111979,108.38851323779913
12.31835516722126,12140.952528211805,121.10146239086626
12.3208151481949,12090.82972547743,115.21642122536659
12.323275129168541,12113.405124240451,105.83815608314609
12.325735110142183,12112.269788953992,109.77454360753497
12.328195091115825,12088.379177517361,114.12002095320967
12.330655072089465,12085.169270833334,116.05055760855056
12.333115053063107,12124.791544596354,105.86896047396483
12.335575034036749,12128.719156901041,107.11226672515781
12.33803501501039,12085.95960828993,114.49330394342317
12.34049499598403,12115.380493164062,113.46349275339746
12.342954976957673,12125.142578125,108.71847568563376
12.345414957931315,12108.762030707465,108.4387357079298
12.347874938904956,12091.779893663195,111.44553841072673
12.350334919878597,12124.156548394098,111.12438048670596
12.352794900852238,12120.073906792535,113.52855684397308
12.35525488182588,12158.879136827258,112.74663602713025
12.357714862799522,12169.448974609375,112.37454645453613
12.360174843773164,12195.691501193576,110.62656677453376
12.362634824746804,12203.542534722223,114.47073939363617
12.365094805720446,12191.546183268229,116.12082308901662
12.367554786694088,12219.73109266493,110.91222065246002
12.37001476766773,12347.766221788195,106.88720598327959
12.37247474864137,12344.416381835938,110.67839688621561
12.374934729615012,12304.027289496527,118.33032290157438
12.377394710588653,12198.887871636285,111.96943211245384
12.379854691562295,12245.57135687934,103.79337787943189
12.382314672535935,12239.311916775174,111.95766827630983
12.384774653509577,12184.55615234375,115.63656491082048
12.38723463448322,12125.733656141492,111.31496126517128
12.389694615456861,12185.204671223959,101.49163135112522
12.392154596430503,12270.565958658854,109.07416235304672
12.394614577404143,12242.501980251736,116.91338343171121
12.397074558377785,12191.576348198785,112.06498195058116
12.399534539351427,12204.854926215277,104.20087837636562
12.401994520325069,12206.39990234375,107.762477946234
12.404454501298709,12194.645779079861,113.63289104278381
12.40691448227235,12224.821166992188,109.54631853261542
12.409374463245992,12219.100314670139,103.37894108807289
12.411834444219634,12194.634711371527,107.97709124160507
12.414294425193274,12262.318440755209,109.93457942750523
12.416754406166916,12200.442721896701,109.11143235450689
12.419214387140558,12215.520426432291,108.67424611404839
12.4216743681142,12206.442925347223,107.18360812686738
12.42413434908784,12122.960489908854,107.87877433092375
12.426594330061482,12225.527750651041,112.46383842018875
12.429054311035124,12204.436903211805,112.47612763577682
12.431514292008766,12219.536878797742,110.6976080028932
12.433974272982407,12186.807156032986,106.31645267013104
12.436434253956048,12187.113471137152,110.04317434771202
12.43889423492969,12248.455485026041,113.69352631095094
12.441354215903331,12255.866088867188,106.41416681556272
12.443814196876973,12245.066392686633,105.09879735075573
12.446274177850613,12244.180230034723,110.27847120081192
12.448734158824255,12224.936306423611,110.74537796244903
12.451194139797897,12230.361328125,115.36994344658142
12.453654120771539,12205.926839192709,101.25085159759776
12.456114101745179,12261.790676540799,107.89444487432732
12.45857408271882,12270.65673828125,114.28211745617523
12.461034063692463,12218.157538519965,104.00001812210664
12.463494044666104,12206.022216796875,101.33750957818845
12.465954025639745,12230.733303493924,107.6417613044296
12.468414006613386,12248.856892903646,111.0145385416984
12.470873987587028,12214.127983940973,108.47927056415855
12.47333396856067,12238.987711588541,101.86007731069783
12.475793949534312,12210.330105251736,108.1044636873638
12.478253930507952,12279.241414388021,114.11355993436275
12.480713911481594,12211.064548068576,107.58856660598754
12.483173892455236,12236.766886393229,104.4590585576871
12.485633873428878,12283.340711805555,108.42050509929301
12.488093854402518,12246.154242621527,111.09233039798272
12.49055383537616,12308.403591579861,108.96248704822523
12.493013816349801,12258.085137261285,103.73229606497996
12.495473797323443,12295.201633029514,103.95738930570245
12.497933778297083,12331.444986979166,111.42328201701302
12.500393759270725,12323.756103515625,106.59155693327763
12.502853740244367,12331.902180989584,102.60840271746187
12.505313721218009,12324.833997938367,106.42822644182849
12.50777370219165,12281.447089301215,105.18193398447312
12.510233683165291,12309.975368923611,108.84248066073854
12.512693664138933,12320.980346679688,102.76820279579853
12.515153645112575,12297.554144965277,102.16453920608404
12.517613626086217,12289.830200195312,107.61506312261551
12.520073607059857,12306.68150499132,106.05170687085399
12.522533588033498,12292.647718641492,105.00087309223213
12.52499356900714,12321.296373155383,102.57011340745893
12.527453549980782,12279.120781792535,106.11196341035091
12.529913530954422,12287.690592447916,112.6405435902567
12.532373511928064,12342.813707139758,106.67415931703326
12.534833492901706,12307.425306532117,104.35340644920171
12.537293473875348,12319.499118381076,111.99502571743999
12.539753454848988,12355.77113172743,115.10946071194657
12.54221343582263,12381.253078884549,105.42556015572296
12.544673416796272,12443.126980251736,103.90080067027021
12.547133397769914,12384.754163953992,113.18447624092312
12.549593378743555,12468.268853081598,114.84543110900228
12.552053359717195,12452.514485677084,105.40762040921142
12.554513340690837,12443.663804796008,104.62973247472368
12.55697332166448,12453.632147894965,113.14594309592373
12.559433302638121,12400.07568359375,108.88076237040475
12.561893283611761,12415.200181749133,103.52081805912587
12.564353264585403,12384.04303656684,107.34508085979786
12.566813245559045,12413.479125976562,112.13851783338362
12.569273226532687,12413.769246419271,112.46034083185185
12.571733207506327,12379.921061197916,106.87703520084138
12.574193188479969,12445.400865342883,113.05137931505794
12.57665316945361,12373.047648111979,115.12096428139114
12.579113150427252,12376.881958007812,107.67355564021135
12.581573131400894,12388.33251953125,111.69001200294431
12.584033112374534,12428.005669487848,109.6175454834764
12.586493093348176,12443.545952690973,108.58498916398783
12.588953074321818,12437.943834092883,109.32480746642497
12.59141305529546,12453.616468641492,106.80354081030619
12.5938730362691,12428.101535373264,108.0195857648216
12.596333017242742,12487.66295030382,109.06824976009756
12.598792998216384,12484.373331705729,109.15375739071304
12.601252979190026,12551.332139756945,108.08730231102675
12.603712960163666,12657.107259114584,107.66453810054169
12.606172941137308,12527.82610405816,105.06722831191549
12.60863292211095,12553.184624565973,106.55197291773518
12.611092903084591,12518.62297905816,98.4121620894251
12.613552884058231,12555.591403537326,101.22469490340134
12.616012865031873,12520.93303765191,109.64693859643448
12.618472846005515,12527.531901041666,102.61532991983631
12.620932826979157,12608.718044704861,101.23621104085477
12.623392807952799,12482.983832465277,111.71991415840449
12.625852788926439,12499.44935438368,110.0697163827267
12.62831276990008,12565.682345920139,105.75740159417144
12.630772750873723,12536.871663411459,107.97986062856823
12.633232731847365,12545.28550889757,112.48189766730435
12.635692712821005,12508.068929036459,112.89717497724813
12.638152693794646,12514.568874782986,103.06596408162497
12.640612674768288,12526.352728949652,107.66365128476549
12.64307265574193,12578.946967230902,113.6134203449721
12.64553263671557,12632.547390407986,109.41450172855295
12.647992617689212,12610.257486979166,108.69286230325048
12.650452598662854,12682.628634982639,110.83933548107487
12.652912579636496,12605.571750217014,108.46727788370701
12.655372560610136,12613.005181206598,104.23672238275793
12.657832541583778,12645.283854166666,105.63767313596779
12.66029252255742,12572.651394314236,107.3358702374014
12.662752503531062,12684.26527235243,107.88228248492624
12.665212484504703,12633.790907118055,110.02349656915389
12.667672465478343,12615.60365125868,100.94082428516913
12.670132446451985,12656.995985243055,108.0225837603882
12.672592427425627,12584.933295355902,106.72339825529646
12.675052408399269,12683.110677083334,108.07428806590337
12.67751238937291,12583.783908420139,106.29062125046387
12.679972370346551,12613.594618055555,113.7356847264274
12.682432351320193,12641.19007703993,115.09002010676761
12.684892332293835,12587.054985894098,106.61519279472822
12.687352313267475,12652.867865668402,109.69319330106119
12.689812294241117,12630.630140516492,118.91594361798364
12.692272275214759,12629.123236762152,111.63007614419307
12.6947322561884,12682.872016059027,109.3575240596917
12.697192237162042,12667.08189561632,115.78718178135715
12.699652218135682,12719.077446831598,115.76939098640744
12.702112199109324,12677.455579969617,109.41152875848388
12.704572180082966,12760.858317057291,115.48620872469817
12.707032161056608,12749.21044921875,116.5059942729794
12.709492142030248,12747.489786783854,114.03984211034559
12.71195212300389,12831.871039496527,111.64106472748513
12.714412103977532,12680.272203233508,108.95674183203582
12.716872084951174,12834.753824869791,111.51558137482559
12.719332065924814,12749.35923936632,106.94387282471622
12.721792046898456,12813.583835177951,104.70954713224589
12.724252027872097,12771.755547417535,110.10546706907347
12.72671200884574,12739.51653374566,110.52312756954433
12.72917198981938,12791.568142361111,104.0619351188965
12.731631970793021,12730.950453016492,107.28383913147212
12.734091951766663,12738.572238498264,108.99477908022313
12.736551932740305,12773.799221462674,110.42716322166676
12.739011913713947,12712.264431423611,104.76523558735023
12.741471894687587,12853.844780815973,109.1114211739826
12.743931875661229,12795.44482421875,114.1665439950041
12.74639185663487,12804.485568576389,110.23947870324452
12.748851837608512,12841.20054796007,116.25332717774978
12.751311818582153,12818.57261827257,116.20015228856556
12.753771799555794,12892.751274956598,115.15581054125656
12.756231780529436,12871.443250868055,112.43067277520646
12.758691761503078,12963.55189344618,110.90089072022603
12.761151742476718,12934.343722873264,116.79886349429624
12.76361172345036,12928.863552517361,113.09890193566412
12.766071704424002,13002.103759765625,108.09253481715557
12.768531685397644,12911.273627387152,113.97887234754252
12.770991666371284,13031.523600260416,115.49188164215343
12.773451647344926,13025.172037760416,111.26019644163854
12.775911628318568,12989.694851345486,110.59727202878324
12.77837160929221,13102.261935763889,117.9496040082724
12.780831590265851,13002.92822265625,113.6757506592543
12.783291571239491,13057.864990234375,112.0155690453025
12.785751552213133,13195.686469184027,121.59325060953438
12.788211533186775,13242.498291015625,118.21800934980597
12.790671514160417,13341.557590060764,112.40716296474729
12.793131495134057,13277.104248046875,119.05456944343061
12.795591476107699,13459.612074110242,118.9850365103525
12.79805145708134,13678.561821831598,117.45359884886774
12.800511438054983,14037.785536024305,119.33464303787945
12.802971419028623,14699.794216579861,130.97268199214707
12.805431400002265,15970.351996527777,138.95363916967577
12.807891380975907,19181.058159722223,152.4712668922671
12.810351361949548,24857.531819661457,198.0615003096265
12.81281134292319,29648.960774739582,233.54970256551306
12.81527132389683,32125.990180121527,250.1574346004713
12.817731304870472,30739.15505642361,253.24452914015956
12.820191285844114,24941.073404947918,195.14358130168657
12.822651266817756,18167.364637586805,150.67611167349918
12.825111247791396,14894.396647135416,122.27870048268349
12.827571228765038,13753.345404730902,115.23724031901197
12.83003120973868,13155.637776692709,115.17971384072433
12.832491190712322,13072.868462456598,111.13571055152715
12.834951171685962,12918.914632161459,107.29831209260257
12.837411152659604,12797.032633463541,111.96700169821116
12.839871133633245,12860.419867621527,113.91882600879643
12.842331114606887,12733.501736111111,106.6372055910058
12.844791095580527,12788.158365885416,108.95683047500344
12.84725107655417,12776.330729166666,118.08512777646065
12.849711057527811,12706.106201171875,109.85000180442114
12.852171038501453,12749.15416124132,108.1958858111228
12.854631019475095,12707.962646484375,119.09425033535177
12.857091000448735,12749.457112630209,112.11775384129963
12.859550981422377,12740.113552517361,111.2317888013612
12.862010962396019,12696.16859266493,120.4610823990185
12.86447094336966,12711.296603732639,114.45980221499426
12.8669309243433,12662.518432617188,109.17762940586286
12.869390905316942,12676.826917860242,113.7729034205552
12.871850886290584,12595.762790256076,113.22358934656147
12.874310867264226,12610.322211371527,111.60359824520253
12.876770848237866,12646.142347547742,112.90927236138522
12.879230829211508,12478.80280219184,113.72647303370188
12.88169081018515,12567.932630750867,112.34789811203942
12.884150791158792,12565.958875868055,109.62299487905723
12.886610772132432,12588.938462999133,111.70004570139055
12.889070753106074,12555.26966688368,103.42805268927208
12.891530734079716,12492.812296549479,100.36669380662724
12.893990715053357,12592.988335503473,100.06511567621983
12.896450696027,12532.854329427084,102.27469666978756
12.89891067700064,12503.518812391492,100.78911455111027
12.901370657974281,12612.134250217014,98.50714641100113
12.903830638947923,12607.266520182291,110.24933340429148
12.906290619921565,12578.480685763889,107.20654206194078
12.908750600895205,12628.64208984375,102.47140885068336
12.911210581868847,12610.355740017361,110.27291986409986
12.913670562842489,12691.644911024305,107.04094405975225
12.91613054381613,12585.621636284723,100.51018133344913
12.91859052478977,12673.091227213541,104.7019873895633
12.921050505763413,12626.600667317709,107.89480310000376
12.923510486737054,12604.713189019098,103.29796004259585
12.925970467710696,12580.456163194445,103.53544877376527
12.928430448684338,12553.477023654514,111.25085278105148
12.930890429657978,12619.122287326389,111.9250795664218
12.93335041063162,12678.141845703125,109.1018803165798
12.935810391605262,12585.36872016059,116.14769361276998
12.938270372578904,12615.53034125434,112.05167873066091
12.940730353552544,12592.421047634549,109.04615686311305
12.943190334526186,12554.558349609375,112.17444848712839
12.945650315499828,12711.302612304688,113.48948385042482
12.94811029647347,12599.071261935764,110.03488918694755
12.95057027744711,12605.536716037326,108.82694987733542
12.953030258420752,12668.37883843316,111.5087505047616
12.955490239394393,12718.952406141492,111.0628459799337
12.957950220368035,12673.223510742188,106.21790849852486
12.960410201341675,12572.030598958334,115.90485325413046
12.962870182315317,12632.366400824652,106.6544904861839
12.965330163288959,12644.352484809027,100.77579914553844
12.967790144262601,12616.183213975695,109.6492434175691
12.970250125236243,12640.257378472223,107.60460540793811
12.972710106209883,12600.653781467014,102.14035897556681
12.975170087183525,12679.00062391493,107.23136428390738
12.977630068157167,12628.641276041666,110.25224138246796
12.980090049130808,12583.756049262152,107.41068386490683
12.982550030104449,12703.412299262152,107.99991206254556
12.98501001107809,12650.96888563368,111.76728743382505
12.987469992051732,12604.738362630209,108.88541722386071
12.989929973025374,12671.638305664062,110.14278860725909
12.992389953999014,12565.475830078125,114.7505079310495
12.994849934972656,12631.807847764758,112.2538459765553
12.997309915946298,12645.894165039062,111.00571949020292
12.99976989691994,12584.946695963541,115.81154110183549
13.002229877893582,12691.600287543402,111.2019858145834
13.004689858867222,12633.837388780383,108.78032148976529
13.007149839840864,12663.897989908854,113.33541407813331
13.009609820814505,12708.197035047742,117.84931580791223
13.012069801788147,12661.696533203125,108.66108220375828
13.014529782761787,12680.891723632812,111.68128652031945
13.01698976373543,12687.519802517361,110.0342881523876
13.019449744709071,12641.405354817709,104.99104713263154
13.021909725682713,12682.81019422743,108.78025707192037
13.024369706656353,12448.509195963541,106.82621028833472
13.026829687629995,12626.61168077257,104.74210921557336
13.029289668603637,12676.470513237848,109.61101393339311
13.031749649577279,12673.960150824652,110.02155513839882
13.034209630550919,12702.409776475695,104.54421141980396
13.03666961152456,12692.289225260416,107.60108097617623
13.039129592498202,12700.635769314236,109.11246640672775
13.041589573471844,12690.263793945312,107.14002805290959
13.044049554445486,12685.092013888889,111.1957255525119
13.046509535419126,12665.31019422743,111.48668239654353
13.048969516392768,12628.759684244791,111.47717609422682
13.05142949736641,12564.874959309896,110.66492729777484
13.053889478340052,12685.074340820312,111.89908895237961
13.056349459313692,12632.468383789062,112.44869615531108
13.058809440287334,12691.118815104166,108.25242743126657
13.061269421260976,12779.845052083334,115.85792595547261
13.063729402234618,12727.869466145834,110.49310712036424
13.066189383208258,12833.88343641493,106.03365381676129
13.0686493641819,12814.986545138889,111.47966827906552
13.071109345155541,12797.162055121527,107.93951250015797
13.073569326129183,12843.035400390625,104.74794020695015
13.076029307102823,12810.246337890625,113.27997932086362
13.078489288076465,12804.769694010416,107.16589683735839
13.080949269050107,12842.754150390625,104.71484575530494
13.083409250023749,12827.10498046875,112.1791872311731
13.08586923099739,12828.795003255209,105.77977100327311
13.08832921197103,12816.442626953125,104.74772228232368
13.090789192944673,12828.055202907986,112.0843536941296
13.093249173918315,12898.611287434896,107.62745121540358
13.095709154891956,12896.054443359375,108.3204636125108
13.098169135865597,12964.2529296875,115.62755716724911
13.100629116839238,12983.722805447049,114.05410889689247
13.10308909781288,12996.711941189236,112.53501345878274
13.105549078786522,12948.236775716146,113.37238223016952
13.108009059760162,12781.041531032986,113.64093756736106
13.110469040733804,12769.321695963541,114.63479296513897
13.112929021707446,12786.465521918402,109.44855218339848
13.115389002681088,12743.988932291666,112.67182359408268
13.11784898365473,12804.888671875,108.05045778817036
13.12030896462837,12824.890082465277,111.23453047022565
13.122768945602012,12843.70228407118,110.02083909117627
13.125228926575653,12942.477620442709,108.73715606680085
13.127688907549295,12907.961805555555,113.79492574434975
13.127688909382123,12172.584933810764,108.07121525032629
13.130148888522935,12930.802463107639,110.02498043533676
13.130148890355764,12151.211385091146,108.78380141723427
13.132608869496577,12946.987467447916,104.6118848187048
13.132608871329406,12148.019273546008,110.11537963252962
13.135068850470219,12905.558512369791,113.10665260779403
13.135068852303048,12175.0283203125,109.08326186987857
13.137528831443861,12928.748779296875,106.42110583348183
13.137528833276688,12177.014756944445,110.89870215244956
13.139988812417501,12897.558444552951,105.0732711735395
13.13998881425033,12121.313110351562,110.8557145497157
13.142448793391143,12885.567477756076,114.07611517070994
13.142448795223972,12088.103176540799,111.93977509311257
13.144908774364785,12823.851955837674,105.97749794174231
13.144908776197614,12143.034437391492,110.49961630324825
13.147368755338427,12807.65875922309,106.45528959479701
13.147368757171256,12137.714572482639,114.4267770400919
13.149828736312067,12761.314792209201,112.1045793843409
13.149828738144896,12152.501302083334,112.04826030581874
13.152288717285709,12717.13372124566,104.88143844659767
13.152288719118538,12198.547946506076,117.18147742532936
13.15474869825935,12748.889919704861,108.48558383039844
13.15474870009218,12209.26744249132,114.16269958060585
13.157208679232992,12780.20103624132,107.47251398617333
13.157208681065821,12268.032335069445,116.33057940801336
13.159668660206634,12727.820692274305,104.02475173618649
13.159668662039461,12290.277520073785,115.48481298881161
13.162128641180274,12763.34947374132,107.26230385576588
13.162128643013103,12306.109361436633,121.99422296710853
13.164588622153916,12831.59925672743,110.40380485090405
13.164588623986745,12318.811306423611,115.86199734690051
13.167048603127558,12845.463053385416,104.62748176269403
13.167048604960387,12421.405748155383,121.19159508225617
13.1695085841012,12903.852837456598,106.52668421520094
13.169508585934027,12391.036634657117,115.7398280443945
13.17196856507484,12861.92591688368,110.07808613133034
13.171968566907669,12421.211927625867,125.68133287093357
13.174428546048482,12874.85582139757,110.36210816218603
13.17442854788131,12390.236965603299,116.91021500773999
13.176888527022124,12999.957085503473,110.64831976137783
13.176888528854953,12412.287855360242,122.67833939306435
13.179348507995766,12982.830864800348,113.7507823825292
13.179348509828593,12316.026068793402,119.25965184371367
13.181808488969406,12972.59814453125,108.16960866144441
13.181808490802235,12363.011528862848,123.2334617330579
13.184268469943047,12965.800170898438,108.46226789464397
13.184268471775876,12340.808051215277,123.27223615582649
13.18672845091669,12917.18352593316,114.49002447675134
13.186728452749518,12318.49811469184,131.49884090168905
13.189188431890331,12953.510999891492,106.15713266054155
13.18918843372316,12229.941094292535,118.81672630407265
13.191648412863971,12963.44287109375,110.79704253393085
13.1916484146968,12305.901814778646,134.83335104196487
13.194108393837613,12858.120212131076,114.52050238243481
13.194108395670442,12198.808919270834,125.63198061398435
13.196568374811255,12935.8798828125,104.94602672143056
13.196568376644084,12247.9345703125,136.36197710043447
13.199028355784897,12774.693196614584,106.2356836240353
13.199028357617726,12207.177151150174,130.6928197321151
13.201488336758539,12884.642035590277,104.22223325047867
13.201488338591366,12275.724378797742,135.3878425314186
13.203948317732179,12893.1962890625,98.95640305332066
13.203948319565008,12198.039333767361,128.63965935386176
13.20640829870582,12644.406467013889,106.7007358211031
13.20640830053865,12183.60791015625,137.20251752901743
13.208868279679463,12855.810546875,104.20415957666505
13.208868281512292,12211.341457790799,121.6676957921666
13.211328260653104,12861.838785807291,104.96503982261959
13.211328262485932,12270.216579861111,134.9972354345537
13.213788241626744,12814.199544270834,106.09306362497881
13.213788243459573,12239.935329861111,121.52555271006439
13.216248222600386,12938.231662326389,105.17835864309829
13.216248224433215,12327.761637369791,127.86424174188349
13.218708203574028,12920.330837673611,106.72065222788889
13.218708205406857,12354.534084743924,118.45638423925577
13.22116818454767,12941.461046006945,108.14768765012285
13.221168186380499,12381.653971354166,124.19438397987581
13.22362816552131,13046.739718967014,109.78202169752419
13.22362816735414,12388.61286078559,117.56906312968385
13.226088146494952,12981.580281575521,112.48493544843248
13.226088148327781,12448.539076063367,124.92497912257117
13.228548127468594,13096.158704969617,115.67971174672584
13.228548129301423,12486.992865668402,112.38624605274335
13.231008108442236,13088.496893988715,113.40243126932322
13.231008110275065,12511.768039279514,121.14995712722519
13.233468089415878,13069.002332899305,115.48875031779895
13.233468091248705,12483.25160047743,114.2701853672317
13.235928070389518,13166.799560546875,106.97591589074023
13.235928072222347,12565.258219401041,121.57715234954978
13.23838805136316,13069.360134548611,107.63016461356283
13.238388053195989,12494.760565863715,115.29814753872074
13.240848032336801,13063.733479817709,115.93475723729848
13.24084803416963,12490.656561957465,118.3899958403608
13.243308013310443,12811.037868923611,122.75225280972526
13.24330801514327,12423.676350911459,124.35142086174544
13.245767994284083,12966.072157118055,106.01220031134157
13.245767996116912,12369.353271484375,132.91806428864686
13.248227975257725,12989.027126736111,100.83236567008579
13.248227977090554,12408.164021809896,109.10422226359614
13.250687956231367,12915.535942925348,100.47968226358873
13.250687958064196,12478.959445529514,113.29726563791823
13.253147937205009,12633.684624565973,104.47636761304952
13.253147939037836,12471.23772515191,112.00957083241434
13.255607918178649,12854.393717447916,97.85990281971145
13.255607920011478,12396.932345920139,129.17523754194625
13.25806790098512,12227.491943359375,128.4877697320579
13.260527881958762,12326.53864203559,119.78559436071264
13.262987862932404,12382.08287217882,115.78961767080033
13.265447843906044,12364.879421657986,119.1155869163903
13.267907824879686,12324.786349826389,113.44982485283987
13.270367805853327,12384.999403211805,116.44546297761373
13.27282778682697,12302.705349392361,109.0673580540435
13.27528776780061,12381.70172797309,109.02887092837787
13.277747748774251,12364.849704318576,106.62855120578529
13.280207729747893,12436.060329861111,106.99094481187545
13.282667710721535,12497.147759331598,103.83732878172633
13.285127691695175,12514.288058810764,105.88173781038932
13.287587672668817,12501.161716037326,101.65735313384572
13.290047653642459,12568.935831705729,108.52502180728305
13.2925076346161,12537.705756293402,96.57506169728788
13.29496761558974,12608.804158528646,96.03495899999889
13.297427596563383,12550.492784288195,94.17744125476113
13.299887577537024,12599.282280815973,96.34876866942557
13.302347558510666,12564.377848307291,96.04844232935874
13.304807539484308,12562.292765299479,98.51021072933692
13.307267520457948,12543.489732530383,97.78592035199466
13.30972750143159,12508.202609592014,99.46150447480049
13.312187482405232,12546.011488172742,99.43233865478716
13.314647463378874,12506.719821506076,101.5121770159668
13.317107444352514,12429.909437391492,100.44665042482285
13.319567425326156,12466.815199110242,102.74613147911273
13.322027406299798,12472.647420247396,107.91370497004763
13.32448738727344,12405.868964301215,116.8689275331999
13.32694736824708,12390.449232313367,114.0266125955716
13.329407349220721,12479.881618923611,115.98009403984507
13.331867330194363,12384.105278862848,123.17339165953337
13.334327311168005,12458.074801974826,118.32559565677899
13.336787292141647,12464.201972113715,112.77335044491161
13.339247273115287,12492.191379123264,112.08093122596564
13.341707254088929,12511.405287000867,108.18391759123313
13.34416723506257,12547.75104437934,109.55363476900847
13.346627216036213,12525.456176757812,105.08260166343017
13.349087197009853,12638.482937282986,106.53140094355916
13.351547177983495,12617.608452690973,106.00974585189171
13.354007158957137,12679.045789930555,103.90534728930214
13.356467139930778,12724.856526692709,102.77534877979282
13.358927120904418,12722.92522515191,104.6399935519621
13.36138710187806,12709.32874891493,102.94012076366681
13.363847082851702,12711.876803927951,105.07203885826816
13.366307063825344,12656.11139594184,103.70266596125384
13.368767044798984,12693.741115993924,107.2227059474111
13.371227025772626,12651.411349826389,105.34950476742578
13.373687006746268,12636.15855577257,104.49103207332581
13.37614698771991,12665.453559027777,106.75447071989923
13.378606968693552,12598.605617947049,108.07982856486612
13.381066949667192,12574.797620985242,105.26912427097666
13.383526930640834,12612.180297851562,109.61461097065907
13.385986911614475,12559.594387478299,107.93399547257968
13.388446892588117,12574.508694118924,108.98968671648258
13.390906873561757,12534.135457356771,108.44497618107822
13.3933668545354,12582.631551106771,110.08352372407637
13.395826835509041,12571.141750759549,109.1926058773629
13.398286816482683,12554.047390407986,112.46440177243545
13.400746797456323,12563.028822157117,111.1436398204836
13.403206778429965,12611.235866970486,114.60044582077477
13.405666759403607,12609.43199327257,113.92017971610353
13.408126740377249,12647.39208984375,115.25278284838718
13.41058672135089,12701.395494249133,113.58766434160518
13.41304670232453,12714.593722873264,115.10907653988609
13.415506683298172,12737.034396701389,115.73377955335236
13.417966664271814,12784.605834960938,113.65559998318675
13.420426645245456,12742.707261827258,111.35244507278199
13.422886626219096,12782.567843967014,116.35846063875665
13.425346607192738,12806.081312391492,113.64375518508395
13.42780658816638,12801.593722873264,114.5774344022362
13.430266569140022,12810.675238715277,115.3090533360524
13.432726550113662,12744.757419162326,116.55692345775677
13.435186531087304,12776.080769856771,113.40907527108733
13.437646512060946,12826.513766818576,120.4426631725922
13.440106493034587,12703.04401312934,115.88499227385005
13.442566474008228,12772.53404405382,119.3065009728182
13.44502645498187,12716.14299858941,119.59126460795768
13.447486435955511,12735.031589084201,120.26372596792704
13.449946416929153,12671.378336588541,118.3838462747107
13.452406397902795,12695.679606119791,125.65644696666187
13.454866378876435,12685.157538519965,121.77512975455812
13.457326359850077,12768.959879557291,133.60693978770615
13.459786340823719,12687.64111328125,122.993994453846
13.46224632179736,12727.985107421875,128.37936826831344
13.464706302771,12738.761067708334,126.8345480480841
13.467166283744643,12775.936550564236,129.7571960279598
13.469626264718285,12779.752522786459,124.89634698219494
13.472086245691926,12834.411919487848,132.68765791835
13.474546226665566,12797.009860568576,128.7713140565859
13.477006207639208,12873.969021267361,130.79680109628015
13.47946618861285,12806.559475368924,128.18342766646666
13.481926169586492,12854.705851236979,130.32998920223045
13.484386150560132,12870.09925672743,125.49579062759322
13.486846131533774,12918.414021809896,133.6796839825642
13.489306112507416,12888.205593532986,126.17485150011363
13.491766093481058,12997.645033094617,134.22850908163943
13.4942260744547,12862.479505750867,126.26439746010043
13.49668605542834,12986.525336371527,126.04619883387856
13.499146036401982,12954.015842013889,125.76263478833363
13.501606017375623,12985.318617078992,147.36976775355893
13.504065998349265,12969.555419921875,121.97363106173341
13.506525979322905,12989.661878797742,125.93206131858614
13.508985960296547,12951.969414605035,117.91330713699648
13.511445941270189,13122.696506076389,126.94426619890548
13.513905922243831,13015.26165093316,121.5293810268778
13.516365903217471,13082.345811631945,123.20301183269267
13.518825884191113,13107.05426703559,119.6961960271712
13.521285865164755,13116.884060329861,125.00051752446801
13.523745846138397,12966.03480360243,116.87934754441662
13.526205827112038,13042.430121527777,120.81807499529573
13.528665808085679,12956.04136827257,117.44604455564003
13.53112578905932,13036.928792317709,119.73903711928673
13.533585770032962,12963.776340060764,115.88930638242373
13.536045751006604,12955.695855034723,116.75274709595331
13.538505731980244,13002.48179796007,115.08952827828236
13.540965712953886,13051.797770182291,117.98367169898086
13.543425693927528,13003.773410373264,114.04187855062226
13.54588567490117,13122.14222547743,115.94790708844242
13.54834565587481,13026.483181423611,113.58725534519631
13.550805636848452,13099.085394965277,113.51270780096745
13.553265617822094,13033.970024956598,110.80385404407532
13.555725598795735,13039.606540256076,113.26909543757121
13.558185579769376,13015.211900499133,111.44300567331875
13.560645560743017,13090.339504665799,111.37152213543337
13.56310554171666,13028.689914279514,109.44575528955569
13.565565522690301,13033.940836588541,108.98396284407477
13.568025503663943,12999.023613823785,108.32725819280236
13.570485484637583,13023.332478841146,106.58648614588864
13.572945465611225,13061.477823893229,109.38864145860963
13.575405446584867,13052.383572048611,109.74369082056701
13.577865427558509,13008.411037868924,109.38391934969039
13.580325408532149,13046.032891167535,107.97993044195638
13.58278538950579,13021.37806532118,109.37048521763167
13.585245370479432,13015.249416775174,106.36606448147191
13.587705351453074,13089.281399197049,111.74592311352387
13.590165332426714,13060.00530327691,110.04013800085869
13.592625313400356,13124.732801649305,114.98478137010464
13.595085294373998,13058.506958007812,111.7204331762004
13.59754527534764,13084.907240125867,114.42450437622331
13.60000525632128,13137.20110405816,114.03395033251137
13.602465237294922,13122.455796983508,121.30363404149584
13.604925218268564,13103.80433485243,117.35103917945356
13.607385199242206,13176.4501953125,124.77583636657506
13.609845180215848,13101.008382161459,120.39964966854531
13.612305161189488,13152.272759331598,127.35882236129021
13.61476514216313,13201.092719184027,126.45420392899281
13.617225123136771,13167.66734483507,133.54140754673656
13.619685104110413,12882.639187282986,121.70520152205341
13.622145085084053,13236.701416015625,135.03349046534368
13.624605066057695,13158.403591579861,123.4343727894339
13.627065047031337,13187.177354600695,128.10565027757252
13.629525028004979,13236.740695529514,125.40299958349797
13.631985008978619,13166.252278645834,126.74642374998439
13.63444498995226,13236.952365451389,118.96477774735438
13.636904970925903,13207.97021484375,124.0113299109058
13.639364951899545,13139.51744249132,115.56166531943619
13.641824932873186,13221.216579861111,116.02249274430355
13.644284913846827,13149.329915364584,113.51470677338602
13.646744894820468,13139.175794813367,112.544555383046
13.64920487579411,13159.221869574652,109.37007364913676
13.651664856767752,13159.775132921008,113.57107470103259
13.654124837741392,13132.03076171875,107.78647864117852
13.656584818715034,13116.54241265191,108.3378956590171
13.659044799688676,13089.275119357639,105.96186260334393
13.661504780662318,13191.082763671875,105.01395792413007
13.663964761635958,13230.462103949652,105.26188614991113
13.6664247426096,13176.237019856771,106.60207939772995
13.668884723583242,13225.547119140625,105.81888312168813
13.671344704556883,13232.842651367188,104.52167236081114
13.673804685530524,13204.891506618924,106.69096334439749
13.676264666504165,13192.135647243924,106.08081496114359
13.678724647477807,13271.681274414062,111.31078331376472
13.68118462845145,13166.338772243924,110.63765012452393
13.683644609425091,13231.333441840277,116.21693279474466
13.686104590398731,13242.646457248264,111.26768343717458
13.688564571372373,13295.993747287326,116.47759719142624
13.691024552346015,13271.690171983508,112.76545213452034
13.693484533319657,13294.422905815973,122.59664393398724
13.695944514293297,13238.162814670139,115.40139064156847
13.698404495266939,13389.677517361111,124.99654658457804
13.70086447624058,13321.140380859375,125.4444479424039
13.703324457214222,13354.611300998264,129.79444186457255
13.705784438187862,13372.727132161459,130.0930012616622
13.708244419161504,13385.230414496527,136.34114249839598
13.710704400135146,13393.645914713541,126.38184704054541
13.713164381108788,13497.331922743055,134.92064492417407
13.71562436208243,13328.391899956598,125.88396821971119
13.71808434305607,13314.2548828125,125.22096028047137
13.720544324029712,13321.873019748264,120.49982214466911
13.723004305003354,13322.147189670139,123.34197889618709
13.725464285976996,13356.490071614584,115.50129281331199
13.727924266950636,13425.85365125868,119.2594947402806
13.730384247924277,13307.031168619791,112.83630311213624
13.73284422889792,13407.509819878473,112.61851382889864
13.735304209871561,13400.975287543402,108.71293509025278
13.737764190845201,13301.753472222223,110.08720292411954
13.740224171818843,13326.07679578993,104.57786385907372
13.742684152792485,13331.663302951389,107.42586212561457
13.745144133766127,13230.71373155382,103.74572713720501
13.747604114739767,13361.994818793402,107.61004958142377
13.750064095713409,13420.914360894098,107.32012402898309
13.75252407668705,13471.49762641059,109.10278609556096
13.754984057660693,13556.644517686633,110.03681660006245
13.757444038634334,13536.584730360242,110.68664015642864
13.759904019607974,13414.91908094618,112.71969541844021
13.762364000581616,13499.289740668402,113.14361365077914
13.764823981555258,13375.211018880209,118.57646716494523
13.7672839625289,13328.709391276041,115.70358200723344
13.76974394350254,13469.171346028646,121.93297520628309
13.772203924476182,13440.390625,124.3804291028071
13.774663905449824,13454.247097439236,128.02970523493863
13.777123886423466,13470.81340874566,127.3782087027096
13.779583867397106,13559.581217447916,135.56933863849113
13.782043848370748,13717.645521375867,153.55884710341783
13.78450382934439,13737.563110351562,151.81883378925426
13.786963810318031,13683.673950195312,143.3678285521855
13.789423791291672,13686.634304470486,139.0876623771948
13.791883772265313,13708.626193576389,123.70120843331138
13.794343753238955,13473.447943793402,118.27860123341615
13.796803734212597,13522.366970486111,114.1644339801135
13.799263715186239,13499.207139756945,113.73925319262689
13.801723696159879,13469.983520507812,112.52047002276451
13.804183677133521,13443.821166992188,112.99205857944904
13.806643658107163,13475.059326171875,114.08787069048293
13.809103639080805,13405.650960286459,115.03503113347442
13.811563620054445,13510.21666124132,117.17433382421231
13.814023601028087,13480.175374348959,116.32179902533963
13.816483582001728,13496.672932942709,117.65306137217267
13.81894356297537,13470.347683376736,115.35339495637389
13.82140354394901,13518.431857638889,121.4643887743797
13.823863524922652,13445.647650824652,120.07800900254767
13.826323505896294,13616.974012586805,127.239012562526
13.828783486869936,13503.850911458334,125.74826626684374
13.831243467843578,13575.671278211805,135.0094347614747
13.833703448817218,13546.082790798611,131.24136515645446
13.83616342979086,13607.791395399305,141.35316527517585
13.838623410764502,13552.580376519098,133.7403638389029
13.841083391738144,13744.31410047743,137.8579342833011
13.843543372711784,13608.450846354166,128.7931854740014
13.846003353685425,13715.840630425348,129.40147957235064
13.848463334659067,13680.802327473959,121.23338392326309
13.85092331563271,13659.866102430555,123.76732373900948
13.85338329660635,13688.073811848959,117.95877995579684
13.855843277579991,13700.671766493055,118.73401612247304
13.858303258553633,13612.663357204861,114.67678282250739
13.860763239527275,13633.90283203125,113.69937340942194
13.863223220500915,13641.934109157986,109.71550093681923
13.865683201474557,13628.569227430555,110.1512578821318
13.868143182448199,13603.669921875,109.02596391378376
13.87060316342184,13619.608181423611,110.61523271840592
13.873063144395482,13553.560492621527,111.27500371668818
13.875523125369122,13572.438991970486,108.24901618948003
13.877983106342764,13596.987413194445,116.35729124477182
13.880443087316406,13524.118625217014,114.6213412919429
13.882903068290048,13574.943413628473,117.23926717743987
13.885363049263688,13566.654947916666,118.77052624768655
13.88782303023733,13560.497056749133,123.49718058778693
13.890283011210972,13555.873819986979,123.41427335579027
13.892742992184614,13639.438571506076,124.06089152849738
13.895202973158254,13573.739244249133,117.57605829410508
13.897662954131896,13697.417928059896,117.41202053415819
13.900122935105538,13622.899861653646,112.1718886434392
13.90258291607918,13641.219333224826,115.40426465543744
13.90504289705282,13675.838216145834,109.98658308516129
13.907502878026461,13714.345119900174,111.91875015540627
13.909962859000103,13611.774875217014,107.95483983622586
13.912422839973745,13755.312160915799,110.4256940544849
13.914882820947387,13757.563286675348,110.21630732546167
13.917342801921027,13733.593600802951,111.38730713117796
13.919802782894669,13820.015380859375,113.87799979709463
13.92226276386831,13829.259073893229,113.01282587617644
13.924722744841953,13761.556030273438,117.65082294599112
13.927182725815593,13856.313761393229,119.25191302276625
13.929642706789235,13786.393242730035,124.42165864286318
13.932102687762876,13780.91224500868,126.84379145155286
13.934562668736518,13880.805935329861,133.7163062392241
13.937022649710158,13858.21142578125,130.47693380046493
13.9394826306838,13786.837117513021,133.28991689731893
13.941942611657442,13873.589328342014,129.54561750312405
13.944402592631084,13810.03968641493,127.96855979811927
13.946862573604726,13795.887125651041,122.34230407450957
13.949322554578366,13857.310112847223,120.16735672730628
13.951782535552008,13851.467746310764,117.54102040677672
13.95424251652565,13859.287841796875,115.66911726275303
13.956702497499291,13816.844943576389,113.24297461477346
13.959162478472932,13772.40904405382,111.43707360827428
13.961622459446573,13889.095648871527,116.89006743206356
13.964082440420215,13899.689995659723,112.30492316049796
13.966542421393857,13886.878743489584,115.46637046295811
13.969002402367497,13823.731689453125,113.98519823991788
13.971462383341139,13966.641276041666,122.35625878774844
13.973922364314781,13898.458062065973,121.6307653927255
13.976382345288423,13991.133273654514,131.7453726903607
13.978842326262063,14010.168077256945,129.29542726013736
13.981302307235705,13990.315728081598,141.75482694750426
13.983762288209347,13934.46986219618,134.28801946683055
13.986222269182988,14053.234266493055,139.67664598525784
13.98868225015663,13943.806884765625,130.00465298084805
13.99114223113027,14009.61439344618,130.23186268649272
13.993602212103912,14100.018283420139,121.26194764656557
13.996062193077554,14045.46058485243,124.04790005503831
13.998522174051196,14039.226616753473,119.88793915622627
14.000982155024836,14093.283664279514,121.13365643901018
14.003442135998478,14057.524983723959,120.46075266203968
14.00590211697212,14044.81849500868,120.45460330540747
14.008362097945762,14077.486328125,121.20768844799876
14.010822078919402,14007.895290798611,119.12620578169437
14.013282059893044,14028.683783637152,122.13848441645933
14.015742040866686,14018.513481987848,123.2588788026611
14.018202021840327,14010.526285807291,129.77382751799536
14.020662002813967,13943.162326388889,128.62125002942724
14.02312198378761,14098.653835720486,134.97151610723805
14.025581964761251,13966.483100043402,131.58744301095024
14.028041945734893,14051.838704427084,131.22138807329702
14.030501926708535,14086.110270182291,120.61257431221617
14.032961907682175,14062.313015407986,121.6547303328902
14.035421888655817,14023.059190538195,115.7053357103111
14.037881869629459,14150.91029188368,119.21385444089532
14.0403418506031,14040.996907552084,115.2618522179092
14.04280183157674,14128.390082465277,122.10392711147844
14.045261812550383,14189.017171223959,125.26715975791463
14.047721793524024,14187.0341796875,130.3773209674537
14.050181774497666,14157.933186848959,136.276921534544
14.052641755471306,14202.854112413195,135.83269113024892
14.055101736444948,14182.173800998264,138.4674893008414
14.05756171741859,14133.192491319445,138.54139129951054
14.060021698392232,14224.221923828125,142.42770435842152
14.062481679365874,14128.260769314236,140.30797721271662
14.064941660339514,14109.302191840277,139.48008027236787
14.067401641313156,14188.115885416666,128.52705265835868
14.069861622286798,14093.544379340277,127.569263035957
14.07232160326044,14066.062065972223,119.75947317786027
14.07478158423408,14221.578993055555,118.04636545966851
14.077241565207721,14089.360053168402,111.80889445879987
14.079701546181363,14129.324164496527,103.16233351483469
14.082161527155005,14186.88804796007,102.98988115283866
14.084621508128645,14145.959445529514,103.66493521563096
14.087081489102287,14096.28955078125,103.9832114792062
14.089541470075929,14142.78955078125,105.86858280386434
14.09200145104957,14086.353814019098,108.47293847269637
14.094461432023211,14121.435791015625,111.94323943660461
14.096921412996853,14197.363172743055,117.50546080353097
14.099381393970495,14139.85142686632,118.14742789710975
14.101841374944136,14060.763156467014,116.09844379983066
14.104301355917778,14296.661078559027,115.61038951457991
14.106761336891418,14518.780354817709,124.27094743940087
14.10922131786506,14293.237901475695,116.23434456674765
14.111681298838702,14280.22740342882,112.17587978280524
14.114141279812344,14234.730984157986,114.64334104010523
14.116601260785984,14180.731296115451,116.19068088058908
14.119061241759626,14267.962320963541,120.1070011297157
14.121521222733268,14246.433146158854,118.28896705072823
14.12398120370691,14188.792453342014,122.47563232369517
14.12644118468055,14376.575493706598,114.78109172741682
14.128901165654192,14348.548638237848,119.41197726401145
14.131361146627833,14311.264797634549,120.1029830904388
14.133821127601475,14372.659790039062,125.49346858905437
14.136281108575117,14320.597995334201,120.71936405086365
14.138741089548757,14252.490207248264,118.26763331546204
14.1412010705224,14348.003512912326,112.42926295655084
14.143661051496041,14322.531100802951,109.6158876522321
14.146121032469683,14240.151652018229,105.03479792118208
14.148581013443323,14315.459648980035,102.77239232018758
14.151040994416965,14315.082614474826,102.78015149936584
14.153500975390607,14245.106703016492,101.7928742243948
14.155960956364249,14340.970947265625,108.37019615061361
14.158420937337889,14320.526584201389,109.92349666317594
14.16088091831153,14275.671006944445,120.62639081891646
14.163340899285172,14353.676242404514,119.09782697224009
14.165800880258814,14365.150933159723,130.7901883503096
14.168260861232454,14050.509318033854,137.15753892304292
14.170720842206096,14396.619425455729,131.71607117641102
14.173180823179738,14440.701714409723,123.08826155131105
14.17564080415338,14401.369384765625,127.44947824537088
14.178100785127022,14356.488566080729,121.7413328154315
14.180560766100662,14437.39983452691,122.56120415485648
14.183020747074304,14405.872762044271,121.60110523756354
14.185480728047946,14462.226291232639,127.75422675302883
14.187940709021587,14553.355170355902,126.59287441806562
14.190400689995228,14443.257568359375,128.16682436459664
14.19286067096887,14510.401204427084,132.60393500070265
14.195320651942511,14517.786675347223,130.4493539272189
14.197780632916153,14494.553398980035,138.01382388341628
14.200240613889793,14524.569769965277,133.6932664274354
14.202700594863435,14613.822726779514,134.004342369074
14.205160575837077,14503.840345594617,124.26893728786885
14.207620556810719,14560.82386610243,124.30822250350818
14.210080537784359,14619.653008355035,116.53768595006346
14.212540518758,14559.332085503473,115.78738966544213
14.215000499731643,14558.398654513889,117.0014382328465
14.217460480705284,14643.122748480902,116.87073811790384
14.219920461678926,14544.38218858507,121.12474847328737
14.222380442652566,14500.379801432291,127.51224570867161
14.224840423626208,14602.190700954861,133.39325412068675
14.22730040459985,14543.286919487848,135.96810986156956
14.229760385573492,14553.720106336805,145.82718096681438
14.232220366547132,14597.32861328125,136.22503176057214
14.234680347520774,14633.21763780382,135.30744710963404
14.237140328494416,14614.657606336805,130.90273444288795
14.239600309468058,14729.258273654514,125.31463986734418
14.242060290441698,14716.461588541666,118.72273778147296
14.24452027141534,14664.111436631945,117.2292951425706
14.246980252388981,14738.82826063368,119.30066935385328
14.249440233362623,14768.136664496527,117.56229544102075
14.251900214336265,14795.533989800348,126.31631596106081
14.254360195309905,14897.981255425348,127.22551940490965
14.256820176283547,14977.209065755209,137.79012711120254
14.259280157257189,14867.964653862848,138.1382800191659
14.26174013823083,15037.403862847223,141.5191701677471
14.264200119204471,15054.78564453125,130.7256785047771
14.266660100178113,14993.812445746527,133.00091873895022
14.269120081151755,15063.546142578125,137.1482986056704
14.271580062125397,15204.640896267361,133.31427631214098
14.274040043099037,15295.314778645834,135.63147172919662
14.276500024072678,15421.18958875868,137.71496797969334
14.27896000504632,15681.339545355902,138.14903777770905
14.281419986019962,15680.04150390625,136.33813944387154
14.283879966993602,15728.694363064236,156.59459402670973
14.286339947967244,15754.603922526041,149.02220650604428
14.288799928940886,15878.767822265625,148.22416513143642
14.291259909914528,16021.209554036459,141.27198496199378
14.29371989088817,16243.245361328125,141.04673653652253
14.29617987186181,16350.107123480902,130.542081222437
14.298639852835452,16568.56808810764,132.63314774274625
14.301099833809094,16833.03759765625,132.83520302155847
14.303559814782735,17165.18589952257,137.62718596540398
14.306019795756376,17616.91587999132,149.70172444832406
14.308479776730017,18381.385199652777,153.0779765952717
14.31093975770366,19373.742106119793,177.10740797428255
14.313399738677301,20496.145806206598,192.52757168540373
14.315859719650941,22065.152018229168,217.19997314472423
14.318319700624583,22781.239664713543,203.89993664937853
14.320779681598225,22493.606201171875,207.08204892550233
14.323239662571867,20866.536675347223,177.73251451477037
14.325699643545507,18604.100070529516,155.98343608384573
14.328159624519149,16580.219889322918,134.33057757788868
14.33061960549279,15645.003200954861,125.0069951550836
14.333079586466432,15212.280870225695,121.64603287882288
14.335539567440074,15021.51353624132,124.54693922097766
14.337999548413714,14976.823215060764,134.4117666853717
14.340459529387356,14993.807210286459,132.04822862495894
14.342919510360998,14861.53870985243,140.66954046545328
14.34537949133464,14879.582628038195,133.67782519131032
14.34783947230828,14983.797119140625,132.1500555977574
14.350299453281922,14886.53040907118,124.71634486633315
14.352759434255564,14899.178982204861,130.17524237159682
14.355219415229206,14894.108100043402,125.5738217848481
14.357679396202846,14936.201741536459,125.60867414144117
14.360139377176488,14937.341471354166,132.2617644309345
14.36259935815013,14995.955729166666,137.3413127229015
14.365059339123771,15109.485649956598,140.87540193937312
14.367519320097413,15101.360161675348,137.95501929302856
14.369979301071053,15205.756293402777,142.91823479691826
14.372439282044695,15104.789116753473,128.51321940294392
14.374899263018337,15034.160346137152,125.82345957500164
14.377359243991979,15124.146999782986,120.50701514701727
14.379819224965619,14990.267306857639,118.47770809521556
14.38227920593926,14918.70863172743,121.57749436300202
14.384739186912903,14981.087158203125,123.84779785062933
14.387199167886545,15094.981336805555,131.62339272304945
14.389659148860185,15038.556070963541,132.2057884172593
14.392119129833826,15088.995551215277,146.40566799960078
14.394579110807468,15160.25865342882,134.9996501274652
14.39703909178111,15143.688937717014,137.59492982921807
14.39949907275475,15021.877766927084,126.89870421935163
14.401959053728392,14998.334933810764,121.78915587648511
14.404419034702034,14945.855034722223,114.85738949246489
14.406879015675676,14840.688069661459,115.27857586697864
14.409338996649318,14926.977484809027,116.146702098764
14.411798977622958,14888.727457682291,116.27551711778365
14.4142589585966,14893.102810329861,130.15916098538986
14.416718939570242,14947.646592881945,127.86226612463051
14.419178920543883,15000.341579861111,134.11908282571443
14.421638901517523,14851.360378689236,131.0789723472238
14.424098882491165,14953.413953993055,128.98252792436674
14.426558863464807,14997.98876953125,117.30831918570291
14.429018844438449,14983.442843967014,122.07510175850692
14.43147882541209,15009.633870442709,124.56730670230203
14.433938806385731,14998.023247612848,120.13021487781613
14.436398787359373,14979.581163194445,127.4883886412195
14.438858768333015,14979.80322265625,132.78491829627015
14.441318749306657,15007.670871310764,138.37151650569496
14.443778730280297,15025.678059895834,130.0031071775377
14.446238711253939,14973.268717447916,132.57718287211972
14.44869869222758,15065.350531684027,124.08409397786174
14.451158673201222,15044.949462890625,124.60355902515818
14.453618654174862,14958.041531032986,123.13106805890267
14.456078635148504,15008.282443576389,123.00521789800597
14.458538616122146,15089.140353732639,124.57065387457446
14.460998597095788,14960.796603732639,131.20594642057964
14.463458578069428,15062.335666232639,138.31630912433238
14.46591855904307,15077.667914496527,128.50769116598943
14.468378540016712,15059.306070963541,134.27969443235668
14.470838520990354,15042.670708550348,127.91742610227654
14.473298501963994,15134.638617621527,120.17393619579592
14.475758482937636,15066.323567708334,116.04892182240307
14.478218463911277,15124.154079861111,118.85942580348437
14.48067844488492,15233.72447374132,118.74295848976871
14.483138425858561,15138.947265625,122.44895157467617
14.485598406832201,15180.29136827257,135.80944469318183
14.488058387805843,15227.304524739584,132.65841765773985
14.490518368779485,15240.234700520834,132.60330918312675
14.492978349753127,15164.562255859375,126.11525657251921
14.495438330726767,15295.32164171007,125.33791044231405
14.497898311700409,15234.713189019098,118.99275751519866
14.50035829267405,15218.841769748264,123.08078258288317
14.502818273647692,15297.508978949652,125.3522579775832
14.505278254621333,15301.933810763889,124.05434107759355
14.507738235594974,15189.76402452257,134.1634155196715
14.510198216568616,15253.81849500868,138.14170056791545
14.512658197542258,15283.827962239584,131.77037978114748
14.515118178515898,15226.427815755209,129.74009808300886
14.51757815948954,15181.027940538195,127.57775928999047
14.520038140463182,15287.264865451389,120.17041473377628
14.522498121436824,15205.151394314236,116.7278646591352
14.524958102410466,15195.472384982639,121.94140726437668
14.527418083384106,15229.576199001736,126.12560309445905
14.529878064357748,15197.202256944445,131.6661138384257
14.53233804533139,15155.280463324652,136.53296119338947
14.534798026305031,15267.82408311632,129.07634312615062
14.537258007278671,15230.771755642361,117.42679575585544
14.539717988252313,15057.81361219618,111.73878565966045
14.542177969225955,15300.252414279514,111.95068884467621
14.544637950199597,15309.758870442709,110.69856887017399
14.547097931173237,15138.837700737848,112.02029202949423
14.549557912146879,15221.486897786459,114.2338438719488
14.55201789312052,15362.218967013889,121.70012122657396
14.554477874094163,15167.54771592882,120.031870177358
14.556937855067805,15257.661783854166,120.947414653069
14.559397836041445,15451.368381076389,118.3743684337596
14.561857817015087,15245.925889756945,115.74858961550738
14.564317797988728,15259.85120985243,123.1919683877476
14.56677777896237,15313.15416124132,119.86964113440305
14.56923775993601,15320.685574001736,126.73100031432959
14.571697740909652,15108.990125868055,128.55039004947804
14.574157721883294,15329.368679470486,138.13250847132343
14.576617702856936,15257.250868055555,124.48978615877053
14.579077683830576,15204.572970920139,129.00534453995903
14.581537664804218,15265.794026692709,122.79352356243434
14.58399764577786,15309.313937717014,116.63525322160639
14.586457626751502,15221.17445203993,121.3038147289324
14.588917607725142,15240.199435763889,129.1783848272832
14.591377588698784,15363.532524956598,133.89476198381453
14.593837569672425,15210.510199652777,131.2436887582347
14.596297550646067,15336.492431640625,147.02730155723663
14.59875753161971,15299.515028211805,131.5745388656984
14.60121751259335,15372.925347222223,124.75436369697107
14.603677493566991,15262.448540581598,120.72130550208976
14.606137474540633,15386.074924045139,119.98774355347895
14.608597455514275,15405.191975911459,117.23026013614545
14.611057436487915,15309.460991753473,123.71881723156697
14.613517417461557,15437.560926649305,138.62338354997794
14.615977398435199,15449.723605685764,130.93282012448518
14.61843737940884,15371.606499565973,134.80841866811463
14.62089736038248,15366.105251736111,129.80953782632434
14.623357341356122,15568.269422743055,125.40646645018852
14.625817322329764,15408.341905381945,120.48129055415859
14.628277303303406,15396.987141927084,124.24825456540991
14.630737284277046,15491.467692057291,122.97664537819048
14.633197265250688,15449.465630425348,123.20480672388771
14.63565724622433,15449.354410807291,137.31601018594023
14.638117227197972,15498.822808159723,131.14186203682252
14.640577208171614,15519.030300564236,126.73946949909148
14.643037189145254,15433.308702256945,125.55592593020843
14.645497170118896,15517.479085286459,130.516530614103
14.647957151092537,15525.122504340277,126.7939374428867
14.65041713206618,15456.782741970486,136.0485668042253
14.65287711303982,15494.656684027777,151.29474999997151
14.655337094013461,15616.382052951389,138.33787301039868
14.657797074987103,15521.604546440973,136.07535613797154
14.660257055960745,15496.344265407986,131.13598309694842
14.662717036934385,15622.561306423611,124.96363557771546
14.665177017908027,15568.344509548611,119.46662896362542
14.667636998881669,15515.382378472223,128.95776163819218
14.67009697985531,15647.644965277777,140.7348193092287
14.672556960828953,15604.257758246527,133.47597356342237
14.675016941802593,15502.110866970486,153.45329342611032
14.677476922776235,15580.597927517361,140.04229150268054
14.679936903749876,15635.295464409723,127.7956627673088
14.682396884723518,15543.09535047743,125.68714596122817
14.684856865697158,15542.879367404514,118.83772164101883
14.6873168466708,15634.301703559027,119.8543612606749
14.689776827644442,15604.781684027777,122.85446828168651
14.692236808618084,15476.122504340277,138.38335874342954
14.694696789591724,15645.400607638889,132.91572185417948
14.697156770565366,15610.994900173611,129.84956793814706
14.699616751539008,15579.962727864584,127.3468856811369
14.70207673251265,15620.450412326389,123.4293114919636
14.70453671348629,15632.76771375868,124.3706902791746
14.706996694459932,15533.545247395834,119.234019348934
14.709456675433573,15575.526204427084,127.90059064626762
14.711916656407215,15651.681206597223,123.71472396141023
14.714376637380857,15596.909016927084,126.42092135683704
14.716836618354497,15521.496853298611,129.48528033654244
14.719296599328139,15657.639702690973,126.37257126159655
14.721756580301781,15703.383056640625,123.07569529312974
14.724216561275423,15544.385687934027,129.40179870523963
14.726676542249063,15651.77685546875,134.34503318858464
14.729136523222705,15717.99205186632,128.58071095269142
14.731596504196347,15635.476372612848,132.36270513636777
14.734056485169988,15691.499945746527,130.46977157637716
14.736516466143629,15748.439778645834,121.12768537426909
14.73897644711727,15685.567762586805,118.86466294324399
14.741436428090912,15671.724446614584,130.20776136827786
14.743896409064554,15866.92759874132,132.80008595077268
14.746356390038194,15699.021430121527,129.14244190462307
14.748816371011836,15747.811550564236,142.87235960087497
14.751276351985478,15818.553493923611,131.13624801247724
14.75373633295912,15824.932318793402,122.16300385984687
14.756196313932762,15745.977023654514,117.7839433794253
14.758656294906402,15845.877848307291,120.31528353120791
14.761116275880044,15961.378309461805,122.12176959613969
14.763576256853685,15801.781060112848,128.27577077998944
14.766036237827327,15848.325846354166,148.74319140867965
14.768496218800967,15955.803900824652,136.02392792893656
14.77095619977461,15940.528238932291,146.75705758353442
14.773416180748251,15882.303765190973,129.99539521968103
14.775876161721893,16021.188991970486,126.20415340372088
14.778336142695533,16031.584988064236,127.03072018518924
14.780796123669175,15874.344835069445,134.69206513656286
14.783256104642817,15924.53795030382,142.72166055509712
14.785716085616459,15975.528428819445,134.58585644988412
14.7881760665901,15759.47007921007,139.7936799977196
14.79063604756374,15726.251708984375,142.59124284778534
14.793096028537382,15910.376681857639,131.9775284368831
14.795556009511024,15784.738606770834,126.30858042336197
14.798015990484666,15730.535129123264,135.2332608506947
14.800475971458306,15816.63392469618,137.62128357277405
14.802935952431948,15837.957438151041,128.37348721239323
14.80539593340559,15690.707492404514,133.93505374729492
14.807855914379232,15788.933322482639,130.45357941452258
14.810315895352872,15925.271918402777,126.2659843404119
14.812775876326514,15796.308078342014,130.56504261254696
14.815235857300156,15831.463568793402,140.30523383060296
14.817695838273798,15899.763644748264,136.6908807625461
14.820155819247438,15859.994791666666,129.30226783295342
14.82261580022108,15826.772433810764,128.33272741036873
14.825075781194721,15915.269775390625,120.10299970554058
14.827535762168363,15919.796142578125,116.93961120371922
14.829995743142005,15785.414822048611,127.70178848608562
14.832455724115645,15903.85728624132,137.6863958499024
14.834915705089287,15970.957546657986,133.09754380830677
14.837375686062929,15842.232883029514,129.40122206611
14.83983566703657,15852.583767361111,129.0316613629995
14.84229564801021,16028.577419704861,119.34710716265128
14.844755628983853,15956.875162760416,114.00296837597232
14.847215609957495,15937.123263888889,126.13454707082352
14.849675590931136,16070.201253255209,130.9232051101738
14.852135571904777,16083.638780381945,130.70847640881487
14.854595552878418,15914.23570421007,140.16931326395985
14.85705553385206,16024.919460720486,137.73669780359413
14.859515514825702,16099.669026692709,123.59423525086135
14.861975495799344,15988.697808159723,122.6610834254168
14.864435476772984,16045.086181640625,138.01688797835422
14.866895457746626,16099.222873263889,133.40629028262813
14.869355438720268,16030.932996961805,139.4166485344504
14.87181541969391,15912.877658420139,144.90848346055586
14.87427540066755,16023.16162109375,141.24400325211505
14.876735381641192,16103.087483723959,128.8058527016623
14.879195362614833,15920.967936197916,135.1066283695645
14.881655343588475,15993.62025282118,148.65353375481013
14.884115324562115,16043.487006293402,136.2759075862022
14.886575305535757,15947.585259331598,137.64147759295054
14.8890352865094,15924.76820203993,138.48949586346893
14.891495267483041,16014.14732530382,128.7876780817259
14.893955248456681,16011.781087239584,125.72243618775447
14.896415229430323,15887.938557942709,133.37694030527106
14.898875210403965,16095.792209201389,146.04414096453533
14.901335191377607,16076.705023871527,130.89551359142254
14.903795172351249,15937.831597222223,130.46563633736704
14.906255153324889,15979.001708984375,128.37632745128826
14.90871513429853,16141.322672526041,120.51068079401664
14.911175115272172,16038.070990668402,120.57216589716576
14.913635096245814,15980.574245876736,136.32592624561724
14.916095077219454,16165.234754774305,142.54320414881695
14.918555058193096,16115.420871310764,125.4255326242122
14.921015039166738,16052.912380642361,130.83757803748287
14.92347502014038,16212.664388020834,125.39902990560094
14.92593500111402,16196.1552734375,115.6349647343728
14.928394982087662,16074.457926432291,122.2028650018336
14.930854963061304,16117.569227430555,137.49157681419936
14.933314944034946,16233.881781684027,136.54646639494447
14.935774925008586,16112.618815104166,121.92480937643566
14.938234905982227,16140.95654296875,129.83626008524132
14.94069488695587,16256.148546006945,128.1882199528775
14.943154867929511,16243.63951280382,123.32298913689266
14.945614848903153,16111.230088975695,135.5603742488097
14.948074829876793,16185.727294921875,146.48710090775313
14.950534810850435,16301.84996202257,138.0684035529393
14.952994791824077,16139.009955512152,126.30807018222815
14.955454772797719,16122.252414279514,137.56776947209764
14.957914753771359,16301.71031358507,135.21299783832558
14.960374734745,16188.9765625,130.40852671796364
14.962834715718643,16086.943657769098,146.49425317212473
14.965294696692284,16210.03759765625,147.5010149110948
14.967754677665924,16284.426350911459,131.32293477521742
14.970214658639566,16153.501871744791,124.5587726288577
14.972674639613208,16178.266194661459,135.85361781458295
14.97513462058685,16236.903754340277,130.85839367564398
14.977594601560492,16150.287570529514,127.58987987431892
14.980054582534132,16179.283989800348,144.6361455624094
14.982514563507774,16192.723470052084,135.06320703434216
14.984974544481416,16296.801920572916,120.42155713762878
14.987434525455058,16152.545844184027,125.29995884022088
14.989894506428698,16211.871853298611,134.52256879720716
14.99235448740234,16346.741156684027,132.57542858416375
14.994814468375981,16274.321180555555,130.58660192030447
14.997274449349623,16170.594184027777,138.0869992328522
14.999734430323263,16396.607313368055,128.829543587609
15.002194411296905,16355.897406684027,119.63028149664851
15.004654392270547,16263.696370442709,131.85093259569592
15.007114373244189,16327.119140625,140.32468004018196
15.009574354217829,16403.585367838543,133.12055600568726
15.012034335191471,16317.223198784723,129.03524758118652
15.014494316165113,16240.439208984375,140.14345169895722
15.016954297138755,16438.705512152777,133.59397344126248
15.019414278112396,16338.123019748264,124.90478622853637
15.021874259086037,16229.91880967882,146.53624892399841
15.024334240059678,16337.333984375,147.92166761477839
15.02679422103332,16326.690646701389,133.26626522369006
15.029254202006962,16179.003689236111,128.37938814388932
15.031714182980602,16218.353434244791,138.71067506784527
15.034174163954244,16351.371310763889,135.1679333727632
15.036634144927886,16268.03675672743,130.25416000487317
15.039094125901528,16198.818033854166,147.2719118376248
15.041554106875168,16382.655029296875,140.9295914787573
15.04401408784881,16362.349365234375,121.68787748072752
15.046474068822452,16293.109836154514,120.02661752367403
15.048934049796094,16294.46826171875,134.5625073559312
15.051394030769734,16635.65993923611,135.75451856782698
15.053854011743375,16444.082546657984,128.45049238278614
15.056313992717017,16333.640462239584,138.88084478546492
15.05877397369066,16494.472059461805,127.76441645460301
15.061233954664301,16495.759033203125,114.71289725746409
15.063693935637941,16381.034342447916,122.05279259947625
15.066153916611583,16491.258273654516,135.86263886545262
15.068613897585225,16601.515869140625,129.5077956060733
15.071073878558867,16508.883870442707,122.29500367712588
15.073533859532507,16438.947428385418,133.00815971377605
15.075993840506149,16545.138156467016,128.7821375698155
15.07845382147979,16533.941107855902,124.21240221534333
15.080913802453432,16377.005696614584,138.98110154731935
15.083373783427072,16438.29812282986,143.74112405315526
15.085833764400714,16555.186713324652,129.85868298328532
15.088293745374356,16388.80992296007,127.62927374511774
15.090753726347998,16341.756591796875,143.94701515085052
15.09321370732164,16532.507649739582,145.08655163048638
15.09567368829528,16423.019829644098,133.3857365269297
15.098133669268922,16318.250515407986,141.9034540091205
15.100593650242564,16411.08433702257,135.62619417639377
15.103053631216206,16477.091742621527,127.76788068127878
15.105513612189846,16296.45836046007,130.97064790647838
15.107973593163488,16398.767062717016,151.54721590614525
15.11043357413713,16540.43722873264,141.48995678524759
15.112893555110771,16477.132758246527,124.24607641105496
15.115353536084411,16449.638997395832,127.16305245653444
15.117813517058053,16527.578938802082,126.96452491500025
15.120273498031695,16588.927435980902,123.24119714526752
15.122733479005337,16515.624267578125,133.9700454381057
15.125193459978977,16493.006646050348,143.70679809436547
15.127653440952619,16700.28927951389,127.25137898951314
15.13011342192626,16622.428276909723,109.9842275082776
15.132573402899903,16550.89914279514,122.68885637701261
15.135033383873544,16668.385443793402,130.93933491345226
15.137493364847185,16726.382568359375,122.13232990379134
15.139953345820826,16505.534369574652,127.38522342645446
15.142413326794468,16527.400689019098,137.23241846335625
15.14487330776811,16693.780680338543,123.88626372319916
15.14733328874175,16524.764729817707,117.65718341169156
15.149793269715392,16452.990831163195,145.5771517614015
15.152253250689034,16679.015597873266,143.97648903751414
15.154713231662676,16694.225070529516,123.89161488479027
15.157173212636316,16467.958957248266,128.0030886314773
15.159633193609958,16572.135172526043,139.90145216859244
15.1620931745836,16714.460394965277,132.3900314782304
15.164552900794053,16559.991156684027,237.79485834401208
15.164553155557241,16623.222249348957,131.11129294969757
15.167012881767695,16499.931179470484,225.04624183777406
15.167013136530883,16525.332356770832,138.1384679398491
15.169472862741335,16490.23619249132,204.64432661504844
15.169473117504523,16705.690619574652,141.89866815268485
15.171932843714977,16542.555230034723,177.14334486445358
15.171933098478165,16720.615695529516,128.79814757421607
15.174392824688619,16543.365342881945,172.92595242777242
15.174393079451807,16561.33865017361,137.9098238906891
15.17685280566226,16557.237358940973,189.44821529021607
15.176853060425449,16587.123155381945,152.22430774771897
15.1793127866359,16493.029052734375,200.85761214740236
15.179313041399089,16691.135715060766,134.84429221341793
15.181772767609543,16507.01673719618,221.56564584332224
15.181773022372731,16587.129421657984,125.19255871566264
15.184232748583185,16504.97252061632,191.5424037119078
15.184233003346373,16544.727511935766,131.40971733388915
15.186692729556826,16513.168375651043,169.10022638070694
15.186692984320015,16691.10574001736,139.4718921542808
15.189152710530466,16565.869439019098,156.47124792382172
15.189152965293655,16627.92116970486,134.04012648211886
15.191612691504108,16570.702229817707,162.79228057516312
15.191612946267297,16508.244873046875,134.3990893883154
15.19407267247775,16501.497612847223,182.79678485281437
15.194072927240938,16553.979058159723,140.23501898567613
15.196532653451392,16594.286187065973,190.25102709756237
15.19653290821458,16691.282769097223,120.6706302192778
15.198992634425034,16661.57253689236,205.88034936971823
15.19899288918822,16590.117757161457,112.96823858725986
15.201452615398674,16552.369303385418,165.8332964933652
15.201452870161862,16548.045355902777,133.76352199645927
15.203912596372316,16633.38245985243,159.24081323123386
15.203912851135504,16681.961941189234,143.51941304498493
15.206372577345958,16650.974039713543,156.16347519270644
15.206372832109146,16781.430691189234,127.51835194724977
15.2088325583196,16613.155788845484,166.31594514159545
15.208832813082788,16646.636393229168,119.23767197498775
15.21129253929324,16604.2626953125,185.60169312465322
15.211292794056428,16737.190104166668,123.56956755136554
15.213752520266882,16619.425591362848,176.75112380033772
15.21375277503007,16882.193386501734,122.36244875506627
15.216212501240523,16657.849419487848,185.91763734786272
15.216212756003712,16811.451985677082,116.97368380550935
15.218672482214165,16624.96994357639,154.34900964218977
15.218672736977354,16723.598876953125,138.27740020754425
15.221132463187805,16695.794379340277,150.69322335781746
15.221132717950994,16915.322998046875,139.33111686832035
15.223592444161447,16658.627197265625,154.1952087796505
15.223592698924636,16964.11669921875,119.70774978413179
15.226052425135089,16603.4267578125,162.57150406391776
15.226052679898277,16734.888292100695,121.73051916247599
15.228512406108731,16664.529947916668,182.81027254913016
15.22851266087192,16830.250298394098,139.94328051947767
15.230972387082371,16804.254828559027,178.17373271802404
15.23097264184556,17015.70738389757,142.16358003372724
15.233432368056013,16762.771864149305,187.32230387430172
15.233432622819201,16883.671495225695,129.17224433493186
15.235892349029655,16667.610405815973,170.91812388042413
15.235892603792843,16692.344970703125,137.37633091811435
15.238352330003297,16697.233154296875,164.808111410365
15.238352584766485,16842.613959418402,143.01413541079555
15.240812310976938,16708.056586371527,162.01692485971412
15.240812565740125,16854.760308159723,127.11740199418047
15.243272291950579,16685.692816840277,161.57587612081335
15.243272546713767,16676.135904947918,134.80193736135075
15.24573227292422,16693.574381510418,178.07393835396374
15.245732527687409,16650.296875,161.5845816093191
15.248192253897862,16744.149603949652,173.97870543463864
15.24819250866105,16827.724419487848,137.90611473791
15.250652234871504,16784.7548828125,189.81374390858042
15.250652489634692,16807.435980902777,128.7822399537761
15.253112215845144,16693.207329644098,166.66726829712374
15.253112470608333,16602.337022569445,138.25659103597874
15.255572196818786,16710.343587239582,166.706902754372
15.255572451581974,16792.91379123264,153.73419123130165
15.258032177792428,16775.544053819445,159.50916583745618
15.258032432555616,16879.569037543402,129.58576219805096
15.26049215876607,16768.45681423611,157.97503284762666
15.260492413529258,16799.431613498266,123.39555214636925
15.26295213973971,16753.87033420139,184.51326300771933
15.262952394502898,16773.144585503473,136.21843251647084
15.265412120713352,16801.722059461805,182.34221222908542
15.26541237547654,16913.555338541668,145.97637676106427
15.267872101686994,16856.400499131945,196.25510693734518
15.267872356450182,16977.12966579861,135.57150561750026
15.270332082660635,16769.420328776043,173.9743869958909
15.270332337423824,16808.712158203125,135.7823826594921
15.272792063634277,16849.99484592014,168.08525839681738
15.272792318397464,16972.547932942707,140.55357884838133
15.275252044607917,16920.260308159723,161.5388385730033
15.275252299371106,16964.928412543402,120.35951006511002
15.27771202558156,16870.279351128473,165.51892382964647
15.277712280344748,16763.122477213543,116.05083346041823
15.280172006555201,16840.355495876734,193.7112205919149
15.28017226131839,16759.884033203125,145.71022728292255
15.282631987528843,16889.063802083332,195.55613651296676
15.282632242292031,16963.169406467016,141.8122641285287
15.285091968502483,16908.182183159723,207.9884334370783
15.285092223265671,16939.918646918402,120.26096770311163
15.287551949476125,16835.688069661457,172.635567448805
15.287552204239313,16737.298312717016,113.11824803256941
15.290011930449767,16935.080403645832,163.45710492961518
15.290012185212955,16796.36404079861,124.25147872342629
15.292471911423409,16995.66427951389,162.16362121901025
15.292472166186597,16962.159695095484,124.24751786925711
15.294931892397049,16929.912407769098,173.70310719366995
15.294932147160237,16947.089111328125,110.82453200952321
15.29739187337069,16862.082085503473,199.62829044403134
15.297392128133879,16810.906629774305,139.74478785924705
15.299851854344332,16942.876274956598,208.8381900684828
15.29985210910752,17152.171278211805,122.06243123049418
15.302311835317974,16950.375108506945,199.21226411807044
15.302312090081163,17314.53271484375,119.3601010051615
15.304771816291614,16885.3828125,173.91252012350435
15.304772071054803,16950.150933159723,123.12508483859236
15.307231797265256,16934.046983506945,163.6299725388021
15.307232052028445,17219.848605685766,129.83673352411873
15.309691778238898,16911.959771050348,165.45710429762022
15.309692033002086,17716.63644748264,131.6149013445485
15.31215175921254,16871.305474175348,177.79345178600673
15.312152013975728,17243.822319878473,122.46695368548491
15.314611740186182,16913.292995876734,196.1817758750813
15.314611994949368,16695.298095703125,118.10167499988627
15.317071721159822,16906.996500651043,198.4214976345853
15.31707197592301,17244.645914713543,128.75915595752448
15.319531702133464,16925.25363498264,187.65681818521207
15.319531956896652,17517.502902560766,132.12212094405504
15.321991683107106,16867.90123155382,165.1895575326285
15.324451664080748,17025.255886501734,155.03868221134252
15.326911645054388,17078.187038845484,153.3921229484545
15.32937162602803,17027.60622829861,170.62503112797685
15.331831607001671,16939.269992404516,190.42351214129593
15.334291587975313,16999.793836805555,184.26140993137224
15.336751568948953,17081.42068142361,191.99350595133055
15.339211549922595,16970.456108940973,166.457141473167
15.341671530896237,16977.538194444445,163.67339443293912
15.344131511869879,17073.260009765625,161.97799544173375
15.346591492843519,17035.553331163195,164.13500794460663
15.34905147381716,17017.30007595486,195.75274142656207
15.351511454790803,17044.037977430555,182.4702353200427
15.353971435764445,17214.480577256945,200.57262716422375
15.356431416738086,17057.883599175348,169.43793340125455
15.358891397711727,17120.02552625868,173.99799385327873
15.361351378685368,17144.0732421875,172.6005662154855
15.36381135965901,17160.576416015625,170.47730094515342
15.366271340632652,17214.719319661457,185.7261164251298
15.368731321606292,17129.955457899305,189.77351508302607
15.371191302579934,17300.13001844618,211.70070942073892
15.373651283553576,17138.888997395832,190.44867820533295
15.376111264527218,17150.810736762152,187.9481017762278
15.378571245500858,17240.554578993055,174.04907263883302
15.3810312264745,17182.405164930555,166.00516885146007
15.383491207448142,17158.220730251734,182.29838270097787
15.385951188421783,17101.171766493055,182.81603153213354
15.388411169395425,17301.836534288195,213.33170419643267
15.390871150369065,17208.424750434027,189.40701876758695
15.393331131342707,17122.432725694445,178.193728229548
15.39579111231635,17189.953776041668,158.3822955544982
15.398251093289991,17212.09388563368,154.66013201511504
15.400711074263631,17183.063368055555,169.20415252026874
15.403171055237273,17132.825385199652,172.58984424520816
15.405631036210915,17295.506754557293,203.86324542004598
15.408091017184557,17173.045491536457,185.50881442467553
15.410550998158197,17159.157470703125,183.00619455821916
15.413010979131839,17227.328070746527,163.11350254286108
15.41547096010548,17303.921956380207,157.70158501173105
15.417930941079122,17311.174424913195,170.77935225475022
15.420390922052762,17230.818549262152,180.4387159187214
15.422850903026404,17404.704291449652,208.25238239476866
15.425310884000046,17366.118679470484,206.78604093010816
15.427770864973688,17378.262776692707,207.30545642658672
15.43023084594733,17380.788194444445,175.76272353263184
15.43269082692097,17412.361246744793,168.44400277883759
15.435150807894612,17398.997395833332,173.2313731653738
15.437610788868254,17330.384358723957,182.53164130557838
15.440070769841896,17487.150797526043,209.84631602031618
15.442530750815536,17476.10337999132,211.53380465885576
15.444990731789177,17474.25550672743,228.0530804893838
15.44745071276282,17427.31214735243,188.72905577449654
15.449910693736461,17498.910237630207,184.2482133133031
15.452370674710101,17538.689127604168,180.58985297221182
15.454830655683743,17489.78138563368,183.05424440559037
15.457290636657385,17496.179578993055,198.85172881345275
15.459750617631027,17605.100965711805,204.28295066845533
15.462210598604669,17624.758544921875,232.83931387405025
15.464670579578309,17609.502414279516,187.3473273797279
15.46713056055195,17678.450927734375,182.3742576391788
15.469590541525593,17680.063449435766,171.60767309153718
15.472050522499234,17690.019694010418,173.87155992718203
15.474510503472874,17693.53390842014,177.2515345662819
15.476970484446516,17676.534695095484,177.5185406423839
15.479430465420158,17652.41943359375,203.26913425409313
15.4818904463938,17674.998616536457,194.83686265750183
15.48435042736744,17837.946885850695,191.1982824692055
15.486810408341082,17854.36265733507,174.1841115966729
15.489270389314724,17805.909586588543,171.9471634425887
15.491730370288366,17842.156439887152,169.6165292348402
15.494190351262006,17955.096218532984,173.38496726525455
15.496650332235648,17984.579399956598,194.93565784051827
15.49911031320929,17960.541829427082,203.98519872343246
15.501570294182931,18205.750027126734,215.28215015351788
15.504030275156573,18275.154459635418,189.85742141777698
15.506490256130213,18415.98158094618,191.7772260777905
15.508950237103855,18472.3232421875,182.06878500357226
15.511410218077497,18701.41916232639,185.9673194723249
15.513870199051139,18771.197428385418,199.98087887289105
15.516330180024779,18788.138210720484,217.02763765056432
15.518790160998421,19045.66482204861,244.35786455803893
15.521250141972063,19192.034857855902,219.14943747506013
15.523710122945705,19478.692192925348,221.892382793241
15.526170103919345,19540.932779947918,198.8689410129761
15.528630084892987,19683.126274956598,198.39550485381872
15.531090065866628,19854.51882595486,203.2191909390792
15.53355004684027,20084.507134331598,217.33115162022358
15.53601002781391,20558.243815104168,260.68129055561036
15.538470008787552,21179.687961154516,254.8971001322303
15.540929989761194,22379.092176649305,284.79703375270793
15.543389970734836,23803.879231770832,257.27659956916443
15.545849951708478,26024.956081814234,269.40627941923435
15.548309932682118,28586.77468532986,274.36392163796876
15.55076991365576,31100.48366970486,300.3436355831863
15.553229894629402,32682.43212890625,356.06855504684677
15.555689875603044,32753.89724392361,364.4735907660796
15.558149856576684,31116.169053819445,376.15308707586496
15.560609837550325,27398.065321180555,280.3392839723204
15.563069818523967,23911.914360894098,240.3710777927836
15.56552979949761,21248.74134657118,198.66793140984976
15.56798978047125,19707.9892578125,185.68054224057508
15.570449761444891,18889.297119140625,189.61097790159528
15.572909742418533,18487.336398654516,190.62633816708748
15.575369723392175,18501.859429253473,208.2588129206207
15.577829704365817,18197.462727864582,199.2479119882219
15.580289685339457,18156.245144314234,209.4576721747688
15.582749666313099,18093.465277777777,175.87138571737805
15.58520964728674,18102.756239149305,180.7619574577023
15.587669628260382,18018.084988064234,177.81898079833275
15.590129609234022,17951.802354600695,184.16714235708122
15.592589590207664,18062.294976128473,199.6067419545396
15.595049571181306,17960.032796223957,203.45131554686432
15.597509552154948,18018.874837239582,229.75202775132317
15.599969533128588,17933.862114800348,202.80823036359362
15.60242951410223,18036.78466796875,202.3765801083966
15.604889495075872,17950.06032986111,187.76196945045868
15.607349476049514,17922.773681640625,189.2421621304034
15.609809457023154,18001.154703776043,194.0310849915165
15.612269437996796,17956.568522135418,190.3612157318643
15.614729418970438,17992.250081380207,224.1654028409297
15.61718939994408,17968.344129774305,219.97904542470997
15.619649380917721,18107.83482530382,227.30724600644803
15.622109361891361,18030.18478732639,201.70752659812447
15.624569342865003,17974.484402126734,202.0642321769984
15.627029323838645,18047.352457682293,191.27980381172725
15.629489304812287,18098.127278645832,183.3384552597174
15.631949285785927,18098.33224826389,196.6343192672358
15.634409266759569,17960.25550672743,200.62884791528765
15.63686924773321,18077.207194010418,223.11517078344556
15.639329228706853,18043.846110026043,210.067164776963
15.641789209680493,18011.91872829861,212.89362293904588
15.644249190654135,18018.460774739582,190.46575575385194
15.646709171627776,18151.090657552082,178.07472028167157
15.649169152601418,18157.999430338543,173.71605921056207
15.651629133575058,18011.323215060766,173.54145163249052
15.6540891145487,18136.137749565973,188.81325341962798
15.656549095522342,18122.420247395832,193.0858863864958
15.659009076495984,18110.9580078125,214.47799960590922
15.661469057469626,18011.499837239582,200.78184075685868
15.663929038443266,18130.582546657984,197.40044814425877
15.666389019416908,18209.11097547743,176.9019611740142
15.66884900039055,18154.333984375,172.78197791640278
15.671308981364191,18144.635769314234,177.37956908854687
15.673768962337832,18174.024739583332,181.94424633951738
15.676228943311473,18253.451090494793,204.52472327367764
15.678688924285115,18162.414143880207,214.78987113763168
15.681148905258757,18248.595675998266,227.72737546915016
15.683608886232397,18255.591986762152,198.00623521239464
15.686068867206039,18257.56076388889,195.78320595032233
15.688528848179681,18202.086235894098,184.12339193979886
15.690988829153323,18223.440456814234,188.66258144131808
15.693448810126965,18199.987223307293,198.47186429962252
15.695908791100605,18174.993950737848,207.0051860998577
15.698368772074247,18183.760687934027,233.8608311534159
15.700828753047888,18211.76247829861,225.38668786223602
15.70328873402153,18280.780110677082,223.63358163979373
15.70574871499517,18190.19650607639,198.40029701320438
15.708208695968812,18246.66965060764,195.33366190226982
15.710668676942454,18305.306477864582,189.37549847873265
15.713128657916096,18308.812934027777,197.6693667676774
15.715588638889736,18264.225884331598,210.06117971780014
15.718048619863378,18371.754448784723,217.4417617912748
15.72050860083702,18458.176432291668,231.25896998035964
15.722968581810662,18312.927408854168,211.56872945468425
15.725428562784302,18373.746283637152,224.6973307169983
15.727888543757944,18373.07017686632,198.9833034585336
15.730348524731586,18368.684678819445,201.70794741010147
15.732808505705227,18312.012179904516,193.24483318387226
15.73526848667887,18369.079182942707,195.41441434055702
15.73772846765251,18350.425103081598,195.01304894984196
15.740188448626151,18330.872368706598,190.54804420296375
15.742648429599793,18386.495632595484,222.82154115641825
15.745108410573435,18406.100965711805,217.74081328351818
15.747568391547075,18474.041015625,214.66584712346324
15.750028372520717,18417.76318359375,191.27077983729924
15.752488353494359,18391.947509765625,195.7425654022605
15.754948334468,18374.05601671007,178.15601579769708
15.75740831544164,18442.532307942707,174.51541470588637
15.759868296415283,18468.212320963543,182.46397933865063
15.762328277388924,18399.905598958332,186.65361648963423
15.764788258362566,18480.938774956598,225.5738240950397
15.767248239336208,18400.596137152777,212.75482988729559
15.769708220309848,18514.508680555555,225.0378938662617
15.77216820128349,18460.098388671875,196.51412247365437
15.774628182257132,18602.435736762152,190.9624132873077
15.777088163230774,18537.184000651043,176.6852672446541
15.779548144204414,18509.615478515625,180.16791257679532
15.782008125178056,18617.03187391493,201.62363112884046
15.784468106151698,18635.222493489582,205.60505877879982
15.78692808712534,18671.36656358507,244.89267289861144
15.78938806809898,18502.126790364582,232.48894385542096
15.791848049072621,18736.223334418402,235.41862491872197
15.794308030046263,18660.48548719618,203.13322376167966
15.796768011019905,18678.238118489582,197.2256058991528
15.799227991993545,18714.040228949652,190.1206473064013
15.801687972967187,18720.590901692707,193.9570502416172
15.804147953940829,18744.760172526043,216.26572390479703
15.80660793491447,18609.523871527777,219.38959005007356
15.809067915888113,18661.61593967014,252.0599526849688
15.811527896861753,18717.214301215277,233.08332204695748
15.813987877835395,18781.493191189234,233.64367994532913
15.816447858809036,18592.947157118055,204.33154956220483
15.818907839782678,18635.737196180555,205.87312367000408
15.821367820756318,18703.985921223957,200.90036631245977
15.82382780172996,18665.980577256945,202.49921113144117
15.826287782703602,18715.47021484375,212.8190267848908
15.828747763677244,18621.250162760418,213.88910098897523
15.831207744650884,18726.178304036457,232.23584481171022
15.833667725624526,18592.41134982639,223.09221263537154
15.836127706598168,18594.948649088543,237.28335095883313
15.83858768757181,18710.24831814236,216.49836939021534
15.84104766854545,18620.166937934027,213.61175926214398
15.843507649519092,18622.220648871527,208.4059084378912
15.845967630492733,18665.541124131945,205.47400394880137
15.848427611466375,18783.079264322918,201.1585276561385
15.850887592440017,18753.32638888889,188.40881182507343
15.853347573413657,18732.94552951389,214.6525550376889
15.8558075543873,18766.826850043402,212.06563807473322
15.858267535360941,18831.482530381945,238.58725176741456
15.860727516334583,18733.740288628473,218.2593177672205
15.863187497308223,18779.53390842014,225.41513129756467
15.865647478281865,18928.717854817707,204.09074401880758
15.868107459255507,18858.427734375,194.49703365340153
15.870567440229149,18870.083062065973,186.4928772149396
15.873027421202789,18888.2587890625,178.54982751911754
15.87548740217643,19024.037679036457,199.23108038523296
15.877947383150072,18953.373101128473,202.5358416042409
15.880407364123714,18963.845703125,229.28500289692872
15.882867345097356,19149.437255859375,232.5277621196478
15.885327326070996,19162.82009548611,230.08781089306984
15.887787307044638,19146.878716362848,197.56533767864772
15.89024728801828,19114.070366753473,191.50330795390644
15.892707268991922,19129.137179904516,182.18107199867396
15.895167249965562,19174.88210720486,184.30348820703634
15.897627230939204,19157.451361762152,199.83026936888726
15.900087211912846,19080.20912000868,211.06599869912333
15.902547192886487,18981.791476779516,235.7524522816309
15.905007173860128,18996.501871744793,234.07288240039463
15.90746715483377,19049.707492404516,244.17355883013425
15.909927135807411,18969.731418185766,210.9954750690331
15.912387116781053,19027.24245876736,204.8126498032781
15.914847097754693,19075.104926215277,191.6680761992549
15.917307078728335,19144.795844184027,204.28732884539517
15.919767059701977,18932.870768229168,227.61390954953816
15.922227040675619,18625.664713541668,258.69366097192136
15.92468702164926,18621.929850260418,273.6631083960884
15.9271470026229,18570.670030381945,283.2328817197252
15.929606983596543,18647.68128797743,322.7395687220164
15.932066964570184,18932.437337239582,268.7309426217468
15.934526945543826,19238.19788953993,251.47221064727364
15.936986926517466,19126.955946180555,206.65479036133303
15.939446907491108,19120.78439670139,200.54848916935677
15.94190688846475,19184.161078559027,197.48905801679652
15.944366869438392,19232.86390516493,200.8974432927499
15.946826850412032,19044.54931640625,197.19465531563068
15.949286831385674,19085.644938151043,198.27780975211883
15.951746812359316,19226.759331597223,210.46328024851542
15.954206793332958,19079.957573784723,214.55365373223046
15.956666774306598,19111.802490234375,222.52685358942887
15.95912675528024,19106.829481336805,214.59114547568618
15.961586736253881,19310.6923828125,215.62462261017532
15.964046717227523,19087.993543836805,201.5878326058632
15.966506698201165,19088.316460503473,207.38059367790405
15.968966679174805,19103.85378689236,205.0339535308294
15.971426660148447,19142.377522786457,198.94584690703917
15.973886641122089,19190.142550998266,211.11045844418908
15.97634662209573,19092.082275390625,214.03275401762326
15.978806603069371,19141.67062717014,245.5024960423762
15.981266584043013,19055.029378255207,237.93006432439364
15.983726565016655,19134.898518880207,252.17433536511558
15.986186545990297,19065.38720703125,225.20250338910301
15.988646526963937,19180.521674262152,216.0568237105491
15.991106507937578,19136.398410373266,185.3117114551318
15.99356648891122,19139.72976345486,182.28546501457595
15.996026469884862,19160.62367078993,189.30475566803668
15.998486450858504,19171.737684461805,191.50787734237122
16.000946431832144,19257.495171440973,215.49485094975677
16.003406412805788,19152.686767578125,219.46843592520221
16.005866393779428,19277.998779296875,248.12317448488687
16.008326374753068,19210.555962456598,223.9462022372929
16.01078635572671,19257.742106119793,224.75970931271482
16.01324633670035,19131.118136935766,197.70902208904013
16.015706317673992,19234.693440755207,197.1655472998641
16.018166298647635,19294.115532769098,191.0141969965401
16.020626279621276,19232.80978732639,192.97167738180696
16.02308626059492,19225.744032118055,209.20684023852385
16.02554624156856,19265.35142686632,210.46896933024274
16.0280062225422,19456.578776041668,226.0216968760084
16.030466203515843,19226.999891493055,208.1648456277589
16.032926184489483,19393.78195529514,243.20710074573378
16.035386165463127,19344.997124565973,216.42460145750152
16.037846146436767,19458.581651475695,215.98583620410247
16.040306127410407,19414.95689561632,195.9537094285857
16.04276610838405,19438.804660373266,206.24787261859623
16.04522608935769,19461.121175130207,206.08306389649815
16.04768607033133,19483.817464192707,201.10878203272176
16.050146051304974,19461.689019097223,209.91273125043253
16.052606032278614,19470.771999782984,209.07907728458338
16.055066013252258,19526.102918836805,222.9300964618784
16.057525994225898,19389.23939344618,219.81535823380182
16.059985975199538,19456.530463324652,238.23282871411524
16.062445956173182,19424.147352430555,228.4479092119628
16.064905937146822,19472.540581597223,231.5501442464759
16.067365918120462,19508.97962782118,211.3355343831182
16.069825899094106,19449.52804904514,208.8898562224705
16.072285880067746,19501.23828125,208.12433012024343
16.07474586104139,19491.58175998264,202.042336638349
16.07720584201503,19450.419026692707,206.82618950333338
16.07966582298867,19454.185031467016,202.48541634439803
16.082125803962313,19545.106770833332,228.809436175518
16.084585784935953,19553.654486762152,236.56115409133676
16.087045765909597,19489.26255967882,254.2185931198119
16.089505746883237,19451.076497395832,247.0839294255926
16.091965727856877,19485.729383680555,253.3454733538443
16.09442570883052,19588.431098090277,229.4147861577342
16.09688568980416,19525.234971788195,220.93015808420836
16.0993456707778,19488.477294921875,215.8516106625552
16.101805651751445,19554.554361979168,217.1675408708306
16.104265632725085,19576.228054470484,216.23949667415033
16.10672561369873,19495.86328125,212.3952710879035
16.10918559467237,19490.909342447918,237.2181950519898
16.11164557564601,19589.654134114582,253.20721559547977
16.114105556619652,19641.503390842016,269.82698981571895
16.116565537593292,19527.653618706598,262.2262811365044
16.119025518566936,19545.510091145832,260.1375666320067
16.121485499540576,19620.788058810766,240.74501745494788
16.123945480514216,19655.939046223957,230.99208873976167
16.12640546148786,19553.112331814234,215.68064561315967
16.1288654424615,19593.196207682293,217.12325759319594
16.13132542343514,19655.31765407986,215.59170934969532
16.133785404408783,19637.033393012152,213.1450168918522
16.136245385382423,19509.409071180555,219.411621222592
16.138705366356067,19625.658528645832,233.99976135513688
16.141165347329707,19748.25607638889,253.1560607476581
16.143625328303347,19640.83865017361,242.1478614407316
16.14608530927699,19726.470675998266,252.83420998805664
16.14854529025063,19690.90744357639,228.86170700011317
16.151005271224275,19686.809271918402,228.4767028118309
16.153465252197915,19632.862467447918,201.86861255574067
16.155925233171555,19631.162434895832,206.24957380464778
16.1583852141452,19599.420654296875,201.5355348932783
16.16084519511884,19748.44154188368,205.45146441450711
16.16330517609248,19703.136149088543,205.4732062674774
16.165765157066122,19618.79652235243,205.31881299267172
16.168225138039762,19672.576687282984,219.5911254759014
16.170685119013406,19664.577690972223,217.0734400679416
16.173145099987046,19700.70773654514,238.03647470583647
16.175605080960686,19559.868218315973,232.3737998947082
16.17806506193433,19751.795708550348,247.93293155133304
16.18052504290797,19712.99867078993,210.8499930254158
16.18298502388161,19707.301025390625,203.987989508928
16.185445004855254,19633.14927842882,199.3868206255934
16.187904985828894,19687.027045355902,199.64124874969295
16.190364966802537,19707.772542317707,193.15991672692914
16.192824947776177,19748.741292317707,192.83349250597573
16.195284928749818,19624.002387152777,204.34980877778193
16.19774490972346,19675.791069878473,205.30122331071487
16.2002048906971,19867.719780815973,225.27987825410236
16.202664871670745,19717.298394097223,221.97321763309702
16.205124852644385,19768.755289713543,250.69901809243683
16.207584833618025,19733.787489149305,239.70038520193327
16.21004481459167,20021.356255425348,234.02085131568518
16.21250479556531,19844.481879340277,210.919986060929
16.21496477653895,19837.523600260418,209.21869661329046
16.217424757512592,19883.96310763889,197.97963564435412
16.219884738486233,19961.311116536457,194.67999008379408
16.222344719459876,19943.26513671875,193.42244138303528
16.224804700433516,19838.307156032984,191.77771189234613
16.227264681407156,20008.799262152777,206.80302567562902
16.2297246623808,20010.749538845484,208.9915870899857
16.23218464335444,19946.274522569445,228.5786632894426
16.234644624328084,19874.587890625,234.79630692243828
16.237104605301724,19983.302707248266,244.3820701357033
16.239564586275364,20022.808268229168,226.2171419693445
16.242024567249008,19945.970648871527,217.81379980910577
16.244484548222648,19895.86056857639,206.96634121826838
16.246944529196288,19961.219156901043,201.88323105256353
16.24940451016993,20071.53293185764,195.64056587588476
16.25186449114357,19937.544189453125,184.67304652167556
16.254324472117215,19905.41712782118,192.1153443718856
16.256784453090855,19940.629014756945,199.87178174300598
16.259244434064495,20083.81808810764,209.62952277364906
16.26170441503814,19886.324055989582,210.053706296222
16.26416439601178,19872.93980577257,233.3817939781045
16.266624376985423,19894.817355685766,230.89342223238674
16.269084357959063,20094.285698784723,232.38125272308997
16.271544338932703,19918.39816623264,217.10183913768248
16.274004319906346,19893.491617838543,219.9540241252885
16.276464300879987,20023.311957465277,207.73589384714154
16.278924281853627,20070.35169813368,203.41953210185721
16.28138426282727,20033.155300564234,198.65729149269484
16.28384424380091,19972.394422743055,204.72116786521778
16.286304224774554,20137.242485894098,208.08987185048903
16.288764205748194,20255.706461588543,201.9576507249593
16.291224186721834,20142.68722873264,209.94639620857112
16.293684167695478,20082.93728298611,211.26190871921062
16.296144148669118,20235.176079644098,229.56472215208606
16.298604129642758,20258.250922309027,225.69951782236197
16.3010641106164,20185.328911675348,243.53716300691758
16.30352409159004,20156.217583550348,234.70371094875378
16.305984072563685,20371.49085828993,252.79405924718864
16.308444053537325,20319.47634548611,223.3728824667552
16.310904034510965,20248.621473524305,225.09530149822578
16.31336401548461,20205.810845269098,220.1447693981372
16.31582399645825,20326.97300889757,212.92487730666963
16.318283977431893,20361.203152126734,197.28266990076656
16.320743958405533,20243.730387369793,198.30896601216716
16.323203939379173,20180.611355251734,207.1527709701551
16.325663920352817,20346.434895833332,213.04090188284033
16.328123901326457,20364.371961805555,224.43554250446604
16.330583882300097,20256.67236328125,223.7460971329066
16.33304386327374,20205.954128689234,254.19214144068752
16.33550384424738,20328.434651692707,258.25952228899735
16.337963825221024,20415.058051215277,261.6078794303745
16.340423806194664,20242.305067274305,235.15494961549615
16.342883787168304,20182.193793402777,244.8340071480357
16.345343768141948,20370.296278211805,223.58753014786367
16.347803749115588,20493.90638563368,213.70301653231982
16.35026373008923,20310.109917534723,198.59629611514384
16.352723711062872,20288.978461371527,209.39011033192685
16.355183692036512,20388.835205078125,213.94902522201124
16.357643673010156,20465.868706597223,215.88921835278828
16.360103653983796,20361.835503472223,222.0353093193454
16.362563634957436,20272.033175998266,235.25711266023254
16.36502361593108,20450.880262586805,256.7517762083359
16.36748359690472,20530.576958550348,246.16080422396996
16.369943577878363,20452.680284288195,250.5052817397192
16.372403558852003,20323.19015842014,252.1360532722026
16.374863539825643,20528.658935546875,258.17990117597617
16.377323520799287,20527.402235243055,230.2916440667867
16.379783501772927,20500.792643229168,229.87539820468297
16.38224348274657,20431.114583333332,225.1236174667774
16.38470346372021,20546.606825086805,234.20484478370946
16.38716344469385,20612.897650824652,222.36756215844753
16.389623425667494,20588.145806206598,225.45948322379837
16.392083406641135,20457.484212239582,228.291386766896
16.394543387614775,20599.881239149305,234.98244980973226
16.39700336858842,20800.294406467016,230.7317326356839
16.39946334956206,20649.37095811632,220.36613565231073
16.401923330535702,20545.967312282984,235.44642427738515
16.404383311509342,20667.272867838543,237.2842507362786
16.406843292482982,20839.308675130207,256.0740313043611
16.409303273456626,20642.284993489582,245.62566227589716
16.411763254430266,20617.973659939234,267.8495051857574
16.414223235403906,20673.232123480902,258.42186747124344
16.41668321637755,20872.744439019098,253.1345511279393
16.41914319735119,20789.33949110243,229.29649064805744
16.421603178324833,20643.4345703125,238.678690305732
16.424063159298473,20724.139973958332,230.93754371479235
16.426523140272113,20847.434678819445,214.1383999764307
16.428983121245757,20798.21511501736,203.62586879846265
16.431443102219397,20650.158664279516,205.91155769567325
16.43390308319304,20721.354031032984,220.5575078271892
16.43636306416668,20855.903618706598,218.51072886274318
16.43882304514032,20884.50075954861,227.9268418463381
16.441283026113965,20641.676567925348,235.28972191801984
16.443743007087605,20711.746473524305,268.8532557995441
16.446202988061245,20876.725531684027,268.26557527552575
16.44866296903489,20866.511691623266,267.73476522608945
16.45112295000853,20602.218560112848,255.94714470635978
16.453582930982172,20684.530571831598,265.2063306254164
16.456042911955812,20820.470133463543,235.43842232803803
16.458502892929452,20773.636420355902,225.28348342780407
16.460962873903096,20630.275227864582,211.77978241840233
16.463422854876736,20667.536593967016,223.25291236278872
16.46588283585038,20843.301920572918,216.4102179375807
16.46834281682402,20868.581868489582,214.00609827892163
16.47080279779766,20646.88587782118,221.6504637046064
16.473262778771304,20632.984944661457,238.28516068626917
16.475722759744944,20890.677056206598,246.9861436233168
16.478182740718584,20939.655707465277,226.24124629295153
16.480642721692227,20726.671820746527,238.24978068297955
16.483102702665867,20641.816324869793,242.22499590781223
16.48556268363951,20921.843939887152,264.5552221593123
16.48802266461315,20947.609700520832,240.584044003634
16.49048264558679,20765.971842447918,252.30649124080477
16.492942626560435,20621.685438368055,245.81181710158188
16.495402607534075,20840.88427734375,256.02917040990224
16.49786258850772,20957.286702473957,227.43508330246695
16.50032256948136,20851.520399305555,231.3796812371909
16.502782550455,20638.285725911457,235.3617692827122
16.505242531428642,20868.77224392361,243.00408656717335
16.507702512402282,20935.793538411457,218.883179146421
16.510162493375923,20749.097357855902,210.39361057347654
16.512622474349566,20632.484537760418,212.9275609387371
16.515082455323206,20806.979248046875,213.97696846487977
16.51754243629685,20926.318250868055,211.82746283090188
16.52000241727049,20746.670735677082,200.82043697356488
16.52246239824413,20643.983723958332,222.3078815115833
16.524922379217774,20767.19607204861,234.45383203266863
16.527382360191414,20908.725179036457,248.27294360197638
16.529842341165054,20777.544677734375,234.28853421302887
16.532302322138698,20627.912407769098,264.3948911141355
16.534762303112338,20652.163547092016,265.267010290701
16.53722228408598,20934.617133246527,266.57746492430846
16.53968226505962,20840.14382595486,232.44686387168852
16.54214224603326,20633.34646267361,241.26873128045332
16.544602227006905,20684.029052734375,235.73844541627233
16.547062207980545,20884.44357638889,224.32753736995724
16.54952218895419,20871.368543836805,204.83159410109388
16.55198216992783,20683.523383246527,207.58472796333166
16.55444215090147,20731.750379774305,215.77085637601036
16.556902131875113,20867.96652560764,218.3918706873681
16.559362112848753,20879.889811197918,213.12025552785286
16.561822093822393,20719.543402777777,215.73511237204028
16.564282074796036,20720.746690538195,241.25581114578904
16.566742055769677,20914.283230251734,243.90009747418486
16.56920203674332,20953.701171875,239.57821789629102
16.57166201771696,20793.807535807293,233.41857207613361
16.5741219986906,20701.22203233507,266.6432843512318
16.576581979664244,20942.647026909723,260.50408322779083
16.579041960637884,21129.722140842016,257.39153652059395
16.581501941611528,20886.567491319445,230.96358535815625
16.583961922585168,20784.557644314234,252.27543389023546
16.586421903558808,20966.940728081598,246.24029534722783
16.58888188453245,21071.495035807293,234.06796867465542
16.59134186550609,20918.26681857639,209.80213577285855
16.59380184647973,20777.49009874132,232.3044352458131
16.596261827453375,20972.59632703993,229.3679239752789
16.598721808427015,21185.145426432293,222.69798972056753
16.60118178940066,21037.459526909723,206.19008439970082
16.6036417703743,20794.83132595486,214.86988474921924
16.60610175134794,20958.799723307293,224.73534764647778
16.608561732321583,21225.170464409723,215.30696579340665
16.611021713295223,20985.229682074652,205.35063667281824
16.613481694268867,20724.253336588543,206.06325763524038
16.615941675242507,20864.236626519098,228.4563129369054
16.618401656216147,21114.009657118055,229.63653058756822
16.62086163718979,21066.4951171875,227.55547990064397
16.62332161816343,20914.192192925348,230.7533582586385
16.62578159913707,20827.423936631945,267.74273364865667
16.628241580110714,21079.32421875,264.8574230684379
16.630701561084354,21120.89822048611,255.65186981819457
16.633161542057998,20839.065673828125,238.67347396202877
16.635621523031638,20814.50705295139,270.78381332044114
16.638081504005278,21001.788330078125,249.8197664488835
16.64054148497892,21087.50843641493,230.35658253905711
16.643001465952562,20855.69544813368,215.34491070769482
16.645461446926205,20792.77224392361,230.8848412893112
16.647921427899846,20974.044813368055,226.3236527148339
16.650381408873486,21130.328179253473,211.5632352950465
16.65284138984713,20924.501003689234,199.0340522274696
16.65530137082077,20796.312445746527,212.82886621344485
16.65776135179441,20876.68568250868,231.60519250434416
16.660221332768053,21132.280436197918,221.96962263072635
16.662681313741693,21017.957845052082,219.67878468399803
16.665141294715337,20811.878038194445,227.39699108143233
16.667601275688977,20973.78195529514,256.701051030394
16.670061256662617,21224.525906032984,239.40838799237812
16.67252123763626,21138.924723307293,238.45516550370104
16.6749812186099,20792.28927951389,229.10456219489103
16.67744119958354,20955.266981336805,262.9681291152546
16.679901180557184,21227.434326171875,253.36930956148626
16.682361161530824,21233.751274956598,248.38083293829274
16.684821142504468,21041.02978515625,239.44251626443986
16.687281123478108,21043.40269639757,259.3813009623429
16.68974110445175,21211.022352430555,246.86098142966003
16.692201085425392,21294.413384331598,230.4111265214812
16.694661066399032,21069.066650390625,216.7560889871762
16.697121047372676,20992.111355251734,237.02603380974028
16.699581028346316,21128.993353949652,233.9735142584805
16.702041009319956,21318.60915798611,215.42836066502375
16.7045009902936,21169.633626302082,205.76913309916063
16.70696097126724,20928.881320529516,221.05702277788515
16.70942095224088,21111.277913411457,231.79335234558553
16.711880933214523,21286.071858723957,209.30572557080495
16.714340914188163,21157.865152994793,200.22962704597575
16.716800895161807,20922.210991753473,208.06127163447601
16.719260876135447,21076.13454861111,225.82704038530338
16.721720857109087,21234.044243706598,213.26686537626662
16.72418083808273,21240.243489583332,214.0414492231519
16.72664081905637,20961.40443250868,210.67837744232176
16.729100800030015,21037.87722439236,243.8520718195156
16.731560781003655,21185.914171006945,233.52649322763594
16.734020761977295,21307.493353949652,230.45649481650975
16.73648074295094,20941.31165907118,233.0044524242243
16.73894072392458,20963.8896484375,263.7667852320048
16.74140070489822,21179.460422092016,268.81399424507026
16.743860685871862,21329.093370225695,250.61855680474886
16.746320666845502,21099.406928168402,235.1797122679162
16.748780647819146,20933.67369249132,266.21378433265653
16.751240628792786,21255.72523328993,260.77515871044153
16.753700609766426,21408.643717447918,236.984781814925
16.75616059074007,21266.64000108507,220.80139229099586
16.75862057171371,21122.316433376734,234.85929465348818
16.761080552687353,21245.087076822918,240.51841609265176
16.763540533660994,21218.342447916668,211.08585580953167
16.766000514634634,21176.92165798611,183.90163560487687
16.768460495608277,21113.85427517361,207.8988375035322
16.770920476581917,21232.676513671875,225.32829223696527
16.773380457555557,21394.938585069445,217.03427162582767
16.7758404385292,21407.684516059027,196.00093891648507
16.77830041950284,21150.20046657986,202.37442040952126
16.780760400476485,21041.314615885418,221.83330814659485
16.783220381450125,21362.037896050348,225.9872859476083
16.785680362423765,21500.72900390625,203.71607496740612
16.78814034339741,21210.482720269098,200.32259156953836
16.79060032437105,21028.97447374132,231.58754624656476
16.79306030534469,21263.25865342882,239.78716275522288
16.795520286318332,21455.746012369793,218.43877681140935
16.797980267291972,21275.4892578125,206.22394649114574
16.800440248265616,20993.722276475695,234.66744977855217
16.802900229239256,21237.006022135418,247.4319177505553
16.805360210212896,21449.105007595484,238.90953159316004
16.80782019118654,21340.387261284723,217.7552008028222
16.81028017216018,21065.456136067707,239.30677119107395
16.812740153133824,21127.239203559027,258.8636591749671
16.815200134107464,21434.336507161457,257.4117614575031
16.817660115081104,21402.082546657984,221.67814616217348
16.820120096054747,21172.58482530382,238.47749148133624
16.822580077028388,21092.115532769098,248.6877279245181
16.825040058002028,21405.662027994793,256.8104032451534
16.82750003897567,21451.131239149305,218.46028025675818
16.82996001994931,21205.864095052082,229.29026878783702
16.832420000922955,20997.63037109375,238.2372820852968
16.834879981896595,21366.51779513889,254.11286635623264
16.837339962870235,21445.984483506945,215.31304848614337
16.83979994384388,21384.078531901043,210.76508586062616
16.84225992481752,21144.31187608507,221.81291036213142
16.844719905791163,21348.984971788195,238.48794269535495
16.847179886764803,21551.885769314234,215.81850354500222
16.849639867738443,21484.736355251734,201.98971578361852
16.852099848712086,21235.983506944445,208.65892937537814
16.854559829685726,21323.127143012152,228.04674075213893
16.857019810659366,21540.61843532986,225.4505819114813
16.85947979163301,21571.734429253473,201.54753800870935
16.86193977260665,21396.096652560766,207.05297633899121
16.864399753580294,21219.205973307293,220.7437929925473
16.866859734553934,21495.276963975695,240.00561365329125
16.869319715527574,21583.65798611111,215.42296714653662
16.871779696501218,21515.92711046007,222.35493864616868
16.874239677474858,21227.18771701389,232.94897103906314
16.8766996584485,21526.802327473957,273.0534036398159
16.87915963942214,21711.760362413195,238.298829723774
16.88161962039578,21591.958089192707,233.09992109963719
16.884079601369425,21287.10435655382,240.2427805018484
16.886539582343065,21376.806396484375,288.55412108232616
16.888999563316705,21659.862494574652,250.35371913086675
16.89145954429035,21727.701470269098,234.88242819090686
16.89391952526399,21305.261664496527,231.06583751795654
16.896379506237633,21375.809651692707,275.209093049178
16.898839487211273,21596.697455512152,254.35840614174717
16.901299468184913,21698.942003038195,242.9204438032538
16.903759449158557,21406.307291666668,217.29760932746953
16.906219430132197,21335.741726345484,249.402439470536
16.908679411105837,21542.892876519098,248.9475448695986
16.91113939207948,21638.087429470484,229.60608121419608
16.91359937305312,21528.778510199652,216.7524542208063
16.916059354026764,21343.625515407984,235.64637241876787
16.918519335000404,21448.520453559027,250.08665873955275
16.920979315974044,21585.43874782986,232.5726724021347
16.923439296947688,21588.448838975695,212.61514570201405
16.925899277921328,21324.213270399305,224.19540321254667
16.92835925889497,21353.07972547743,247.61025806750905
16.93081923986861,21584.534966362848,237.7105827772635
16.933279220842252,21737.629069010418,215.9510737776806
16.935739201815895,21400.946180555555,211.07047693096052
16.938199182789536,21327.885308159723,235.56837805943255
16.940659163763176,21510.72105577257,230.56028578580484
16.94311914473682,21797.987331814234,211.27371751235583
16.94557912571046,21624.347086588543,199.5605747226885
16.948039106684103,21438.27259657118,217.28806064598683
16.950499087657743,21534.56263563368,221.01378707163445
16.952959068631383,21805.762315538195,212.8091018832646
16.955419049605027,21728.49636501736,195.84767512410022
16.957879030578667,21424.908637152777,205.8756729443571
16.96033901155231,21515.801025390625,225.71091301647803
16.96279899252595,21854.712293836805,233.3292200068099
16.96525897349959,21878.572808159723,204.40249325952726
16.967718954473234,21664.240315755207,215.07799693091664
16.970178935446874,21574.25621202257,239.07886541999167
16.972638916420514,21731.4248046875,253.09541865012727
16.975098897394158,22003.38755967882,233.18693576491802
16.977558878367798,21784.481336805555,219.58649462248687
16.980018859341442,21561.141031901043,237.768760005508
16.982478840315082,21782.00306532118,270.50778707703984
16.984938821288722,21918.10435655382,243.3238373632503
16.987398802262366,21634.02511935764,227.51187729794142
16.989858783236006,21516.74728732639,233.53601497333605
16.99231876420965,21505.557779947918,269.8886482158791
16.99477874518329,21873.797960069445,263.55028096391754
16.99723872615693,21883.038601345484,235.2899674783765
16.999698707130573,21534.678168402777,231.119162558849
17.002158688104213,21417.946614583332,261.76466092397317
17.004618669077853,21690.06857638889,258.6284082401113
17.007078650051497,21884.081488715277,235.8347161430572
17.009538631025137,21649.71316189236,218.91329977558
17.01199861199878,21452.334364149305,247.0646855113523
17.01445859297242,21559.99533420139,254.5736050416152
17.01691857394606,21901.608723958332,247.4705740513129
17.019378554919705,21772.193250868055,215.47793820889433
17.021838535893345,21566.392279730902,235.80748014515794
17.024298516866985,21571.266221788195,256.30112573006204
17.02675849784063,22122.502061631945,260.29588098556593
17.02921847881427,22469.19601779514,226.3698486025832
17.031678459787912,22644.633463541668,231.7343090088157
17.034138440761552,22678.51491970486,252.83333931743624
17.036598421735192,23012.91872829861,273.458577906611
17.039058402708836,23184.734809027777,236.3921720236268
17.041518383682476,22907.72488064236,220.91496115258752
17.04397836465612,22254.179497612848,226.13750042853675
17.04643834562976,22131.69509548611,257.1751329334896
17.0488983266034,22187.503743489582,223.53735808674472
17.051358307577043,22101.735541449652,202.3830850003575
17.053818288550683,21720.049479166668,205.8714332980161
17.056278269524324,21689.780680338543,232.34553600898963
17.058738250497967,21897.705050998266,221.36251831763911
17.061198231471607,22054.265190972223,205.40376004450547
17.06365821244525,21845.068956163195,195.88550316642875
17.06611819341889,21675.87136501736,217.93904955221424
17.06857817439253,21856.11306423611,227.21988121314172
17.071038155366175,22065.117919921875,215.13438999394583
17.073498136339815,21986.970052083332,197.22923781458374
17.07595811731346,21721.564046223957,206.63111140939907
17.0784180982871,21747.10275607639,229.22990613138384
17.08087807926074,21990.46706814236,223.9781847428462
17.083338060234382,22025.411566840277,207.96170961473987
17.085798041208022,21755.572211371527,204.5064220918355
17.088258022181662,21707.71839735243,233.3080000831986
17.090718003155306,21800.207004123266,240.36987707343042
17.093177984128946,22101.306884765625,224.6534131451857
17.09563796510259,21869.95054796007,209.1353382344621
17.09809794607623,21693.565999348957,231.0097796709418
17.10055792704987,21740.817274305555,244.63973326609326
17.103017908023514,22119.16078016493,239.07741953653215
17.105477888997154,21965.688178168402,210.8836205573813
17.107937869970797,21773.114935980902,222.69705858278056
17.110397850944437,21697.643256293402,241.5718368133548
17.112857831918078,22079.65980360243,249.43628457908386
17.11531781289172,22120.777045355902,217.31617405274693
17.11777779386536,21887.37464735243,215.30914199518594
17.120237774839,21554.416693793402,224.6070171805654
17.122697755812645,21523.831380208332,242.81677857036226
17.125157736786285,21850.844129774305,222.06878492241887
17.12761771775993,22045.249104817707,205.81309423165447
17.13007769873357,21822.163519965277,207.64966176653084
17.13253767970721,21806.204508463543,229.61420169676083
17.134997660680853,22063.55712890625,222.56746230792837
17.137457641654493,22110.453531901043,204.10556434275648
17.139917622628133,21874.27365451389,196.41998628087606
17.142377603601776,21798.699245876734,221.988064157798
17.144837584575416,22024.647298177082,231.36331329744957
17.14729756554906,22181.520833333332,212.8533261250924
17.1497575465227,22090.513671875,197.44987567567694
17.15221752749634,21860.59375,218.39944011571677
17.154677508469984,21943.428792317707,237.16889622010245
17.157137489443624,22171.379801432293,238.41744556951235
17.159597470417268,22251.197075737848,204.6448640999015
17.162057451390908,21910.874430338543,210.86619677364249
17.164517432364548,21855.900363498266,243.6027041947557
17.16697741333819,22069.929280598957,255.62009000137246
17.16943739431183,22332.408257378473,222.93166089158748
17.17189737528547,21999.0,216.49923646887075
17.174357356259115,21819.205891927082,235.90216952171207
17.176817337232755,21910.842447916668,264.9269948150245
17.1792773182064,22214.789957682293,245.44010474946978
17.18173729918004,22090.017116970484,221.79254659296564
17.18419728015368,21856.52170138889,237.06885122096858
17.186657261127323,21773.346272786457,260.2197680772818
17.189117242100963,22098.552191840277,264.3867068479101
17.191577223074606,22170.696967230902,227.61789681998232
17.194037204048247,22009.54136827257,226.09020146783445
17.196497185021887,21722.851264105902,249.86064607177767
17.19895716599553,21963.67849392361,258.2085911988492
17.20141714696917,22185.692328559027,244.56736205048867
17.20387712794281,22095.98074001736,213.55758419864873
17.206337108916454,21782.820827907984,229.3530953323815
17.208797089890094,21794.676595052082,241.62036978716327
17.211257070863738,22139.95144314236,238.71832709957613
17.213717051837378,22222.461263020832,217.3627551235243
17.216177032811018,21957.283013237848,217.95057748927766
17.21863701378466,21845.73130967882,231.99104602453306
17.2210969947583,22107.23095703125,254.95947637686592
17.223556975731945,22321.655924479168,232.20720774563057
17.226016956705585,22129.32394748264,215.34804702554715
17.228476937679226,21843.251274956598,216.46972134996025
17.23093691865287,22003.38058810764,251.47158184122262
17.23339689962651,22219.056966145832,243.26249215747148
17.23585688060015,22325.990668402777,224.74369288379805
17.238316861573793,22151.14236111111,210.2280530287009
17.240776842547433,22012.125949435766,237.09938126307648
17.243236823521077,22196.159830729168,241.00022114319628
17.245696804494717,22432.550862630207,225.40563344966716
17.248156785468357,22268.215087890625,202.36797854922412
17.250616766442,22131.924072265625,223.09291990558697
17.25307674741564,22086.304578993055,240.0985097216469
17.25553672838928,22402.35679796007,242.48006795567665
17.257996709362924,22337.477457682293,206.34494547246587
17.260456690336564,22167.50954861111,219.38841114524467
17.262916671310208,22013.681233723957,230.98316234589637
17.265376652283848,22280.41455078125,251.5339453576187
17.267836633257488,22409.92494032118,228.7658184320119
17.270296614231132,22319.899034288195,214.6894650787976
17.272756595204772,21979.66685655382,222.5491278222786
17.275216576178416,22024.15380859375,253.84213151263467
17.277676557152056,22309.323079427082,236.6766157859799
17.280136538125696,22405.147623697918,225.8019178603044
17.28259651909934,21978.046875,213.6547872412629
17.28505650007298,21975.749837239582,250.24949428577747
17.28751648104662,22135.071668836805,248.0155877948405
17.289976462020263,22376.172254774305,234.18407657327387
17.292436442993903,22179.585503472223,210.1811537221918
17.294896423967547,22041.59450954861,231.88533527581603
17.297356404941187,21968.812065972223,245.3782319729885
17.299816385914827,22244.78054470486,240.66366847196048
17.30227636688847,22302.3154296875,210.95104531914845
17.30473634786211,22144.896484375,216.97920348270785
17.307196328835754,21951.125,230.55586053872656
17.309656309809395,22226.3984375,248.70547517559987
17.312116290783035,22440.895670572918,221.285962331074
17.31457627175668,22320.36669921875,207.55179057707517
17.31703625273032,22073.696533203125,223.18840403439324
17.31949623370396,22261.944173177082,246.76956524268675
17.321956214677602,22489.835042317707,232.24009851801458
17.324416195651242,22532.545355902777,213.12077473760795
17.326876176624886,22222.246663411457,208.55779957603863
17.329336157598526,22209.82004123264,235.53835273150145
17.331796138572166,22444.327473958332,236.90544086090804
17.33425611954581,22570.178629557293,215.39039749805676
17.33671610051945,22389.596110026043,200.23947803716032
17.339176081493093,22209.161295572918,219.9555390741271
17.341636062466733,22275.47252061632,241.46246921708376
17.344096043440373,22508.37136501736,229.16603563611073
17.346556024414017,22571.888699001734,206.02496343491686
17.349016005387657,22270.55433485243,211.68883190745322
17.351475986361297,22185.005777994793,234.89069976195472
17.35393596733494,22392.07470703125,241.84890408168172
17.35639594830858,22545.448676215277,220.33059361958146
17.358855929282225,22406.57101779514,203.24203349595993
17.361315910255865,22174.619466145832,223.65462961234647
17.363775891229505,22249.611328125,241.53034464402407
17.36623587220315,22511.871527777777,229.51123343897206
17.36869585317679,22511.314019097223,206.2157903578711
17.371155834150432,22318.278266059027,213.69336629159724
17.373615815124072,22216.534342447918,232.55485730865968
17.376075796097712,22412.691569010418,243.15717328446266
17.378535777071356,22575.976942274305,217.5277029085018
17.380995758044996,22468.696668836805,209.70059130038203
17.383455739018636,22138.01877170139,220.1930279291438
17.38591571999228,22483.134819878473,254.3634753845166
17.38837570096592,22684.972113715277,236.22420298780432
17.390835681939564,22623.858235677082,217.22041095953116
17.393295662913204,22398.118489583332,207.2681739474101
17.395755643886844,22282.31570095486,243.1435384305964
17.398215624860487,22428.44984266493,242.57030340283114
17.400675605834127,22668.987141927082,233.09035550741427
17.403135586807768,22506.77880859375,219.70627776644625
17.40559556778141,22329.791314019098,232.13903811807043
17.40805554875505,22288.85462782118,259.9194801260412
17.410515529728695,22552.14857313368,259.2043058782492
17.412975510702335,22591.276394314234,222.06843869103184
17.415435491675975,22427.764811197918,234.67401433406138
17.41789547264962,22249.171630859375,250.15531090767442
17.4196184106609,19756.777994791668,211.17781429728825
17.42035545362326,22348.969807942707,269.76467894679774
17.422815434596902,22556.340494791668,247.59883754210227
17.425275415570542,22525.738172743055,233.67272338305287
17.42552236518092,19916.97705078125,213.08292361939948
17.427735396544183,22329.990288628473,235.02844589598936
17.430195377517826,22215.471435546875,267.186771482825
17.431426319700943,19829.84033203125,214.36164810461636
17.432655358491466,22429.118489583332,256.9485646003823
17.435115339465106,22567.597981770832,242.1668724716758
17.437330274220965,19774.940592447918,206.80221542611946
17.43757532043875,22367.664116753473,222.84046430415066
17.44003530141239,22303.317708333332,256.6570782810396
17.442495282386034,22376.329969618055,261.1012223651565
17.443234228740987,19582.721842447918,199.4078739032699
17.444955263359674,22604.685221354168,250.01523206695342
17.447415244333314,22554.85622829861,215.30965209663944
17.44913818326101,19792.588216145832,216.56205618420825
17.449875225306958,22386.85031467014,230.37550090858673
17.452335206280598,22303.87331814236,246.2382664467208
17.45479518725424,22525.18017578125,262.71298183993844
17.455042137781035,19831.345703125,209.55617929272495
17.45725516822788,22644.536783854168,228.05500246815163
17.45971514920152,22621.227430555555,224.04170935442792
17.460946092301057,19958.861979166668,219.25838433965725
17.462175130175165,22375.647623697918,223.56014725363417
17.464635111148805,22462.88148328993,243.424334810553
17.46685004682108,19827.189290364582,214.92490026823933
17.467095092122445,22714.508490668402,234.3503331839524
17.46955507309609,22798.179633246527,214.7051371845308
17.47201505406973,22521.365315755207,203.40399819603638
17.4727540013411,19900.995768229168,206.2581339873432
17.474475035043373,22409.712293836805,225.65442299973387
17.476935016017013,22591.66720920139,234.2336717401926
17.478657955861124,19831.109049479168,209.5020470962429
17.479394996990653,22757.629801432293,218.66196905225493
17.481854977964296,22616.47886827257,199.72189439730352
17.484314958937937,22363.843939887152,209.57974945022872
17.484561910381146,19832.17333984375,222.70247965898653
17.48677493991158,22314.528971354168,229.95291072953395
17.48923492088522,22515.139268663195,229.9229813804979
17.490465864901168,19836.220703125,213.09071655522771
17.49169490185886,22593.755425347223,207.61789178319387
17.494154882832504,22377.295735677082,199.01857654370679
17.49636981942119,19863.935221354168,218.04874855475933
17.496614863806144,22196.293050130207,221.20165352784286
17.499074844779784,22313.303548177082,231.3424400313926
17.501534825753428,22483.95334201389,225.99936875426042
17.502273773941212,19800.671875,209.3612498425518
17.503994806727068,22501.728895399305,205.50285403466995
17.50645478770071,22294.072916666668,214.55039682690185
17.508177728461234,19847.191569010418,204.8517238860885
17.50891476867435,22248.248101128473,237.06722791947823
17.51137474964799,22476.76882595486,250.90552450788337
17.513834730621635,22577.7041015625,227.51780975760312
17.514081682981256,19934.157552083332,207.0599168255348
17.516294711595275,22463.53537326389,229.54328087085685
17.518754692568915,22353.930284288195,235.16801779291995
17.51998563750128,19820.508138020832,213.85891492954894
17.52121467354256,22406.823052300348,269.05579908935147
17.5236746545162,22662.827582465277,262.59938205126224
17.5258895920213,19940.07470703125,205.77625069670162
17.526134635489843,22747.972493489582,246.01133246219595
17.528594616463483,22590.458875868055,232.39078122718507
17.531054597437123,22415.53298611111,265.23812634657963
17.531793546541323,19880.29345703125,205.37125359747208
17.533514578410767,22549.59912109375,273.05043656188457
17.535974559384407,22749.290445963543,260.74755870850555
17.537697501061345,19917.038411458332,195.2867424714285
17.53843454035805,22696.864067925348,233.83190699970427
17.54089452133169,22471.039740668402,241.2810213800982
17.54335450230533,22438.71457248264,253.0955498550549
17.543601455581367,19845.56787109375,193.00731542316163
17.545814483278974,22649.22878689236,265.8078062006448
17.548274464252614,22687.524468315973,232.26656944810762
17.549505410101393,19941.680989583332,198.68405891365586
17.550734445226254,22549.40869140625,228.07330109105723
17.553194426199898,22342.594563802082,228.76406368536107
17.555409364621415,19936.213704427082,195.28822210789895
17.555654407173538,22430.88232421875,244.7674108041015
17.55811438814718,22647.956000434027,231.50097663454355
17.560574369120822,22633.81863064236,215.61796686146812
17.561313319141437,20039.008626302082,203.27160384634212
17.563034350094462,22403.801215277777,206.13284910867387
17.565494331068106,22343.09445529514,224.08362528018233
17.56721727366146,19877.046223958332,199.8470767410545
17.567954312041746,22504.592719184027,226.03483119509403
17.57041429301539,22679.893174913195,214.0911347867851
17.57287427398903,22563.38650173611,198.6305723313601
17.57312122818148,20023.05859375,198.94479477247123
17.57533425496267,22456.673828125,209.4626426735305
17.577794235936313,22473.05978732639,229.62240220705255
17.579025182701503,19918.306966145832,207.54937906050907
17.580254216909953,22691.14767795139,226.67304715864975
17.582714197883593,22801.411729600695,210.29380182034149
17.584929137221526,20055.048014322918,212.54128264223567
17.585174178857237,22595.160888671875,205.10219390677076
17.587634159830877,22509.049831814234,232.56768931732975
17.59009414080452,22634.788519965277,239.98338936704417
17.590833091741548,19955.9638671875,202.36167544701524
17.59255412177816,22825.447102864582,233.84865287282545
17.5950141027518,22790.57058376736,214.91872699725124
17.59673704626157,20066.24169921875,213.92229214486298
17.597474083725444,22626.28146701389,233.11098956875273
17.599934064699085,22511.810492621527,244.1030160198278
17.602394045672728,22485.086751302082,252.98122962618066
17.602641000781592,19711.981770833332,196.62755961585054
17.60485402664637,22712.30615234375,226.2283903143942
17.60731400762001,22707.76584201389,227.9523690829735
17.608544955301614,19979.726725260418,200.42195600100197
17.609773988593652,22611.12255859375,235.2270473393849
17.612233969567292,22452.672471788195,268.21648694233374
17.614448909821636,19967.074869791668,212.49338607571488
17.614693950540932,22712.00857204861,249.05900677359298
17.617153931514576,22702.57275390625,231.11011189356935
17.619613912488216,22605.006022135418,222.84129378456072
17.62035286434166,19985.836100260418,214.04293366940988
17.62207389346186,22476.526692708332,247.78613580762953
17.6245338744355,22577.492133246527,242.25662127775536
17.62625681886168,19870.899576822918,204.68708702911835
17.62699385540914,22794.345323350695,227.98372229360177
17.629453836382783,22738.154242621527,208.08598960424007
17.631913817356423,22489.068739149305,218.1539367840507
17.632160773381703,19977.10205078125,217.68197749529526
17.634373798330063,22487.164035373266,236.03869980710664
17.636833779303707,22643.097629123266,239.92314602633752
17.638064727901725,19905.952473958332,210.95783965452307
17.639293760277347,22819.075764973957,224.95718119843247
17.64175374125099,22698.170871310766,216.59933115680766
17.643968682421747,19999.951985677082,214.7035459732178
17.64421372222463,22546.311414930555,238.55757084875867
17.64667370319827,22571.698160807293,253.50768340665692
17.649133684171915,22744.19894748264,239.64324911640725
17.649872636941772,19851.86474609375,210.3229651884145
17.651593665145555,22707.013780381945,211.23264694473656
17.6540536461192,22616.041178385418,223.40140887383643
17.655776591461795,19996.90380859375,215.44702659256382
17.65651362709284,22567.065863715277,241.0640497443604
17.65897360806648,22663.05886501736,257.8323591378423
17.661433589040122,22833.27658420139,237.69694939826377
17.661680545981817,19953.12255859375,212.06359659304826
17.663893570013762,22767.090928819445,233.2454262610248
17.666353550987402,22615.37961154514,223.033277750925
17.66758450050184,20005.824055989582,224.07785410083596
17.668813531961046,22611.414442274305,242.48416314170765
17.671273512934686,22748.36300998264,246.35789578333373
17.67348845502186,19965.579752604168,210.87026198659277
17.67373349390833,22925.447265625,246.97270931665147
17.67619347488197,22751.459092881945,227.9160482835001
17.67865345585561,22568.77517361111,260.86313041882755
17.679392409541883,19980.465983072918,210.99291029511892
17.681113436829254,22491.878445095484,254.52371641623762
17.683573417802894,22769.448974609375,254.04111660623468
17.685296364061905,19982.009602864582,211.91935685220236
17.686033398776537,22935.203287760418,232.2460058744424
17.688493379750177,22724.75998263889,230.7263397076936
17.690953360723817,22560.476047092016,237.05728140379674
17.691200318581927,20044.544596354168,222.1312664034165
17.69710427310195,19953.867838541668,210.18012524046677
17.70300822762197,19999.221842447918,222.63793364060817
17.708912182141994,19912.156901041668,211.88272787864108
17.714816136662016,19936.078938802082,207.71035316222338
17.720720091182038,19880.100260416668,221.77285966658826
17.72662404570206,19961.718587239582,218.16662448074834
17.732528000222082,19885.2587890625,212.7227801402976
17.738431954742104,19872.223307291668,220.8899777639302
17.74433590926213,19967.582194010418,213.6228126467448
17.750239863782152,19996.676106770832,207.34397695826513
17.756143818302174,19937.544596354168,217.572533971489
17.762047772822196,20067.431966145832,222.49119508548614
17.76795172734222,20003.19287109375,201.1283663168185
17.77385568186224,20031.890950520832,219.65579683764045
17.779759636382263,20083.8544921875,217.91636837891076
17.785663590902285,20051.779459635418,207.37591113509524
17.791567545422307,20136.11328125,213.72281017974578
17.79747149994233,20064.305501302082,219.5810547245303
17.80337545446235,20191.574055989582,203.63129528851297
17.809279408982373,20112.216145833332,214.46349824323607
17.815183363502396,20141.3955078125,210.2746183134355
17.821087318022418,20124.34814453125,201.05324691360332
17.82699127254244,20105.720540364582,205.4884914664557
17.832895227062462,20036.90283203125,209.94776220126826
17.838799181582484,20029.29296875,194.79826640683214
17.84470313610251,20070.7294921875,206.03033949288235
17.850607090622532,20005.28466796875,204.1788954043156
17.856511045142554,20041.205891927082,195.0994058666515
17.862414999662576,20001.085123697918,189.01517244387568
17.868318954182598,20093.610514322918,203.4162745252012
17.87422290870262,20084.73876953125,197.64017926913627
17.880126863222642,20238.412272135418,197.24833749970543
17.886030817742665,20313.842936197918,205.0357009984563
17.891934772262687,20309.508138020832,203.08204828321868
17.89783872678271,20273.763020833332,188.87710809891774
17.90374268130273,20180.228678385418,207.86246498132223
17.909646635822753,20113.531087239582,203.29807166160293
17.915550590342775,20183.370930989582,195.01577227759785
17.921454544862797,20200.24365234375,204.70892252534784
17.92735849938282,20370.228352864582,211.80722442297215
17.93326245390284,20378.138509114582,195.0846013398845
17.939166408422867,20427.353515625,215.11010140177024
17.94507036294289,20226.393391927082,208.65129595665147
17.95097431746291,20207.719075520832,207.30418352673962
17.956878271982934,19990.48046875,196.07479038334733
17.962782226502956,20076.957682291668,208.64571954516646
17.968686181022978,19996.93701171875,197.31907609285548
17.974590135543,20081.795084635418,201.7548993447564
17.980494090063022,20014.366861979168,202.39372243489765
17.986398044583044,20107.72119140625,214.47496927913244
17.992301999103066,19978.689290364582,194.53685717002406
17.99820595362309,20148.07958984375,212.51568025971142
18.00410990814311,20001.95556640625,204.1340128596826
18.010013862663133,20224.571940104168,210.46868180357686
18.015917817183155,20061.6767578125,206.1713243234941
18.021821771703177,20237.265950520832,221.3434163901226
18.0277257262232,20030.39306640625,203.8641965622209
18.03362968074322,20197.69384765625,214.01751139870643
18.039533635263247,20043.415364583332,214.49704913611998
18.04543758978327,20210.729817708332,217.74842371611888
18.05134154430329,20045.523600260418,202.0731924906869
18.057245498823313,20136.00537109375,213.41081400528728
18.063149453343335,19974.107421875,216.8025310315165
18.069053407863358,20150.976725260418,206.03063327702367
18.07495736238338,19954.556640625,207.11576922785602
18.080861316903402,20130.172200520832,220.4077312263926
18.086765271423424,19959.290364583332,205.90771509855705
18.092669225943446,20196.966471354168,207.77526194197532
18.098573180463468,20038.593912760418,208.1212564446014
18.10447713498349,20190.151041666668,215.7815011483123
18.110381089503512,20073.940592447918,203.7018089554437
18.116285044023535,20232.776204427082,210.26191761760936
18.122188998543557,20069.7724609375,214.08523242887534
18.12809295306358,20280.445475260418,207.76852691033926
18.133996907583604,20185.39697265625,203.28563910378136
18.139900862103627,20223.592936197918,216.00640769888352
18.14580481662365,20161.9287109375,215.01577653897516
18.15170877114367,20241.194986979168,202.41991935803446
18.157612725663693,20307.564127604168,212.1662934415312
18.163516680183715,20215.181966145832,209.1088602838283
18.169420634703737,20205.29150390625,205.08554370854185
18.17532458922376,20163.092610677082,198.47960807167183
18.18122854374378,20313.891764322918,216.54001372021727
18.187132498263804,20103.330729166668,202.27678607468965
18.193036452783826,20232.28076171875,206.35749435743548
18.198940407303848,20133.25732421875,196.65207109227072
18.20484436182387,20315.749837239582,214.38560622836934
18.210748316343892,20087.748209635418,191.5904280133979
18.216652270863914,20305.6669921875,196.87200601884305
18.222556225383936,20131.257486979168,191.699471512651
18.22846017990396,20031.954264322918,203.42982242020287
18.234364134423984,20187.32861328125,187.41469201892218
18.240268088944006,20400.412760416668,201.17797605037856
18.24617204346403,20242.81396484375,208.98785379802024
18.25207599798405,20502.54296875,202.61328184718127
18.257979952504073,20315.936360677082,192.1074820400884
18.263883907024095,20490.9892578125,202.5662556452313
18.269787861544117,20355.66357421875,210.16490520979886
18.27569181606414,20456.08349609375,204.5453885647607
18.28159577058416,20320.220703125,195.21356426657607
18.287499725104183,20409.233561197918,207.98264712447894
18.293403679624205,20277.243815104168,212.158267221275
18.299307634144228,20386.367024739582,195.93056224548306
18.30521158866425,20385.532389322918,198.1304109239208
18.311115543184272,20288.8232421875,206.08874835791184
18.317019497704294,20361.99755859375,211.8507938788271
18.322923452224316,20266.96728515625,190.63131713236544
18.32882740674434,20466.490234375,205.11285822129457
18.334731361264364,20287.9951171875,199.93571098024043
18.340635315784386,20472.360677083332,209.02914156556815
18.346539270304408,20276.108561197918,179.5493161399352
18.35244322482443,20423.4736328125,185.86625449691354
18.358347179344452,20356.510579427082,194.70306506552274
18.364251133864474,20541.187825520832,205.73745861951173
18.370155088384497,20416.6298828125,191.05548069802046
18.37605904290452,20542.8876953125,208.81438102430346
18.38196299742454,20455.69921875,208.1221787209103
18.387866951944563,20534.135091145832,201.9058257481408
18.393770906464585,20482.859700520832,201.93567541276377
18.399674860984607,20629.284016927082,219.39490693245665
18.40557881550463,20440.111653645832,319.25023995097655
18.41148277002465,20435.886067708332,307.8563645584993
18.417386724544674,20460.326822916668,305.95627944846285
18.423290679064696,20347.942057291668,318.14865469928657
18.42919463358472,20677.868489583332,288.9359502094186
18.435098588104744,20528.355631510418,195.54150348300695
18.441002542624766,20510.401041666668,194.90776427530093
18.446906497144788,20358.199055989582,195.83774722935706
18.45281045166481,20515.539225260418,217.72579183259748
18.458714406184832,20520.02099609375,203.73510212219742
18.464618360704854,20554.111328125,205.50674543703065
18.470522315224876,20420.092610677082,210.46121534395047
18.4764262697449,20668.322265625,222.02791088675818
18.48233022426492,20503.6162109375,206.69578845933506
18.488234178784943,20571.557454427082,204.74642182603466
18.494138133304965,20500.901041666668,218.780096497163
18.500042087824987,20464.19091796875,213.2370871149269
18.50594604234501,20617.367838541668,210.4203781798813
18.51184999686503,20453.766276041668,203.88109434545737
18.517753951385053,20630.520182291668,221.22302113256504
18.52365790590508,20494.688802083332,212.1693204867788
18.5295618604251,20562.824869791668,213.66195899788892
18.535465814945123,20479.670735677082,204.5062056502303
18.541369769465145,20586.938802083332,220.28677265037754
18.547273723985167,20354.983561197918,210.68615830105557
18.55317767850519,20599.1435546875,210.57744463420295
18.55908163302521,20399.1259765625,202.98449503370148
18.564985587545234,20549.33544921875,213.8652794920175
18.570889542065256,20485.4072265625,213.86350180200554
18.576793496585278,20573.246256510418,202.2340637338518
18.5826974511053,20579.1689453125,207.54083311858838
18.588601405625322,20556.703125,198.44731825579765
18.594505360145344,20624.248046875,222.9601755485116
18.600409314665367,20620.561848958332,206.0836761527446
18.60631326918539,20765.085286458332,210.2482175766732
18.61221722370541,20627.611002604168,202.61766590468213
18.618121178225433,20772.121744791668,225.61259433642462
18.62402513274546,20627.199869791668,212.79501047420888
18.62992908726548,20790.9697265625,206.58617540319403
18.635833041785503,20706.1923828125,223.71759750438744
18.641736996305525,20746.051106770832,214.9675306509555
18.647640950825547,20787.19921875,213.29635690719593
18.65354490534557,20779.448893229168,212.51152583360184
18.65944885986559,20928.782552083332,220.08939781537745
18.665352814385614,20839.981119791668,213.14772070992726
18.671256768905636,21028.984049479168,220.56029093165225
18.677160723425658,20875.469075520832,205.81196572309162
18.68306467794568,21091.308919270832,207.71229432526678
18.688968632465702,21014.126953125,203.16427126320832
18.694872586985724,21444.526692708332,215.16006606655878
18.700776541505746,22271.507161458332,224.18846150376976
18.70668049602577,25056.39453125,238.87943149638684
18.71258445054579,26912.653645833332,255.6641229519933
18.718488405065816,26085.751302083332,259.14180196466737
18.72439235958584,23087.6484375,236.77602071779398
18.73029631410586,21267.172200520832,207.48975822600454
18.736200268625883,20878.937825520832,198.42167546002432
18.742104223145905,20756.066731770832,199.04253492897772
18.748008177665927,20947.422200520832,293.4747977068429
18.75391213218595,20723.539388020832,329.63692175582077
18.75981608670597,20928.6513671875,313.571873579466
18.765720041225993,20704.146484375,306.3819113628881
18.771623995746015,20888.179361979168,326.78303315082223
18.777527950266037,20802.373372395832,223.30110913454962
18.78343190478606,20798.948893229168,211.09454847597314
18.78933585930608,20825.873046875,197.73651284878719
18.795239813826104,20746.866861979168,198.48391511158286
18.801143768346126,20726.6845703125,216.84609340662672
18.807047722866148,20614.55078125,210.53181438823043
18.81295167738617,20751.09765625,211.13059919183738
18.818855631906196,20549.529296875,199.93288671129426
18.824759586426218,20651.257486979168,204.13945566009988
18.83066354094624,20541.328450520832,209.9540750573674
18.836567495466262,20613.429361979168,210.0645587858309
18.842471449986284,20638.514973958332,198.87743165463485
18.848375404506307,20665.3232421875,186.81302222407433
18.85427935902633,20809.78125,197.91553753652667
18.86018331354635,20753.051432291668,209.15908336599156
18.866087268066373,20852.2421875,214.51939288827745
18.871991222586395,20849.748697916668,203.030666484314
18.877895177106417,21027.20703125,195.5858141705863
18.88379913162644,20949.444986979168,199.91043441517687
18.88970308614646,21033.058919270832,216.17596763292516
18.895607040666484,21017.6044921875,216.58861646312835
18.901510995186506,20965.1015625,201.1120591849843
18.907414949706528,20954.862955729168,202.6773125076807
18.913318904226553,20967.464518229168,210.17875187115206
18.919222858746576,20942.447591145832,219.6668764826379
18.925126813266598,20873.328776041668,215.45560268433547
18.93103076778662,20926.322591145832,206.51101956645914
18.936934722306642,20833.292317708332,200.26126727683237
18.942838676826664,20886.251953125,206.38072930018788
18.948742631346686,20871.35546875,208.37828996685397
18.95464658586671,20846.471028645832,206.53055132278985
18.96055054038673,20888.137044270832,203.65554098110707
18.966454494906753,20828.857747395832,192.80818874891511
18.972358449426775,20847.012369791668,198.7409589178393
18.978262403946797,20792.9697265625,194.45654894488487
18.98416635846682,20910.580729166668,206.2717073594479
18.99007031298684,20872.892578125,198.9371269832664
18.995974267506863,20940.045247395832,197.36705330049116
19.001878222026885,20954.968098958332,194.9905995596174
19.007782176546907,20929.712890625,208.34646115798782
19.013686131066933,21040.751953125,210.10213119042035
19.019590085586955,20957.49609375,202.67214722562292
19.025494040106977,21001.666666666668,201.57547266988
19.031397994627,20978.802408854168,196.47371823658955
19.03730194914702,21008.433268229168,206.13366683339444
19.043205903667044,20976.126302083332,210.75925807014661
19.049109858187066,20999.377278645832,209.1731419279368
19.055013812707088,21058.569661458332,207.3111817831599
19.06091776722711,21030.8466796875,202.5796634301478
19.066821721747132,21067.545572916668,205.6056432562781
19.072725676267154,21019.509440104168,206.27486589397594
19.078629630787177,21051.439453125,203.73734101046722
19.0845335853072,21017.386067708332,195.63551569146648
19.09043753982722,20986.577473958332,192.734890328185
19.096341494347243,21033.929036458332,193.72819212888183
19.102245448867265,20976.986002604168,195.8169162371885
19.10814940338729,21074.508463541668,204.11314668189104
19.114053357907313,21046.010091145832,198.71805808965914
19.119957312427335,21138.778971354168,194.77321901066605
19.125861266947357,21099.0888671875,185.11387264189995
19.13176522146738,21085.439453125,190.1416570255965
19.1376691759874,21157.553385416668,202.22694941479318
19.143573130507423,21131.527018229168,208.38467147330678
19.149477085027446,21177.968424479168,205.41436596772886
19.155381039547468,21078.152994791668,190.9308664358494
19.16128499406749,21140.7197265625,193.76862169669343
19.167188948587512,21041.113932291668,196.49753855861195
19.173092903107534,21094.377278645832,213.9575966752709
19.178996857627556,21175.200846354168,214.50387673869795
19.18490081214758,21070.3173828125,201.20275204969008
19.1908047666676,21049.773763020832,201.19156139141998
19.196708721187623,21025.359375,201.918718728309
19.20261267570765,21095.640299479168,203.3298981502031
19.20851663022767,21040.069661458332,205.80964428447282
19.214420584747693,21173.820963541668,204.74265862015542
19.220324539267715,21127.558919270832,197.24707100388227
19.226228493787737,21081.57421875,193.0960908135158
19.23213244830776,21160.626953125,294.7744391349433
19.23803640282778,21063.662760416668,303.7615396847304
19.243940357347803,21234.532877604168,318.46204063531775
19.249844311867825,21078.7724609375,329.5767793791528
19.255748266387847,21255.688802083332,284.06972606310035
19.26165222090787,20599.924153645832,183.68687889607153
19.26755617542789,20974.442057291668,188.50625674662285
19.273460129947914,21267.3408203125,193.02841777028542
19.279364084467936,21177.8095703125,196.18486791163875
19.285268038987958,21291.3203125,212.7769880697284
19.29117199350798,21183.458333333332,211.5869702233473
19.297075948028002,21206.867513020832,205.2055757761645
19.302979902548028,21237.5498046875,205.18976941083534
19.30888385706805,21189.458333333332,193.76137046567538
19.314787811588072,21324.07421875,198.4768276040267
19.320691766108094,21219.486328125,211.60227313594353
19.326595720628116,21271.861979166668,211.07705819324514
19.33249967514814,21157.1240234375,208.95802891194248
19.33840362966816,21263.159830729168,202.04634837038063
19.344307584188183,21215.0068359375,198.6216733324222
19.350211538708205,21098.657877604168,190.1667767245503
19.356115493228227,21251.5439453125,192.0628045182153
19.36201944774825,21138.580403645832,189.76469368369442
19.36792340226827,21240.388671875,200.51475722122078
19.373827356788293,21164.8408203125,199.85150827942957
19.379731311308316,21225.255533854168,191.02617579001523
19.385635265828338,21277.85546875,187.6856972713184
19.39153922034836,21185.217122395832,177.61375110901716
19.397443174868386,21340.919921875,191.87765780474095
19.403347129388408,21203.611328125,197.8696547370832
19.40925108390843,21365.912109375,202.81737953892025
19.415155038428452,21248.3828125,204.00924546417326
19.421058992948474,21289.1494140625,203.1846912285726
19.426962947468496,21400.7314453125,202.56205977428223
19.43286690198852,21219.418619791668,199.76694882894046
19.43877085650854,21398.911783854168,203.3363650094031
19.444674811028563,21225.186848958332,216.76297410062836
19.450578765548585,21351.951822916668,207.41918179109842
19.456482720068607,21322.212890625,209.084858090971
19.46238667458863,21311.064778645832,203.2078984694958
19.46829062910865,21390.161783854168,205.89706779909588
19.474194583628673,21220.044921875,202.3357448961861
19.480098538148695,21364.983723958332,198.48467196789937
19.486002492668717,21249.034505208332,202.0121112084551
19.49190644718874,21271.222981770832,198.19659082057842
19.497810401708765,21335.042317708332,209.98176811512803
19.503714356228787,21240.565104166668,206.0547839385372
19.50961831074881,21424.016927083332,198.69753763490053
19.51552226526883,21251.1865234375,191.96914605805748
19.521426219788854,21453.188802083332,188.93375219121572
19.527330174308876,21407.903645833332,197.75644349530728
19.533234128828898,21438.870768229168,196.59885841613993
19.53913808334892,21658.276041666668,214.20339461588105
19.545042037868942,21487.503255208332,212.25243201761057
19.550945992388964,21740.384765625,215.3307378144062
19.556849946908986,21469.090169270832,198.6555353156546
19.56275390142901,21546.876302083332,194.6849022900161
19.56865785594903,21468.404622395832,200.96132345672112
19.574561810469053,21384.661458333332,198.89431934024879
19.580465764989075,21548.291015625,205.3904709734874
19.586369719509097,21344.888346354168,207.44202007354212
19.592273674029123,21582.924153645832,220.26995300926055
19.598177628549145,21359.687174479168,210.9542388765298
19.604081583069167,21429.429036458332,206.02947067296435
19.60998553758919,21468.257161458332,203.90796402896197
19.61588949210921,21300.963216145832,195.41281901512164
19.621793446629233,21529.254231770832,191.06426549892396
19.627697401149256,21336.280598958332,194.32564112505952
19.633601355669278,21467.313802083332,187.8039391963715
19.6395053101893,21466.214518229168,205.31220462647315
19.645409264709322,21308.815755208332,205.14321740869062
19.651313219229344,21692.320638020832,214.62804066594512
19.657217173749366,21271.2734375,191.101914392943
19.66312112826939,21655.9580078125,192.4813003354214
19.66902508278941,21523.286458333332,201.3205003174567
19.674929037309433,21505.7578125,184.55608219154976
19.680832991829455,21673.3740234375,189.0069122532593
19.686736946349477,21474.1259765625,197.60893239829483
19.692640900869502,21741.5810546875,205.3334048994477
19.698544855389525,21499.273111979168,209.24563490628213
19.704448809909547,21495.52734375,207.8265168265866
19.71035276442957,21688.355143229168,218.76408960512146
19.71625671894959,21344.123697916668,200.43944729619875
19.722160673469613,21697.3916015625,208.643801845731
19.728064627989635,21387.202799479168,196.06514067390668
19.733968582509657,21529.4794921875,194.90168847514175
19.73987253702968,21475.343098958332,196.90797728428007
19.7457764915497,21422.9970703125,190.63271626430375
19.751680446069724,21654.858723958332,199.97210002067555
19.757584400589746,21314.1953125,203.60575735463775
19.763488355109768,21679.181640625,200.0779062226463
19.76939230962979,21527.214518229168,199.1338974353637
19.775296264149812,21584.513346354168,191.55980024756
19.781200218669834,21773.3046875,199.3905902134194
19.78710417318986,21436.903645833332,192.20459444938427
19.793008127709882,21815.740234375,189.03272008421735
19.798912082229904,21615.294596354168,183.844156665187
19.804816036749926,21717.210286458332,187.40053282145453
19.81071999126995,21822.7119140625,194.36630604156426
19.81662394578997,21600.2431640625,190.78745651867033
19.822527900309993,21879.207682291668,200.75683471599223
19.828431854830015,21637.925130208332,200.55110412117628
19.834335809350037,21701.899739583332,198.65031709303727
19.84023976387006,21784.275716145832,207.40011724736704
19.84614371839008,21511.41015625,194.3934473336616
19.852047672910103,21824.406575520832,199.68104334985608
19.857951627430126,21364.866861979168,198.70545039086377
19.863855581950148,21600.060221354168,188.52691036577605
19.86975953647017,21528.952799479168,197.63481937878345
19.875663490990192,21284.978190104168,183.8164443819397
19.881567445510214,21649.2060546875,192.64245694479942
19.88747140003024,21221.0810546875,192.8840833152407
19.893375354550262,21594.220052083332,198.05698608054414
19.899279309070284,21429.656901041668,199.41849268406023
19.905183263590306,21361.3525390625,195.08087804284804
19.911087218110328,21697.8779296875,201.07929566683035
19.91699117263035,21281.154622395832,186.95660929549254
19.922895127150372,21713.355143229168,186.2187137177465
19.928799081670395,21581.892903645832,189.8119930298703
19.934703036190417,21497.666015625,183.85118138467564
19.94060699071044,21819.021809895832,195.25559988872226
19.94651094523046,21432.304036458332,189.68594935416962
19.952414899750483,21872.958333333332,190.6637105447468
19.958318854270505,21688.482421875,197.30785197521226
19.964222808790527,21660.993815104168,187.59098375637203
19.97012676331055,21938.754557291668,200.87223693718252
19.97603071783057,21556.273111979168,197.66783435949088
19.981934672350597,21985.176432291668,211.74516626947994
19.98783862687062,21544.775716145832,207.38596360196908
19.99374258139064,21615.546223958332,216.0477872204835
19.999646535910664,21946.6455078125,216.2680107448319
20.005550490430686,21373.297200520832,200.7829214946828
20.011454444950708,21784.638020833332,199.25098137326714
20.01735839947073,21534.4873046875,201.1522822722296
20.023262353990752,21466.9755859375,187.940784983571
20.029166308510774,21783.600260416668,196.902266201414
20.035070263030796,21291.296549479168,182.9802516683662
20.04097421755082,21710.921875,194.1320539458152
20.04687817207084,21472.518880208332,193.66184819680802
20.052782126590863,21430.317057291668,193.06051184774054
20.058686081110885,21769.458658854168,202.788960589279
20.064590035630907,21400.8349609375,189.7537352185123
20.07049399015093,21771.303385416668,190.57404506871214
20.07639794467095,21573.869466145832,202.61392078491556
20.082301899190977,21599.634114583332,204.98398780611046
20.088205853711,21924.236328125,211.9353159291512
20.09410980823102,21495.837565104168,206.68171314752863
20.100013762751043,21909.509765625,209.47175694203116
20.105917717271065,21796.705403645832,207.9416411983559
20.111821671791088,21584.314778645832,202.30140035465413
20.11772562631111,22053.3291015625,208.7444174169284
20.123629580831132,21549.930013020832,200.16069774535663
20.129533535351154,21938.316080729168,194.16296566503243
20.135437489871176,21786.4501953125,201.3055469484428
20.141341444391198,21577.391927083332,192.03604422428197
20.14724539891122,21965.072916666668,193.2607498089978
20.153149353431242,21442.28125,187.58687340854905
20.159053307951265,21794.315755208332,194.80242809944397
20.164957262471287,21755.1669921875,193.97967323004002
20.17086121699131,21432.821940104168,187.73140733061447
20.176765171511335,21948.526692708332,199.16208189240876
20.182669126031357,21447.5263671875,186.96500272313375
20.18857308055138,21804.510091145832,186.3162332917191
20.1944770350714,21866.0068359375,192.0366684808668
20.200380989591423,21488.763346354168,186.04338224046825
20.206284944111445,22040.093424479168,191.91843883507894
20.212188898631467,21672.03515625,190.2565351751725
20.21809285315149,21774.183919270832,185.58691571927545
20.22399680767151,22141.1083984375,199.50828677603704
20.229900762191534,21587.896484375,195.72590908166904
20.235804716711556,22158.255208333332,196.9621006500868
20.241708671231578,21810.94921875,198.23042222844342
20.2476126257516,21826.917643229168,194.65657927117456
20.253516580271622,22194.430338541668,201.43509252409393
20.259420534791644,21601.146484375,192.75614676095543
20.265324489311666,22039.247721354168,201.40949260091625
20.27122844383169,21831.793619791668,201.12866534013412
20.277132398351714,21688.990559895832,198.30103050308895
20.283036352871736,22098.8447265625,197.40256271093838
20.28894030739176,21471.7509765625,199.28186238524603
20.29484426191178,21887.153971354168,192.83943408373543
20.300748216431803,21774.0166015625,197.62435618250484
20.306652170951825,21340.836588541668,193.40620332515084
20.312556125471847,21951.215169270832,202.95480132848695
20.31846007999187,21343.282552083332,196.92923434107868
20.32436403451189,21570.416341145832,195.34594690152144
20.330267989031913,21795.664388020832,200.8663297021915
20.336171943551935,21265.667643229168,191.2629706738322
20.342075898071958,21781.202799479168,189.40142887342932
20.34797985259198,21539.144205729168,188.6303770632765
20.353883807112002,21596.213541666668,184.575780146908
20.359787761632024,21945.469075520832,192.73485697217694
20.361755495679972,15905.19970703125,186.1700045930279
20.365691716152046,21419.828125,187.73380820255142
20.367659450199994,16019.346313476562,191.91581830184708
20.37159567067207,21936.395833333332,194.51028520151132
20.373563404720016,16001.55078125,197.7873020985838
20.377499625192094,21846.592447916668,189.0245324968354
20.379467359240042,15808.856811523438,195.51098275027152
20.383403579712116,21604.364583333332,189.42126170971025
20.385371313760064,15986.0166015625,202.16401865545234
20.389307534232138,22404.6376953125,204.35722236104883
20.391275268280086,16091.60791015625,209.35123788539764
20.39521148875216,21920.772786458332,202.01931435328993
20.39717922280011,15973.237548828125,206.62938516792758
20.401115443272182,22015.344401041668,189.9284094963591
20.40308317732013,16080.893310546875,199.26405020386287
20.407019397792205,22183.932291666668,198.49764003157216
20.408987131840153,15971.007934570312,198.39416674692023
20.412923352312227,21729.4765625,190.54148330341758
20.414891086360175,16167.372680664062,210.69116900318724
20.41882730683225,22329.3115234375,195.75120127325096
20.420795040880197,16066.061767578125,212.82363155246054
20.42473126135227,21989.869791666668,193.20344082118794
20.42669899540022,16088.544921875,204.14685014608182
20.430635215872293,22013.388671875,194.16878441799204
20.43260294992024,16194.074462890625,198.14853804312634
20.436539170392315,22344.4248046875,195.43211241402773
20.438506904440263,16051.64599609375,206.12679646405903
20.442443124912337,21712.418619791668,191.79796292831756
20.444410858960286,16160.677368164062,191.49103207569394
20.44834707943236,22209.490885416668,191.6625040748244
20.450314813480308,16187.329345703125,214.8056993574254
20.45425103395238,22063.948567708332,190.4087356870299
20.45621876800033,15985.774658203125,213.3681417530145
20.460154988472404,21690.263020833332,188.60414683607766
20.462122722520352,16296.23486328125,177.80403343761677
20.466058942992426,22208.4697265625,190.80750695312204
20.468026677040374,16165.079467773438,171.70171206209108
20.47196289751245,21667.007161458332,189.28552014311637
20.473930631560396,16026.47216796875,201.72553224080914
20.477866852032474,21792.748046875,196.32214576473726
20.479834586080422,16240.541015625,202.36091253732698
20.483770806552496,22136.507486979168,176.1747217402653
20.485738540600444,16121.045043945312,192.09528975583362
20.489674761072518,21440.064127604168,197.59279032392308
20.491642495120466,16190.5556640625,192.92455332800418
20.49557871559254,22074.614583333332,185.04363845137257
20.497546449640488,16145.062255859375,203.6077544695475
20.501482670112562,21797.439778645832,184.13549510378937
20.50345040416051,16128.334350585938,185.92019012754346
20.507386624632584,21565.390299479168,175.24910422011845
20.509354358680532,16232.116577148438,186.26226381399775
20.513290579152606,22198.582356770832,182.11317613926548
20.515258313200555,16102.313720703125,197.10558383319167
20.51919453367263,21582.807291666668,179.2629840136253
20.521162267720577,16234.335693359375,202.30027822122912
20.52509848819265,21945.944986979168,182.46906674264957
20.5270662222406,16253.6181640625,198.04004111667163
20.531002442712673,22007.326822916668,175.04894301901223
20.53297017676062,16066.754150390625,179.15141271868174
20.536906397232695,21432.4931640625,173.71884843988485
20.538874131280643,16215.538696289062,194.46827234609924
20.542810351752717,22232.809895833332,188.2362705935138
20.544778085800665,16252.88818359375,200.28042951283862
20.54871430627274,21819.3642578125,186.2149306714237
20.550682040320687,16226.55224609375,195.11155574322086
20.55461826079276,21748.891276041668,175.94966140111495
20.55658599484071,16321.129638671875,203.01206490287595
20.560522215312783,22179.730794270832,184.15895899677906
20.56248994936073,16170.744995117188,209.21890688325362
20.56642616983281,21613.1416015625,185.43139542557893
20.568393903880754,16228.374755859375,208.89062285248747
20.57233012435283,22015.9375,193.01965061802133
20.57429785840078,16231.787353515625,206.06643221270977
20.578234078872853,22052.728515625,191.36418974806864
20.5802018129208,16176.256958007812,208.00096095755075
20.584138033392875,21579.103515625,189.67606989446767
20.586105767440824,16257.112915039062,203.6014353044999
20.590041987912898,22073.080729166668,193.04488463115678
20.592009721960846,16059.204833984375,206.4167449714996
20.59594594243292,21734.963216145832,196.06149263594207
20.597913676480868,16165.436157226562,209.73074534743424
20.601849896952942,21682.436848958332,196.85972871674213
20.60381763100089,16169.933959960938,220.47604753436744
20.607753851472964,21995.759114583332,200.38987987462048
20.609721585520912,16001.2021484375,216.28989611619352
20.613657805992986,21374.496419270832,191.94734081850044
20.615625540040934,16111.554809570312,207.6414231606024
20.621529494560956,16108.498168945312,227.4117872619353
20.62743344908098,15981.358276367188,195.17112510820266
20.633337403601,16135.503051757812,209.72944641235262
20.639241358121023,16042.2919921875,210.44995217283363
20.645145312641045,16006.9326171875,207.02636789677678
20.651049267161067,16184.587036132812,213.3826176813169
20.65695322168109,16018.91064453125,203.1486301663378
20.66285717620111,16126.769409179688,206.05424046680506
20.668761130721133,16143.629638671875,205.6264321388763
20.67466508524116,16071.923706054688,198.7975607219159
20.68056903976118,16230.561279296875,210.3452398897276
20.686472994281203,16142.280517578125,206.5290875134991
20.692376948801225,16187.107666015625,202.96228879263035
20.698280903321248,16258.03271484375,205.15652342507693
20.70418485784127,16178.550048828125,205.07147400462654
20.710088812361292,16295.757568359375,198.24747193796213
20.715992766881314,16320.07958984375,202.2430499414454
20.721896721401336,16280.074462890625,205.60979604436355
20.727800675921358,16397.508544921875,216.06500949523127
20.73370463044138,16290.723388671875,207.45649887115468
20.739608584961402,16254.219970703125,197.16604884549668
20.745512539481425,16400.72314453125,207.14920004379778
20.751416494001447,16257.770751953125,191.89551991936875
20.75732044852147,16377.196899414062,198.1289909917092
20.76322440304149,16295.201416015625,198.43500144633234
20.769128357561517,16165.250610351562,201.80686049687048
20.77503231208154,16353.185424804688,195.78646203055112
20.78093626660156,16165.63720703125,189.89885679590128
20.786840221121583,16168.55029296875,195.8919387370914
20.792744175641605,16294.358276367188,191.2207225115632
20.798648130161627,16190.834106445312,192.51797060586367
20.80455208468165,16282.626708984375,187.35978408905697
20.81045603920167,16333.054931640625,200.16581624957567
20.816359993721694,16250.395385742188,184.6504145490262
20.822263948241716,16437.650390625,197.49551853905515
20.828167902761738,16345.496337890625,200.08274586436843
20.83407185728176,16292.95458984375,188.20324459593417
20.839975811801782,16502.78466796875,198.0121081744537
20.845879766321804,16346.1494140625,191.5286625724858
20.851783720841826,16416.723266601562,192.13545260619537
20.85768767536185,16504.902587890625,189.46302818004716
20.86359162988187,16346.872436523438,189.8474996657005
20.869495584401896,16446.758056640625,191.33025015303244
20.87539953892192,16441.219970703125,202.9179987274395
20.88130349344194,16374.2275390625,193.4622770527074
20.887207447961963,16473.80712890625,196.9743650580984
20.893111402481985,16322.824340820312,204.09798630537685
20.899015357002007,16306.119384765625,193.0922947660711
20.90491931152203,16434.356079101562,198.95813380827192
20.91082326604205,16313.100708007812,195.47119162776403
20.916727220562073,16329.469360351562,197.3391334541132
20.922631175082095,16228.751586914062,196.52134395884542
20.928535129602118,16148.631225585938,198.52929973931523
20.93443908412214,16371.137084960938,204.32454411537137
20.940343038642162,16234.24267578125,210.67235699057667
20.946246993162184,16105.588256835938,204.03677200406275
20.952150947682206,16305.382934570312,202.20844603879559
20.958054902202228,16203.279174804688,203.42299872095904
20.963958856722254,16237.211669921875,188.63433711499948
20.969862811242276,16320.616821289062,193.0464263789821
20.975766765762298,16241.760375976562,198.82202350552134
20.98167072028232,16311.4375,202.53605907686236
20.987574674802342,16379.674560546875,197.73398851984973
20.993478629322365,16264.73486328125,204.41471767373068
20.999382583842387,16413.160400390625,207.2451236000555
21.00528653836241,16385.343505859375,206.67529167145415
21.01119049288243,16338.561767578125,202.96420189810954
21.017094447402453,16491.15380859375,203.6543609828059
21.022998401922475,16413.313232421875,208.6967781582037
21.028902356442497,16369.283203125,196.48227093969592
21.03480631096252,16421.20166015625,202.7748339693462
21.04071026548254,16386.46826171875,200.70325299847826
21.046614220002564,16465.800537109375,211.09071524215972
21.052518174522586,16433.228515625,208.83269587919926
21.05842212904261,16319.091064453125,208.99983949687365
21.064326083562634,16457.64111328125,213.63653573180125
21.070230038082656,16414.779052734375,214.87975817679254
21.076133992602678,16284.423095703125,203.59602334413432
21.0820379471227,16420.15234375,202.12705622663805
21.087941901642722,16319.932373046875,210.01665832894997
21.093845856162744,16271.278564453125,194.15921008156326
21.099749810682766,16431.00341796875,197.1153697225459
21.10565376520279,16247.548095703125,201.64257287941308
21.11155771972281,16321.708618164062,202.27563423030944
21.117461674242833,16428.26611328125,198.87005616397906
21.123365628762855,16277.903076171875,191.3572076782475
21.129269583282877,16397.74267578125,191.57525019245372
21.1351735378029,16480.50830078125,202.61472928627146
21.14107749232292,16307.05224609375,194.0502569894334
21.146981446842943,16461.13623046875,198.3776816238901
21.152885401362965,16445.84033203125,201.25067626633518
21.15878935588299,16388.118408203125,193.0137611282363
21.164693310403013,16571.011474609375,194.47316913025065
21.170597264923035,16454.1845703125,195.2663298232913
21.176501219443058,16454.5625,189.38356166713578
21.18240517396308,16651.110595703125,194.8607133737249
21.1883091284831,16460.88623046875,184.85099878795305
21.194213083003124,16575.119140625,190.63603043588415
21.200117037523146,16650.057373046875,202.3936765987593
21.206020992043168,16461.53125,188.94616857411552
21.21192494656319,16589.447021484375,200.6574564573562
21.217828901083212,16680.627197265625,202.21888603819775
21.223732855603235,16494.51953125,201.6155372653824
21.229636810123257,16634.18896484375,196.57848863450187
21.23554076464328,16627.03369140625,202.04495622779262
21.2414447191633,16446.218994140625,201.65092009061564
21.247348673683323,16623.75244140625,201.24930676424384
21.25325262820335,16525.697021484375,204.85928312337182
21.25915658272337,16419.447509765625,191.58070237248748
21.265060537243393,16601.929931640625,202.29933446813794
21.270964491763415,16421.388427734375,198.43069270712877
21.276868446283437,16427.518798828125,195.32139582247268
21.28277240080346,16618.357666015625,200.00520625930028
21.28867635532348,16385.052978515625,193.65938118000847
21.294580309843504,16486.493896484375,188.1397569751845
21.300484264363526,16608.24169921875,194.05197047232264
21.306388218883548,16446.9775390625,190.23299321051346
21.31229217340357,16568.7890625,189.53328287133982
21.318196127923592,16625.862548828125,193.82884124955493
21.324100082443614,16497.111572265625,187.1019248977471
21.330004036963636,16678.130859375,193.95639682140146
21.33590799148366,16583.084228515625,198.09342154444667
21.34181194600368,16566.60400390625,195.59071069138992
21.347715900523703,16813.880615234375,198.29702258118797
21.35361985504373,16691.510498046875,198.83728212974486
21.35952380956375,16579.562744140625,200.26643976168378
21.365427764083773,16829.81005859375,199.66352236115378
21.371331718603795,16667.93603515625,201.62521113499068
21.377235673123817,16652.52783203125,196.49498366946747
21.38313962764384,16817.3603515625,207.02916437347872
21.38904358216386,16611.7197265625,203.2695482905317
21.394947536683883,16641.115478515625,201.27781096393272
21.400851491203905,16784.19482421875,207.90976617621808
21.406755445723928,16487.629150390625,202.18727006965693
21.41265940024395,16701.14794921875,203.70397993516846
21.41856335476397,16704.80224609375,201.76940224896936
21.424467309283994,16455.976806640625,201.73495917727817
21.430371263804016,16609.426025390625,197.89837384708838
21.436275218324038,16654.008544921875,198.3028783419238
21.44217917284406,16373.734741210938,191.9725199261627
21.448083127364086,16514.02490234375,197.21689823475927
21.453987081884108,16636.697509765625,194.22005171942638
21.45989103640413,16587.935302734375,222.30620379006115
21.465794990924152,16930.3818359375,289.7499516774401
21.471698945444174,16444.22265625,277.60942272591507
21.477602899964197,16494.0283203125,284.3861993717899
21.48350685448422,16913.333251953125,288.190522532732
21.48941080900424,16498.499267578125,281.1432302289688
21.495314763524263,16695.4873046875,290.13677668704565
21.501218718044285,17054.680419921875,291.4174976338004
21.507122672564307,16613.673583984375,276.2318234152736
21.51302662708433,16619.679931640625,193.49261273039463
21.51893058160435,16881.51220703125,204.40679908196688
21.524834536124374,16697.17333984375,195.1868571196529
21.530738490644396,16813.422119140625,192.18057444308806
21.536642445164418,16944.61279296875,197.1810401945326
21.54254639968444,16714.221923828125,193.5079548679325
21.548450354204466,16793.562744140625,191.33573853891662
21.554354308724488,16920.991455078125,203.08323462039806
21.56025826324451,16614.283447265625,203.0900841006559
21.566162217764532,16714.1728515625,210.07877899390598
21.572066172284554,16828.263671875,208.0106133091846
21.577970126804576,16439.61376953125,202.3561953819044
21.5838740813246,16685.809326171875,207.5757796082323
21.58977803584462,16667.98388671875,216.14013055251735
21.595681990364643,16420.3759765625,198.69447597189313
21.601585944884665,16683.18359375,198.2496941895152
21.607489899404687,16717.067138671875,205.05250207379405
21.61339385392471,16448.581787109375,205.28920172721078
21.61929780844473,16752.94873046875,198.88117248794683
21.625201762964753,16640.58984375,203.1199818693645
21.631105717484775,16558.876220703125,203.60949411490722
21.637009672004798,16774.610595703125,201.7246380991588
21.642913626524823,16627.633056640625,200.26526246256216
21.648817581044845,16575.19775390625,188.55693657979322
21.654721535564867,16871.70166015625,200.31313777923185
21.66062549008489,16744.334716796875,199.83577946956882
21.66652944460491,16676.833740234375,188.91738909329297
21.672433399124934,16895.99853515625,187.28701557534086
21.678337353644956,16828.864013671875,200.68017169638384
21.684241308164978,16702.166748046875,194.75991245723688
21.690145262685,16999.972412109375,195.1123541166818
21.696049217205022,16853.91552734375,196.07698466672954
21.701953171725044,16841.21337890625,200.17033097795388
21.707857126245067,17060.02587890625,206.36630145599915
21.71376108076509,16783.475830078125,198.94994536099327
21.71966503528511,16776.39892578125,195.32931338012062
21.725568989805133,16995.831298828125,203.2984091863806
21.731472944325155,16756.993408203125,212.00334116614184
21.737376898845177,16711.369384765625,198.8023688327324
21.743280853365203,16984.587890625,194.81208868172658
21.749184807885225,16615.68359375,203.5730562914524
21.755088762405247,16692.6572265625,197.70909520618173
21.76099271692527,16892.4140625,206.80318392605938
21.76689667144529,16648.6142578125,193.0061620154779
21.772800625965314,16729.994873046875,198.85116481908307
21.778704580485336,16771.499267578125,210.75344339682687
21.784608535005358,16606.6572265625,184.74461125562823
21.79051248952538,16749.65869140625,180.87335683926625
21.796416444045402,16843.7216796875,206.9160080129205
21.802320398565424,16622.478271484375,196.62664113977294
21.808224353085446,16821.106201171875,197.595228149487
21.81412830760547,16975.52734375,195.82952584744868
21.82003226212549,16691.55615234375,191.82609635200947
21.825936216645513,16849.783203125,187.19365108347304
21.831840171165535,17070.21484375,199.23383577208176
21.83774412568556,16738.484375,187.3583655879654
21.843648080205583,16938.968505859375,189.94998721287396
21.849552034725605,17093.03955078125,196.38119672929
21.855455989245627,16816.07373046875,203.00176557144312
21.86135994376565,17030.998779296875,190.28305895736256
21.86726389828567,17183.40966796875,194.96842696489773
21.873167852805693,16847.536865234375,205.10726888293266
21.879071807325715,16975.385009765625,199.69193234052022
21.884975761845737,17111.87451171875,202.76229308193857
21.89087971636576,16830.125,192.95858838802877
21.89678367088578,16989.322509765625,194.74225296777664
21.902687625405804,17061.974853515625,197.32208318465018
21.908591579925826,16653.838134765625,197.19838838944767
21.914495534445848,16912.588134765625,190.63926192965548
21.92039948896587,16955.871826171875,199.4651902013967
21.926303443485892,16551.786865234375,200.448398143246
21.932207398005914,16833.236328125,197.03016742733087
21.93811135252594,16880.342041015625,191.95839335996118
21.944015307045962,16583.260986328125,191.02194032601082
21.949919261565984,16800.260986328125,194.6652408617768
21.955823216086007,16908.385498046875,199.76552895973646
21.96172717060603,16585.87060546875,190.30298363386106
21.96763112512605,16861.659912109375,189.4925045699691
21.973535079646073,16971.3525390625,206.9408621301006
21.979439034166095,16628.824951171875,192.61826696046617
21.985342988686117,16893.43701171875,188.57680128035432
21.99124694320614,17073.451416015625,188.7820825650986
21.99715089772616,16735.99658203125,188.18993880668066
22.003054852246184,17024.211181640625,189.75061897796945
22.008958806766206,17176.95361328125,191.65446214196484
22.014862761286228,16820.07958984375,186.63806630705065
22.02076671580625,17110.305419921875,187.18869097659623
22.026670670326272,17248.62060546875,194.34343035543822
22.032574624846298,16870.134521484375,192.13700905012925
22.03847857936632,17141.253173828125,184.55040087168794
22.044382533886342,17237.506103515625,201.07224956432782
22.050286488406364,16890.110595703125,204.0489868656234
22.056190442926386,17122.9765625,201.99194118552265
22.06209439744641,17195.0068359375,198.09590108556438
22.06799835196643,16753.150390625,198.02343226568036
22.073902306486453,16999.70849609375,195.41025014729433
22.079806261006475,17101.36181640625,202.6414838085999
22.085710215526497,16653.821044921875,195.70721403484117
22.09161417004652,16891.231689453125,187.72492750356307
22.09751812456654,17036.957275390625,196.69401766529006
22.103422079086563,16623.51708984375,197.25456532416646
22.109326033606585,16845.85546875,193.22238944938908
22.115229988126607,17038.8759765625,193.06969410098506
22.12113394264663,16618.545654296875,194.39354116723436
22.12703789716665,16898.16943359375,186.02865901380517
22.132941851686677,17173.139892578125,205.9309176149185
22.1388458062067,16736.83251953125,195.40748741794832
22.14474976072672,16901.08740234375,180.9151908103154
22.150653715246744,17250.41748046875,198.75261855152328
22.156557669766766,16879.99462890625,194.9261625485705
22.162461624286788,17027.11865234375,189.3753575025421
22.16836557880681,17348.07275390625,181.36934915359646
22.174269533326832,16959.603271484375,191.2858468489577
22.180173487846854,17096.955810546875,190.65842571708873
22.186077442366877,17461.786376953125,197.81757653804263
22.1919813968869,17152.40576171875,191.54218131054716
22.19788535140692,17103.6923828125,189.39320286277254
22.203789305926943,17518.7412109375,198.02987337422007
22.209693260446965,17198.77880859375,200.8432181685882
22.215597214966987,17152.228515625,186.59405367027884
22.22150116948701,17490.1669921875,188.96497404037163
22.227405124007035,17211.2333984375,196.58359454886025
22.233309078527057,17035.735107421875,196.03320548267408
22.23921303304708,17518.685546875,201.94190966472115
22.2451169875671,17112.009765625,198.37204762008446
22.251020942087123,16926.9453125,200.77130160529993
22.256924896607146,17369.701416015625,197.10024427937225
22.262828851127168,17116.877197265625,204.44645783414168
22.26873280564719,16813.920166015625,196.039598909849
22.274636760167212,17243.114990234375,191.64393870299855
22.280540714687234,17084.94384765625,205.69517775565487
22.286444669207256,16844.446044921875,194.17469661438534
22.29234862372728,17248.81103515625,192.05096606794564
22.2982525782473,17168.2861328125,184.2585873992308
22.304156532767323,16760.61474609375,187.83366134298623
22.310060487287345,17281.10546875,190.55500713632935
22.315964441807367,17283.53125,196.63735019459799
22.32186839632739,16807.353271484375,191.72177446883913
22.327772350847415,17214.2236328125,185.28286402391788
22.333676305367437,17390.746826171875,192.4297368848633
22.33958025988746,16922.21826171875,183.07129327859408
22.34548421440748,17297.91796875,190.47606867381052
22.351388168927503,17427.6220703125,184.70222537350486
22.357292123447525,16971.0390625,183.8671850551709
22.363196077967547,17278.6552734375,189.76467074242154
22.36910003248757,17540.236083984375,191.0175447736609
22.37500398700759,17123.4609375,185.1080984041046
22.380907941527614,17323.99072265625,181.92247104583723
22.386811896047636,17626.668701171875,188.5794618022609
22.392715850567658,17227.036865234375,199.0002366974379
22.39861980508768,17286.23193359375,191.00908258036387
22.404523759607702,17708.2490234375,200.79418026267712
22.410427714127724,17288.6064453125,196.327823137376
22.416331668647747,17213.897705078125,195.51585151241028
22.422235623167772,17580.418701171875,191.1038983604181
22.428139577687794,17230.716064453125,189.6571230788919
22.434043532207816,17067.80712890625,183.7507139805298
22.43994748672784,17504.87841796875,190.6465199737146
22.44585144124786,17264.73046875,201.13427151729178
22.451755395767883,16946.6669921875,191.89581122776792
22.457659350287905,17415.130615234375,192.77100388074376
22.463563304807927,17287.4072265625,192.54551975759333
22.46946725932795,16855.69482421875,186.2541145779048
22.47537121384797,17342.0615234375,183.49049602717452
22.481275168367993,17380.28125,207.01738889207277
22.487179122888016,16894.64453125,187.05975098755405
22.493083077408038,17250.07421875,184.27407418743522
22.49898703192806,17495.971923828125,199.0048310973616
22.504890986448082,16984.501953125,180.0754991203438
22.510794940968104,17290.01611328125,183.623860428363
22.516698895488126,17718.435791015625,184.65153291794056
22.522602850008152,17154.2998046875,185.6864126786093
22.528506804528174,17321.5107421875,181.97748441984857
22.534410759048196,17777.747314453125,191.54412947534755
22.54031471356822,17387.337158203125,186.75045913272396
22.54621866808824,17437.5078125,181.09929210773788
22.552122622608263,17887.734375,189.8111770938177
22.558026577128285,17598.35302734375,203.12676658383126
22.563930531648307,17365.895751953125,174.58560184273284
22.56983448616833,17936.52294921875,189.07989645031802
22.57573844068835,17789.318115234375,191.7246249804149
22.581642395208373,17376.099853515625,202.54025943459538
22.587546349728395,17888.6875,192.66452935620921
22.593450304248417,17797.537841796875,198.92285881249288
22.59935425876844,17267.728759765625,192.08590838506734
22.60525821328846,17654.605712890625,197.88457797300867
22.611162167808484,17713.253173828125,206.5033413137889
22.61706612232851,17212.12890625,197.88874634287498
22.62297007684853,17476.150634765625,195.56338346057174
22.628874031368554,17664.558837890625,195.85005578771185
22.634777985888576,17128.64794921875,194.79443757590937
22.640681940408598,17240.682861328125,199.81523890929884
22.64658589492862,17691.37744140625,203.00339124868782
22.652489849448642,17176.331298828125,197.3726542723034
22.658393803968664,17157.306884765625,187.15950085322402
22.664297758488686,17750.976318359375,201.78164772456236
22.67020171300871,17384.82421875,209.07271000691753
22.67610566752873,17170.920166015625,184.69890877829582
22.682009622048753,17753.530029296875,192.31209309470827
22.687913576568775,17567.59033203125,198.16274750756818
22.693817531088797,17195.8046875,187.8320734542523
22.69972148560882,17728.19580078125,187.76445485253444
22.70562544012884,17770.942138671875,213.122292700559
22.711529394648863,17303.9560546875,183.7840612979553
22.71743334916889,17762.8154296875,176.3114657417445
22.72333730368891,18017.114990234375,191.90346255487873
22.729241258208933,17446.4833984375,186.65030467442557
22.735145212728955,17695.81103515625,186.87545154771485
22.741049167248978,18147.513916015625,196.64397694505655
22.746953121769,17629.692626953125,184.42881986639887
22.752857076289022,17633.995361328125,190.91706302189704
22.758761030809044,18086.209716796875,202.21258106688296
22.764664985329066,17771.03955078125,202.5418917760873
22.77056893984909,17474.831298828125,189.1291165783508
22.77647289436911,17985.296875,192.53892685228016
22.782376848889133,17770.36181640625,202.77587337824366
22.788280803409155,17359.4501953125,198.64962539224337
22.794184757929177,17800.730224609375,207.72032991900917
22.8000887124492,17843.720947265625,202.56319628675124
22.80599266696922,17333.317138671875,194.7246241801354
22.811896621489247,17662.31494140625,200.92377029996808
22.81780057600927,17864.478515625,210.1411226125686
22.82370453052929,17319.861572265625,205.5889594552218
22.829608485049313,17439.50634765625,194.91963737947108
22.835512439569335,17892.878173828125,192.46850417584898
22.841416394089357,17383.058349609375,203.69110620901782
22.84732034860938,17278.779052734375,196.35378517854224
22.8532243031294,17831.42236328125,199.28532943745125
22.859128257649424,17569.0087890625,204.66704435131984
22.865032212169446,17247.071044921875,180.45468798421473
22.870936166689468,17851.70654296875,198.753197574915
22.87684012120949,17808.55126953125,208.59830342311892
22.882744075729512,17351.463134765625,202.11288211327337
22.888648030249534,17752.639404296875,184.94130787876108
22.894551984769556,17984.4990234375,192.58482062391872
22.90045593928958,17476.05224609375,194.24054031550617
22.9063598938096,17790.333984375,185.7108599705212
22.912263848329626,18220.473876953125,194.79179820861657
22.91816780284965,17851.390625,199.94738014799393
22.92407175736967,18004.48193359375,184.57699191625952
22.929975711889693,18716.07666015625,195.70442675527772
22.935879666409715,18377.654296875,213.25018531552004
22.941783620929737,18003.55322265625,193.1398278811053
22.94768757544976,18419.052734375,205.31388068423726
22.95359152996978,18325.400146484375,201.50110114865927
22.959495484489803,17746.22314453125,194.94836142382354
22.965399439009825,18085.805908203125,209.34088266965526
22.971303393529848,18296.327392578125,207.04821893668952
22.97720734804987,17711.08349609375,210.59900233443005
22.983111302569892,17836.850341796875,204.7759859385333
22.989015257089914,18234.251953125,194.3583791527905
22.994919211609936,17752.91748046875,207.37272910199218
23.00082316612996,17547.769775390625,200.15020508511117
23.006727120649984,18078.68896484375,204.09773800185908
23.012631075170006,17780.69580078125,214.1512876776605
23.018535029690028,17382.27685546875,189.27511140230777
23.02443898421005,17906.055908203125,198.67393057037586
23.030342938730072,17878.057373046875,216.61140215556432
23.036246893250095,17343.960205078125,197.97585944912277
23.042150847770117,17688.29833984375,204.71662286439945
23.04805480229014,18011.180908203125,205.78029504862812
23.05395875681016,17517.352294921875,203.1780030611009
23.059862711330183,17593.1513671875,187.00686435368323
23.065766665850205,18226.379638671875,199.83093696932974
23.071670620370227,17823.4638671875,212.4379021879317
23.07757457489025,17507.71240234375,186.26623913041092
23.08347852941027,18241.24658203125,181.42703636942883
23.089382483930294,18081.43408203125,204.88298908109763
23.095286438450316,17638.7705078125,194.30722825020055
23.101190392970338,18177.838623046875,183.44144411082115
23.107094347490364,18405.45263671875,210.4359408469779
23.112998302010386,17878.739501953125,188.94242541565927
23.118902256530408,18080.98388671875,180.3414755369109
23.12480621105043,18575.432373046875,203.1507470353276
23.130710165570452,18160.80419921875,201.68666402792542
23.136614120090474,17977.384765625,192.52880619370467
23.142518074610496,18609.74267578125,191.0846622089404
23.14842202913052,18326.06982421875,194.06782695079113
23.15432598365054,17913.879638671875,199.32462530459125
23.160229938170563,18377.179931640625,192.9049467816492
23.166133892690585,18401.224853515625,200.0950413211661
23.172037847210607,17775.434814453125,197.70544322302268
23.17794180173063,18084.53759765625,188.96596347671024
23.18384575625065,18406.687255859375,203.62905901023018
23.189749710770673,17836.524658203125,200.50019004260375
23.195653665290695,17690.47021484375,196.13113397907492
23.20155761981072,18313.6015625,196.93957457736582
23.207461574330743,17904.275634765625,202.70718941427575
23.213365528850765,17465.96826171875,182.24406332003258
23.219269483370788,18071.80517578125,201.62902260232633
23.22517343789081,18084.321533203125,205.7384546827732
23.231077392410832,17500.3203125,191.26581515861602
23.236981346930854,17805.03076171875,191.10263292013252
23.242885301450876,18195.091796875,199.440493102195
23.248789255970898,17684.80224609375,200.93996958136995
23.25469321049092,17699.49658203125,189.90720471522687
23.260597165010942,18311.39111328125,186.9901508748265
23.266501119530965,18078.896240234375,214.67461189530707
23.272405074050987,17664.66845703125,193.2218629626748
23.27830902857101,18358.4658203125,178.4970154693777
23.28421298309103,18442.519287109375,205.27786088984615
23.290116937611053,17849.426025390625,195.34504454343156
23.296020892131075,18182.933837890625,179.94137049961287
23.3019248466511,18641.668701171875,198.10065603571957
23.307828801171123,18175.53955078125,200.1421966140647
23.313732755691145,18132.980224609375,173.93666602868913
23.319636710211167,18749.5771484375,188.47387611752148
23.32554066473119,18520.3701171875,201.21294521746225
23.33144461925121,18033.9755859375,185.79019711040814
23.337348573771234,18539.15185546875,188.64615304869432
23.343252528291256,18725.002685546875,201.61961898343856
23.349156482811278,18143.288818359375,184.38141410526754
23.3550604373313,18191.593994140625,197.24001642340622
23.360964391851322,18715.577392578125,195.3205530303701
23.366868346371344,18160.640625,195.46180049643496
23.372772300891366,17865.322509765625,206.67120251985205
23.37867625541139,18450.2392578125,183.02995481752313
23.38458020993141,18275.19189453125,199.0049442251003
23.390484164451433,17668.876220703125,195.92603666428752
23.39638811897146,18111.710693359375,184.93135763473913
23.40229207349148,18337.39208984375,207.34767748681924
23.408196028011503,17654.4609375,197.72787186953485
23.414099982531525,17742.0751953125,186.24456933330063
23.420003937051547,18370.78173828125,188.47997482363235
23.42590789157157,17881.3974609375,201.8702340853546
23.43181184609159,17585.58203125,191.80895364635487
23.437715800611613,18232.42236328125,178.99712386024297
23.443619755131635,18317.7509765625,209.41674823667066
23.449523709651658,17607.455810546875,188.74876752923524
23.45542766417168,18023.104248046875,174.0002894971524
23.461331618691702,18523.23388671875,204.8803912845998
23.467235573211724,17994.715576171875,200.55570164805218
23.473139527731746,17980.004638671875,182.38759975484766
23.479043482251768,18670.604248046875,198.71251367015483
23.48494743677179,18515.009521484375,206.94749537234026
23.490851391291812,17985.005126953125,186.6659225752871
23.496755345811838,18514.54248046875,184.72341469151962
23.50265930033186,18874.620849609375,201.4721632550957
23.508563254851882,18255.4013671875,193.96068851813277
23.514467209371904,18417.807373046875,198.75139356128244
23.520371163891927,19063.0859375,193.7221484851796
23.52627511841195,18576.626953125,200.5642931828068
23.53217907293197,18246.941650390625,203.4957792374663
23.538083027451993,18873.041259765625,196.61641490462037
23.543986981972015,18936.0703125,207.21988053306765
23.549890936492037,18209.53759765625,207.5124344947695
23.55579489101206,18492.603271484375,192.24428792786787
23.56169884553208,18989.2158203125,201.53897251958116
23.567602800052104,18288.800048828125,201.8702523944467
23.573506754572126,18005.79345703125,198.29453523482266
23.579410709092148,18725.9609375,204.1511802452554
23.58531466361217,18473.163330078125,212.88507800033375
23.591218618132196,17857.888671875,199.11064311136042
23.597122572652218,18176.56982421875,187.740013217266
23.60302652717224,18521.915283203125,200.59876593848702
23.608930481692262,17840.08203125,196.89938493614758
23.614834436212284,17844.06591796875,180.8769509499964
23.620738390732306,18499.156982421875,192.53747457553212
23.62664234525233,18163.02197265625,206.93783938571886
23.63254629977235,17605.4033203125,172.96270192522113
23.638450254292373,18277.376220703125,170.34839441663618
23.644354208812395,18457.569580078125,198.8238854087166
23.650258163332417,17755.87060546875,186.0434418968813
23.65616211785244,17992.59375,166.8496188091005
23.66206607237246,18655.56494140625,184.45045809017736
23.667970026892483,18199.941650390625,191.6347439540331
23.673873981412505,17874.390625,166.57673211922815
23.679777935932528,18540.869140625,169.78581658182344
23.68568189045255,18829.202392578125,195.57817251698864
23.691585844972575,18203.51416015625,175.71145630824316
23.697489799492597,18436.41845703125,172.78985159519334
23.70339375401262,19104.997802734375,189.29828436431467
23.70929770853264,18663.52880859375,186.08873707995505
23.715201663052664,18351.845458984375,173.05902539609767
23.721105617572686,19040.58349609375,192.92971818771372
23.727009572092708,19118.503662109375,204.41551588985578
23.73291352661273,18470.0185546875,197.83392893113515
23.738817481132752,18747.44287109375,194.78033741567126
23.744721435652774,19275.398193359375,203.1232730047292
23.750625390172797,18624.689453125,204.04385362966843
23.75652934469282,18389.188720703125,209.9240395081838
23.76243329921284,18983.204833984375,210.91207392891263
23.768337253732863,18817.48974609375,225.20432323892274
23.774241208252885,18133.138916015625,216.706396019104
23.780145162772907,18442.538818359375,212.2551863323065
23.786049117292933,18775.08447265625,204.74887266003145
23.791953071812955,18147.130615234375,204.1620706227162
23.797857026332977,17846.514404296875,208.39527346567738
23.803760980853,18538.21826171875,202.7796695199129
23.80966493537302,18396.620849609375,200.49220148577027
23.815568889893044,17755.0517578125,196.39776051765054
23.821472844413066,18110.795654296875,195.36667520939605
23.827376798933088,18589.493896484375,196.02107734348826
23.83328075345311,18024.46826171875,189.28886138877473
23.839184707973132,17716.294921875,165.9633711839409
23.845088662493154,18455.337890625,148.79133043874103
23.850992617013176,18362.010498046875,173.81173640223548
23.8568965715332,18067.32373046875,182.73510668827663
23.86280052605322,18552.961181640625,183.90786741800957
23.868704480573243,19022.18798828125,202.33897431967742
23.874608435093265,18402.49462890625,195.0072579832969
23.880512389613287,18148.7314453125,173.03602377709518
23.886416344133313,18990.875732421875,168.3126826370018
23.892320298653335,18908.845703125,203.1802747595571
23.898224253173357,18285.85302734375,188.42238000037344
23.90412820769338,18700.22412109375,179.61958847714692
23.9100321622134,19244.521240234375,212.44731785098128
23.915936116733423,18578.7216796875,291.8803633007577
23.921840071253445,18411.6435546875,299.90444451022444
23.927744025773467,19259.431396484375,303.07166039242793
23.93364798029349,19102.111083984375,289.51897768595603
23.93955193481351,18217.199951171875,286.35594540337877
23.945455889333534,18587.558837890625,297.81648653445717
23.951359843853556,19365.626220703125,277.01123215740483
23.957263798373578,18840.1103515625,212.79732323674654
23.9631677528936,18297.1611328125,218.5428259123941
23.969071707413622,18914.155029296875,210.46856523921005
23.974975661933644,18913.6689453125,201.14787896676413
23.98087961645367,18081.476318359375,194.4784455269491
23.986783570973692,18162.168212890625,200.03536678779645
23.992687525493714,18764.125,210.26986663160113
23.998591480013737,18252.337890625,198.80692602266947
24.00449543453376,17901.62744140625,212.1094271722725
24.01039938905378,18408.219970703125,230.03796603936627
24.012366441289455,26866.60107421875,237.19006104044774
24.016303343573803,18501.25537109375,212.7251637540637
24.018270395809477,27170.692545572918,198.7772246479165
24.022207298093825,17792.93115234375,190.46093549879998
24.0241743503295,26912.5947265625,202.87200293297417
24.028111252613847,17895.572998046875,178.3695432958676
24.03007830484952,26689.022786458332,213.01752003420617
24.03401520713387,18588.8359375,183.65634740275706
24.035982259369543,26868.77099609375,225.23499561825545
24.03991916165389,18231.6015625,179.1692792922385
24.041886213889565,26985.9404296875,216.59796543152126
24.045823116173914,17810.94091796875,156.52864402024505
24.047790168409588,26664.662760416668,200.37851545160632
24.051727070693936,18395.580078125,149.3630844355127
24.05369412292961,26754.563802083332,198.24596996443
24.057631025213958,18862.862060546875,181.35962111369557
24.059598077449632,27052.889973958332,225.2711276352575
24.06353497973398,18242.317626953125,174.9256150251307
24.065502031969658,26926.583170572918,211.06173274696746
24.069438934254002,18282.045166015625,162.35205700996852
24.07140598648968,26832.591959635418,216.90275929497685
24.075342888774028,18962.067138671875,181.75335665931496
24.077309941009702,27268.203776041668,202.90143529155213
24.08124684329405,18667.718017578125,193.00987312152728
24.083213895529724,27323.071451822918,196.46993921918258
24.087150797814072,18089.356201171875,163.5312867682673
24.089117850049746,27213.181640625,222.5356460298851
24.095021804569768,27392.8798828125,214.65860324994333
24.10092575908979,27748.8212890625,219.98923509684766
24.106829713609812,27695.4482421875,219.03933327620175
24.112733668129835,27547.513671875,220.10191368760246
24.118637622649857,27982.564778645832,249.51564974172825
24.12454157716988,28118.379231770832,230.60183332898848
24.1304455316899,27931.497721354168,237.2024881641454
24.136349486209923,27862.467447916668,225.2072432883441
24.142253440729945,28234.397786458332,238.39373870420107
24.148157395249967,28087.508463541668,257.778593750538
24.15406134976999,27840.073893229168,233.96594361166
24.159965304290015,28013.505208333332,230.30935316553573
24.165869258810037,28238.151692708332,257.1216774489134
24.17177321333006,27904.7177734375,247.15403232142552
24.17767716785008,27741.374837239582,244.0701674484437
24.183581122370104,27883.5517578125,224.91211308683845
24.189485076890126,27809.244140625,237.08693983505893
24.195389031410148,27372.547526041668,266.0951538994487
24.20129298593017,27485.888020833332,231.04834334698805
24.207196940450192,27637.177083333332,232.9294675570569
24.213100894970214,27360.486328125,229.58117899648934
24.219004849490236,27234.923665364582,236.2054712065396
24.22490880401026,27424.496256510418,255.64991102894473
24.23081275853028,27524.632161458332,233.58444115172802
24.236716713050303,27381.29150390625,221.37752790987918
24.242620667570325,27496.132975260418,231.22044360262913
24.248524622090347,28148.410807291668,254.59513401490307
24.25442857661037,28046.573567708332,247.6839716362141
24.260332531130395,27868.636067708332,224.31765986475955
24.266236485650417,28209.048828125,217.79462137980804
24.27214044017044,28628.253255208332,268.66938374195524
24.27804439469046,28540.240885416668,261.68695827915695
24.283948349210483,28750.762369791668,251.80211057361373
24.289852303730505,29558.154622395832,236.00541085834496
24.295756258250528,30333.571614583332,247.20251612690006
24.30166021277055,31165.607421875,276.76597887006193
24.307564167290572,32963.1005859375,279.37607276220245
24.313468121810594,34385.674153645836,275.77011961515007
24.319372076330616,33549.496744791664,266.47207063550843
24.325276030850638,31456.264973958332,261.63114123465965
24.33117998537066,29618.162434895832,262.69440578201136
24.337083939890682,28572.163411458332,216.85638418746927
24.342987894410705,28072.444661458332,223.04463667103326
24.348891848930727,28057.4130859375,252.15970859611755
24.354795803450752,28350.016927083332,238.1674750848413
24.360699757970774,28059.490885416668,236.00531232153614
24.366603712490797,27851.546875,228.36155902332484
24.37250766701082,27989.737630208332,226.1377173195096
24.37841162153084,28127.920572916668,256.97538863096463
24.384315576050863,27753.278483072918,227.4895986882519
24.390219530570885,27612.68115234375,222.44408074791073
24.396123485090907,27811.41796875,234.08169453030092
24.40202743961093,27557.863606770832,234.90915601935973
24.40793139413095,27357.471354166668,235.16234758281112
24.413835348650974,27396.145833333332,210.13605851456956
24.419739303170996,27549.5,215.4616170783204
24.425643257691018,27190.226399739582,245.39092251247283
24.43154721221104,27063.665364583332,231.56986460082183
24.437451166731062,27311.509602864582,209.41191711394512
24.443355121251084,27279.677897135418,217.40519435540173
24.449259075771106,27051.343098958332,235.34344639628839
24.455163030291132,27093.802408854168,250.37084182998754
24.461066984811154,27526.809733072918,214.20477636840664
24.466970939331176,27300.498209635418,210.14937743841244
24.4728748938512,27028.772298177082,227.3351790426145
24.47877884837122,27378.134440104168,231.1986655352311
24.484682802891243,27680.848307291668,232.04514294994613
24.490586757411265,27391.74072265625,215.0230642299398
24.496490711931287,27405.322591145832,209.61089116761644
24.50239466645131,27735.232421875,239.6601486895728
24.50829862097133,27776.574544270832,218.82784066794756
24.514202575491353,27603.556966145832,212.72939635971582
24.520106530011375,27826.5244140625,224.72122245854612
24.526010484531398,28070.211588541668,231.88999963761879
24.53191443905142,28077.105143229168,245.03260108688184
24.537818393571442,27730.486002604168,218.52940657788704
24.543722348091464,28001.0263671875,228.49853137431512
24.54962630261149,28150.386393229168,249.63546750153517
24.55553025713151,27978.390299479168,239.22135598582383
24.561434211651534,27830.9765625,211.85096642762215
24.567338166171556,28297.136393229168,239.54023083500581
24.573242120691578,28283.073893229168,240.05084242837376
24.5791460752116,27940.308919270832,254.37850935353651
24.585050029731622,28058.6015625,227.79535539332159
24.590953984251644,28248.776692708332,231.96177961872795
24.596857938771667,28108.845703125,274.7931264555775
24.60276189329169,27827.3369140625,240.12293273161436
24.60866584781171,28042.656901041668,232.00358633493593
24.614569802331733,28175.800455729168,244.56054232018803
24.620473756851755,27780.861002604168,251.77629238442935
24.626377711371777,27659.144856770832,261.1207169863312
24.6322816658918,27884.093424479168,226.13419580225903
24.63818562041182,27811.5771484375,227.62458115156912
24.644089574931844,27426.374837239582,266.63844677239666
24.64999352945187,27533.989908854168,261.72507400173714
24.65589748397189,27743.613932291668,241.52698946299236
24.661801438491914,27607.16796875,243.85823093200722
24.667705393011936,27370.68017578125,270.4950409023654
24.673609347531958,27571.254231770832,257.9976348002274
24.67951330205198,27711.786783854168,238.8902913852386
24.685417256572002,27441.745768229168,224.20442987723877
24.691321211092024,27390.324381510418,241.51667568509504
24.697225165612046,27786.893880208332,224.43286063991923
24.70312912013207,27752.884765625,239.37356637132615
24.70903307465209,27462.3740234375,229.1654478908331
24.714937029172113,27524.427083333332,224.14681802106605
24.720840983692135,27957.454427083332,246.99858329194748
24.726744938212157,27926.190104166668,228.247788076948
24.73264889273218,27633.6142578125,225.64706218950033
24.7385528472522,27727.573567708332,238.0189838022389
24.744456801772227,27997.921875,238.17751061179638
24.75036075629225,27884.846028645832,243.46145438119152
24.75626471081227,27635.6416015625,237.14362607783187
24.762168665332293,27917.539388020832,229.56271756049085
24.768072619852315,28162.768229166668,256.05318568196157
24.773976574372337,27915.092447916668,227.05983076543407
24.77988052889236,27841.326822916668,230.02544535476696
24.78578448341238,28215.1494140625,253.2383468732172
24.791688437932404,28237.9482421875,251.23827330720493
24.797592392452426,27862.888346354168,246.23685016145942
24.803496346972448,28016.002278645832,242.8985858903991
24.80940030149247,28363.131510416668,249.91219781873238
24.815304256012492,28247.765950520832,264.59143053784493
24.821208210532514,27852.755533854168,233.90300920674247
24.827112165052537,28097.996744791668,242.06746350189755
24.83301611957256,28219.560221354168,264.5282878698747
24.83892007409258,27907.455078125,252.53028701481165
24.844824028612607,27782.611002604168,248.1486445683114
24.85072798313263,27955.943359375,247.87951755590421
24.85663193765265,28034.845703125,242.58695702276725
24.862535892172673,27601.590657552082,259.904453316
24.868439846692695,27465.967122395832,230.86954695476373
24.874343801212717,27818.479817708332,237.3524499544593
24.88024775573274,27744.726888020832,274.17828787732424
24.88615171025276,27271.569498697918,251.68465433236352
24.892055664772784,27507.858723958332,243.146494517264
24.897959619292806,27864.038736979168,237.66210989420728
24.903863573812828,27803.160481770832,247.15944611027078
24.90976752833285,27248.298828125,237.36714552396342
24.915671482852872,27597.756184895832,220.65001798453872
24.921575437372894,27953.342447916668,244.46499005793072
24.927479391892916,27665.619140625,260.4769502348847
24.93338334641294,27347.7998046875,231.71815334391493
24.939287300932964,27827.045247395832,226.902586748082
24.945191255452986,28041.638671875,252.62823819260592
24.95109520997301,27586.943359375,231.57764597889727
24.95699916449303,27686.587239583332,222.91108392166072
24.962903119013053,28089.866861979168,225.30351530763446
24.968807073533075,28230.318033854168,246.30298940637365
24.974711028053097,27791.603841145832,244.38207875971406
24.98061498257312,27802.631510416668,220.71448087846292
24.98651893709314,28334.542317708332,235.2431664499511
24.992422891613163,28291.9287109375,250.3735672289111
24.998326846133185,27863.359700520832,231.86672358761786
25.004230800653207,28115.635416666668,211.2563199113696
25.01013475517323,28560.80859375,253.4616027186594
25.01603870969325,28376.602213541668,255.1850400315767
25.021942664213274,28041.0830078125,239.45232968712804
25.027846618733296,28422.152669270832,228.46211245099295
25.033750573253318,28735.240885416668,256.4965208836653
25.039654527773344,28333.750651041668,254.66863043330386
25.045558482293366,28067.0908203125,231.39047747449771
25.051462436813388,28502.744140625,231.70358837209469
25.05736639133341,28633.965169270832,262.8737254460671
25.063270345853432,28090.053059895832,251.2257474067933
25.069174300373454,27760.125,227.19239117975306
25.075078254893477,28252.652018229168,248.0828768109273
25.0809822094135,28280.540364583332,240.19243187359592
25.08688616393352,27862.565592447918,243.90336144885637
25.092790118453543,27635.624348958332,224.580889719568
25.098694072973565,28080.192057291668,239.10158955037485
25.104598027493587,27962.590494791668,273.4982123009863
25.11050198201361,27472.2021484375,236.96799723589558
25.11640593653363,27519.175130208332,237.26668742395714
25.122309891053654,28033.888671875,258.363902794004
25.128213845573676,27902.236979166668,238.92236844649975
25.1341178000937,27377.207682291668,230.43375396612947
25.140021754613723,27688.209635416668,254.64125879954992
25.145925709133746,28234.954427083332,246.41357888422053
25.151829663653768,27881.175130208332,239.80237199602837
25.15773361817379,27521.853352864582,240.4382207385765
25.163637572693812,27841.546223958332,231.83559273390392
25.169541527213834,28323.507161458332,249.6084579634582
25.175445481733856,27976.229817708332,232.71523157225704
25.18134943625388,27632.4443359375,246.4238929008755
25.1872533907739,28134.6005859375,251.43552287106294
25.193157345293923,28511.740885416668,227.6945913993509
25.199061299813945,27951.16796875,227.80982012048167
25.204965254333967,27801.280598958332,255.7902903571349
25.21086920885399,28533.694661458332,233.024847674645
25.21677316337401,28670.2841796875,236.4686161183365
25.222677117894033,28216.408854166668,237.62388972401519
25.228581072414055,28273.673828125,249.3897844364532
25.23448502693408,28670.87890625,258.7699551491005
25.240388981454103,28895.132486979168,238.80904075021482
25.246292935974125,28497.357747395832,255.49503559731681
25.252196890494147,28456.044921875,271.45469803457985
25.25810084501417,28978.339518229168,246.08722194568628
25.26400479953419,28931.055013020832,241.31237164886753
25.269908754054214,28250.11328125,274.6780686242004
25.275812708574236,28146.84765625,237.28806218197408
25.281716663094258,28680.6865234375,256.4226149641698
25.28762061761428,28637.385416666668,268.5089483359087
25.293524572134302,27685.297526041668,239.3318472800272
25.299428526654324,27901.370442708332,255.54473002083685
25.305332481174347,28428.768229166668,251.5824821083509
25.31123643569437,28050.633138020832,269.3171746904053
25.31714039021439,27319.406412760418,251.23642165768908
25.323044344734413,27598.978515625,237.60573932648435
25.32894829925444,28209.999674479168,263.52426874148426
25.33485225377446,27757.794759114582,287.5972465900841
25.340756208294483,27152.636067708332,238.36710816798123
25.346660162814505,27382.566080729168,243.48774088796503
25.352564117334527,28166.91015625,274.9542094538926
25.35846807185455,27636.762532552082,244.00082971993942
25.36437202637457,27034.125325520832,247.274802950395
25.370275980894593,27783.585286458332,292.3434499034597
25.376179935414616,28723.448893229168,327.3588483242649
25.382083889934638,27801.446940104168,291.76541138622343
25.38798784445466,27014.904947916668,282.82613262259025
25.393891798974682,28293.875325520832,450.89389706693385
25.399795753494704,29047.2958984375,458.49109315726736
25.405699708014726,28007.40234375,407.07630022422137
25.41160366253475,27364.270833333332,398.58899950994027
25.41750761705477,28517.138020833332,429.8402411351071
25.423411571574793,29031.166666666668,416.0483491224062
25.42931552609482,28069.96484375,400.82417766484144
25.43521948061484,27542.001953125,408.1522429452844
25.441123435134863,28677.208333333332,419.9838609837331
25.447027389654885,29179.271484375,413.13838737663104
25.452931344174907,28005.751302083332,454.95951949570787
25.45883529869493,27730.086588541668,476.5742606199987
25.46473925321495,29278.671549479168,476.84694314826027
25.470643207734973,29646.007486979168,484.98592221912617
25.476547162254995,28278.730143229168,478.92386223765203
25.482451116775017,27964.749674479168,465.2335090797166
25.48835507129504,29370.925130208332,478.7230911084541
25.49425902581506,29699.558268229168,495.73995472912105
25.500162980335084,28203.9833984375,483.99611095204466
25.506066934855106,27748.127278645832,450.98418402480706
25.511970889375128,29134.525065104168,478.76652003989227
25.51787484389515,29337.36328125,414.11863148752997
25.523778798415176,27900.97314453125,374.7205037674027
25.529682752935198,27578.759114583332,324.73685674014206
25.53558670745522,28685.9033203125,355.15986475115955
25.541490661975242,28639.179361979168,349.79109676466254
25.547394616495264,27401.145182291668,344.6902582863096
25.553298571015286,27502.688802083332,376.6479821946008
25.55920252553531,28773.704752604168,416.8760933969066
25.56510648005533,28647.897135416668,435.3474526822971
25.571010434575353,27250.18505859375,402.78986968530637
25.576914389095375,27111.605305989582,361.3996752354782
25.582818343615397,28524.207682291668,380.3002072236612
25.58872229813542,28296.578125,341.713635599036
25.59462625265544,27240.414876302082,285.7525515272086
25.600530207175463,27288.417643229168,254.113199273338
25.606434161695486,28312.615885416668,253.7392103911657
25.612338116215508,28301.344401041668,276.84989485119416
25.61824207073553,27532.745442708332,289.8860794483567
25.624146025255556,27641.0810546875,219.74142447504414
25.630049979775578,28532.50390625,251.97356987914023
25.6359539342956,28625.334635416668,291.30185824770115
25.641857888815622,27746.958984375,234.61570482188532
25.647761843335644,27764.643880208332,238.7370769516958
25.653665797855666,28794.666015625,256.308556132502
25.65956975237569,28844.572265625,251.91265546033094
25.66547370689571,28153.232096354168,258.4179218748331
25.671377661415733,28090.532552083332,271.51804919132695
25.677281615935755,29216.1357421875,249.8075449693539
25.683185570455777,29377.143229166668,257.9693161904046
25.6890895249758,28505.642903645832,253.4082253687145
25.69499347949582,28454.254231770832,253.88187347086148
25.700897434015843,29585.868815104168,240.34698816997994
25.706801388535865,29683.275390625,284.5540377800183
25.712705343055887,28826.478841145832,239.69437550747142
25.718609297575913,28787.204427083332,252.83333526653917
25.724513252095935,29760.865885416668,265.99192361291773
25.730417206615957,29798.881184895832,273.7411893722139
25.73632116113598,29066.021158854168,257.12399223866043
25.742225115656,28836.712565104168,272.48258635044954
25.748129070176024,29860.314453125,265.8653727528359
25.754033024696046,29915.580729166668,284.4983527313157
25.759936979216068,28851.612630208332,256.791105329295
25.76584093373609,28634.681640625,272.08524544605655
25.771744888256112,29612.5888671875,264.8438612633657
25.777648842776134,29828.110026041668,261.3511854220585
25.783552797296156,28795.229817708332,265.84486876638
25.78945675181618,28877.461263020832,278.63148629219756
25.7953607063362,29886.126302083332,260.1257626393744
25.801264660856223,30285.288736979168,298.35569620678353
25.807168615376245,29489.096028645832,307.66978698880365
25.813072569896267,29747.495442708332,238.19984015362377
25.818976524416293,31158.165690104168,278.4232527005991
25.824880478936315,31723.069661458332,313.23224097640616
25.830784433456337,30653.963216145832,278.70077363580896
25.83668838797636,30631.534505208332,271.4240195857027
25.84259234249638,32200.754231770832,297.9203771049013
25.848496297016403,32819.771484375,295.7265900976116
25.854400251536426,32365.189778645832,294.1601574176411
25.860304206056448,33528.446940104164,325.0516824206812
25.86620816057647,36752.972005208336,309.01671002357676
25.872112115096492,40548.125651041664,346.52387673503836
25.878016069616514,43383.250651041664,396.43130466818
25.883920024136536,45344.547200520836,384.51710339909584
25.88982397865656,46001.275716145836,385.764280679299
25.89572793317658,42281.504231770836,400.2965029909202
25.901631887696603,35384.353515625,305.54840459280064
25.907535842216625,30840.089518229168,258.4710685394931
25.91343979673665,30235.427083333332,277.8428139725667
25.919343751256672,30572.3857421875,262.8294857664233
25.925247705776695,29631.8330078125,262.9168052213528
25.931151660296717,28825.505533854168,263.81433779663223
25.93705561481674,29496.665690104168,248.82824710724788
25.94295956933676,30291.7724609375,259.99836854756325
25.948863523856783,29533.232421875,282.3933357199661
25.954767478376805,28669.549479166668,258.16069043466905
25.960671432896827,29217.545572916668,245.44261623091919
25.96657538741685,30016.897135416668,288.92138836529404
25.97247934193687,29421.051106770832,257.56360336314526
25.978383296456894,28849.667317708332,258.88501709672374
25.984287250976916,29552.478515625,293.64551599559076
25.990191205496938,30544.828776041668,267.33375947932535
25.99609516001696,29939.099609375,267.15763433068383
26.001999114536982,28466.661458333332,274.1012158017466
26.007903069057008,28496.883138020832,265.0889038208475
26.01380702357703,29064.107421875,255.72051161007903
26.019710978097052,28564.599609375,289.7541781859886
26.025614932617074,27312.7607421875,255.7980418866597
26.031518887137096,27694.105143229168,244.20684388721043
26.03742284165712,28727.589518229168,278.9363436567918
26.04332679617714,28397.346354166668,271.4735664186446
26.049230750697163,27408.73291015625,270.8394965663013
26.055134705217185,27359.893880208332,249.51249301834252
26.061038659737207,28604.98046875,250.06914849495033
26.06694261425723,28772.727864583332,282.21932790365423
26.07284656877725,27546.829427083332,261.9742677308382
26.078750523297273,27583.069986979168,231.84137052227484
26.084654477817296,28768.231119791668,257.2534464484179
26.090558432337318,29057.9931640625,290.32745278357834
26.09646238685734,28025.831705729168,250.42333157255823
26.102366341377362,27737.744791666668,240.1994465246932
26.108270295897388,28834.874348958332,263.01655966648497
26.11417425041741,29372.466471354168,280.89934437028114
26.120078204937432,28533.2431640625,262.9095813606428
26.125982159457454,27916.888997395832,257.7432276175923
26.131886113977476,29126.265299479168,257.0319862329776
26.137790068497498,29892.289388020832,280.4866707900424
26.14369402301752,28943.800130208332,237.65229795691175
26.149597977537542,28361.49609375,249.28209945829926
26.155501932057565,29139.206705729168,240.9960883629266
26.161405886577587,30015.149088541668,279.10531317836404
26.16730984109761,29367.214192708332,277.9401121799108
26.17321379561763,28596.3349609375,237.70567898057175
26.179117750137653,29021.860026041668,248.73238383352972
26.185021704657675,30062.853190104168,249.84885681820575
26.190925659177697,29514.356119791668,252.7709753661589
26.19682961369772,28476.947916666668,269.66820036015787
26.202733568217745,28836.554036458332,263.9736547361623
26.208637522737767,30010.231119791668,249.85509405133286
26.21454147725779,29654.607096354168,301.1197153671981
26.22044543177781,28281.3046875,262.0364864521744
26.226349386297834,28148.4453125,255.1622772362049
26.232253340817856,29413.927083333332,259.1287560712522
26.238157295337878,29354.837565104168,286.12969068330005
26.2440612498579,28001.669596354168,258.4521127626454
26.249965204377922,27735.832356770832,271.5554322622349
26.255869158897944,28986.721028645832,274.0456213168018
26.261773113417966,29100.562825520832,270.655082160183
26.26767706793799,27814.596354166668,285.32562595582596
26.27358102245801,27345.282877604168,262.45962860930007
26.279484976978033,28304.548828125,241.7520115147691
26.285388931498055,29173.484049479168,295.64537861977453
26.291292886018077,27947.1455078125,276.5273149061632
26.2971968405381,27259.80322265625,242.5111822942888
26.303100795058125,28070.639973958332,285.8858803986643
26.309004749578147,29037.273111979168,284.91729026498393
26.31490870409817,28388.523111979168,290.28798984138336
26.32081265861819,27263.022786458332,258.90631071073614
26.326716613138213,27968.618489583332,245.64075016279682
26.332620567658235,29370.730794270832,291.18231447902645
26.338524522178258,28930.082356770832,319.6211381530228
26.34442847669828,27713.449869791668,248.81487353614577
26.350332431218302,28145.1484375,251.22185704443365
26.356236385738324,29598.0,266.7842090088056
26.362140340258346,29350.291015625,270.19082605164357
26.368044294778368,28285.229817708332,253.34504679619135
26.37394824929839,28353.597981770832,260.58193687410045
26.379852203818412,29676.155924479168,262.5203977408297
26.385756158338435,29847.9560546875,266.9794802417614
26.391660112858457,28874.297526041668,262.77218640663835
26.397564067378482,28377.9130859375,235.56683813300302
26.403468021898505,29683.275716145832,254.2171295303248
26.409371976418527,30246.513346354168,269.6796742012038
26.41527593093855,29144.924479166668,267.4257770318301
26.42117988545857,28404.495768229168,239.77282022111797
26.427083839978593,29541.955403645832,253.30066061895462
26.432987794498615,30323.815104166668,275.9604403005548
26.438891749018637,29523.8349609375,283.39862504041866
26.44479570353866,28402.096028645832,248.8250330464348
26.45069965805868,28997.4921875,256.42698159371406
26.456603612578704,30206.428059895832,258.0448041885267
26.462507567098726,29600.277994791668,267.2253306173817
26.468411521618748,28343.0029296875,291.47479675149617
26.47431547613877,28503.340494791668,270.385828203951
26.480219430658792,29641.899088541668,279.8650704366762
26.486123385178814,29559.638997395832,296.33886514901883
26.492027339698836,28132.6328125,260.65754003596845
26.497931294218862,27961.223307291668,279.14390558313255
26.503835248738884,29225.110677083332,296.7945031634926
26.509739203258906,29637.3017578125,288.24415737496463
26.51564315777893,28387.0625,283.57021840895663
26.52154711229895,27585.86083984375,285.40697179917174
26.527451066818973,28603.762044270832,273.102737624353
26.533355021338995,29569.053059895832,287.0434400604244
26.539258975859017,28508.2529296875,309.8702835492169
26.54516293037904,27498.9736328125,275.8736408187014
26.55106688489906,28341.501953125,273.1774938548776
26.556970839419083,29492.972330729168,287.3862889877385
26.562874793939105,29015.150716145832,316.6673571228972
26.568778748459128,27770.557942708332,285.7215694305992
26.57468270297915,28096.788736979168,257.78773767748646
26.580586657499172,29703.715169270832,286.8964281023001
26.586490612019194,29599.160807291668,302.05568842384463
26.59239456653922,28323.131184895832,272.5687750419443
26.59829852105924,28322.518880208332,265.7999110422185
26.604202475579264,29806.483723958332,280.36573681298825
26.610106430099286,30267.193684895832,300.97748117381616
26.616010384619308,29025.424153645832,303.70357765017565
26.62191433913933,28523.379557291668,257.43508444788085
26.627818293659352,29646.689453125,260.37398668659085
26.633722248179375,30618.845377604168,296.9137262578129
26.639626202699397,29558.144205729168,293.7829812447136
26.64553015721942,28553.748372395832,250.35117290657956
26.65143411173944,29490.002604166668,259.895893121122
26.657338066259463,30802.542317708332,299.4839259154493
26.663242020779485,30289.94140625,336.79496765643313
26.669145975299507,28964.735677083332,271.1516278211216
26.67504992981953,29306.399739583332,295.2877767726387
26.68095388433955,30674.8310546875,268.1020813376604
26.686857838859574,30786.710286458332,276.14227477526845
26.6927617933796,29501.00390625,296.9086380308775
26.69866574789962,28985.708984375,270.5640479445531
26.704569702419644,30139.2548828125,268.25611702273966
26.710473656939666,30622.192057291668,305.36375282264606
26.716377611459688,29253.03125,277.91942373114335
26.72228156597971,28242.051106770832,260.3266690115824
26.728185520499732,29102.797200520832,341.8594037844477
26.734089475019754,30084.895833333332,290.5802890045428
26.739993429539776,29348.678059895832,290.6269274773353
26.7458973840598,27988.426106770832,306.96575684406025
26.75180133857982,28329.766276041668,306.38176214605926
26.757705293099843,29709.421549479168,278.90699715918043
26.763609247619865,29459.350260416668,307.98976039236345
26.769513202139887,27977.61767578125,303.744155326218
26.77541715665991,27749.088053385418,284.62889322044737
26.78132111117993,28997.526692708332,300.8144198902951
26.787225065699957,29594.043619791668,332.14984465443723
26.79312902021998,28187.722981770832,292.2552724797146
26.79903297474,27351.493489583332,274.77440606842356
26.804936929260023,28602.09765625,307.92906880360715
26.810840883780045,29664.2568359375,326.0339855927183
26.816744838300067,28545.69140625,311.73742474146223
26.82264879282009,27440.090494791668,293.41965998069435
26.82855274734011,28313.705403645832,300.91851458084227
26.834456701860134,29638.2822265625,289.52252749785623
26.840360656380156,29587.894856770832,347.31040970922317
26.846264610900178,28210.167154947918,320.2591790864465
26.8521685654202,28018.273763020832,271.0285450869224
26.858072519940222,29385.0283203125,295.65807478978047
26.863976474460245,29971.939453125,321.2340858100731
26.869880428980267,28769.021809895832,300.8399910004611
26.87578438350029,28032.104817708332,283.51772298646864
26.88168833802031,29340.745768229168,299.3438946169512
26.887592292540337,30292.640950520832,313.22752201294225
26.89349624706036,29386.704752604168,302.15762900455366
26.89940020158038,28013.947916666668,269.84391998698317
26.905304156100403,28626.950846354168,297.5875726897538
26.911208110620425,30588.575520833332,308.95405145235577
26.917112065140447,30173.998046875,291.576075629718
26.92301601966047,28501.6357421875,286.4783287793087
26.92891997418049,28528.494791666668,267.60815227349974
26.934823928700514,30013.500651041668,274.80714396540753
26.940727883220536,30450.21875,306.03554839556085
26.946631837740558,29297.234700520832,309.9155581195844
26.95253579226058,28145.110026041668,267.2580005002304
26.958439746780602,29192.579752604168,288.27441464290297
26.964343701300624,30157.5068359375,303.60421837726255
26.970247655820646,29361.5556640625,308.7862929112857
26.97615161034067,28160.68798828125,288.1138294607037
26.982055564860694,28368.941731770832,311.86618928251147
26.987959519380716,29612.904622395832,296.5017136872328
26.99386347390074,29491.870768229168,295.04754885746263
26.99976742842076,27894.146484375,320.8649781612329
27.005671382940783,27476.590006510418,318.994441681045
27.011575337460805,28603.337565104168,303.38150258506715
27.017479291980827,29100.270182291668,305.6493595673636
27.02338324650085,28062.7333984375,386.22571947872325
27.02928720102087,26856.543294270832,307.14464186197523
27.035191155540893,27544.693359375,309.77512226220614
27.041095110060915,29004.898111979168,376.9631930752881
27.046999064580937,28235.670247395832,337.0131826052904
27.05290301910096,26694.657552083332,326.4149676973255
27.05880697362098,27116.503580729168,343.6132209931459
27.064710928141004,29352.521158854168,338.56045945722997
27.070614882661026,29341.242513020832,358.5742163748408
27.076518837181048,28149.972005208332,348.62713101376187
27.082422791701074,27471.42138671875,355.79243305999796
27.088326746221096,28647.336588541668,333.5261519324854
27.094230700741118,29721.488606770832,322.88929940516215
27.10013465526114,28792.23828125,380.8076726007278
27.106038609781162,27453.745768229168,320.2807889297544
27.111942564301184,28425.548502604168,312.78381786959943
27.117846518821207,30052.6611328125,352.7278314244786
27.12375047334123,29576.030924479168,386.99508711992263
27.12965442786125,27791.1455078125,321.3584776389141
27.135558382381273,27738.411783854168,314.6630034054263
27.141462336901295,29215.774739583332,336.7101328835166
27.147366291421317,30127.400716145832,339.0468051584807
27.15327024594134,28948.012369791668,359.76742874359616
27.15917420046136,27887.681966145832,332.2503434015972
27.165078154981384,28911.8388671875,340.8592567246283
27.170982109501406,30250.705078125,319.86804705851193
27.17688606402143,29635.6103515625,368.70715470369106
27.182790018541453,28258.95703125,342.121829487369
27.188693973061476,28465.729166666668,325.2312391659798
27.194597927581498,30089.0859375,327.15158373458326
27.20050188210152,30588.414713541668,379.7764139891273
27.206405836621542,29007.0888671875,328.5770650727237
27.212309791141564,28343.697591145832,334.058856856561
27.218213745661586,29632.942708333332,330.4203480857261
27.22411770018161,30689.317057291668,385.39949994904885
27.23002165470163,29791.9423828125,399.8509746252127
27.235925609221653,28274.951497395832,348.68159598977775
27.241829563741675,28624.560872395832,363.2408305789565
27.247733518261697,30333.1904296875,359.0120497031231
27.25363747278172,30462.705403645832,376.7242956460603
27.25954142730174,28901.427408854168,423.2501229662763
27.265445381821763,28109.751627604168,395.1432320953923
27.271349336341785,29912.95703125,416.80810769935795
27.27725329086181,31050.964192708332,397.2157224865249
27.283157245381833,30048.713216145832,414.82307148468885
27.289061199901855,28577.548502604168,421.4444104659469
27.294965154421877,28969.549479166668,398.8699113951247
27.3008691089419,30553.747721354168,460.4923001936184
27.30677306346192,30641.163736979168,491.98846246000244
27.312677017981944,28626.73779296875,477.2892030565951
27.318580972501966,28493.3291015625,444.9244623825997
27.324484927021988,29974.489908854168,501.7420200943508
27.33038888154201,30862.622721354168,504.28529123803605
27.336292836062032,29459.420572916668,491.1134027281676
27.342196790582054,28517.958658854168,500.6648908171489
27.348100745102077,29148.278645833332,539.1357327262615
27.3540046996221,30314.349609375,502.8522699857104
27.35990865414212,30020.5615234375,524.353069163296
27.365812608662143,27651.355143229168,502.4370220900918
27.37171656318217,27996.592122395832,487.1528713134164
27.37762051770219,30108.534505208332,547.1204159674555
27.383524472222213,30396.943033854168,572.3621474254539
27.389428426742235,28570.456705729168,535.3012348492693
27.395332381262257,27414.8486328125,499.10321905734463
27.40123633578228,28819.3662109375,494.2971983714948
27.4071402903023,30213.17578125,514.2134516785652
27.413044244822323,29528.700520833332,578.5550527265693
27.418948199342346,27701.765950520832,540.4740369972038
27.424852153862368,27817.644205729168,559.0868937429178
27.43075610838239,30065.5546875,558.582230699336
27.436660062902412,30334.157877604168,589.4955713218171
27.442564017422434,28766.314127604168,595.0552561771955
27.448467971942456,27489.648763020832,544.2054119743402
27.45437192646248,29329.761067708332,601.8579210502478
27.4602758809825,31124.154296875,631.0125904966688
27.466179835502523,29761.3984375,600.9998872340512
27.47208379002255,27834.858072916668,592.7305240190504
27.47798774454257,27957.779622395832,662.617669072419
27.483891699062593,30077.892252604168,668.8331800919066
27.489795653582615,30539.4833984375,702.1671798383177
27.495699608102637,28552.861979166668,771.2120216062129
27.50160356262266,27150.78662109375,705.4133268204688
27.50750751714268,28378.8017578125,756.6083020907998
27.513411471662703,29657.746419270832,784.9668480711848
27.519315426182725,28644.43359375,760.1886123385402
27.525219380702747,26296.290690104168,834.2803436207025
27.53112333522277,26061.5068359375,805.3776528167755
27.53702728974279,27954.357096354168,864.2795142716824
27.542931244262814,28265.229166666668,963.0679290061793
27.548835198782836,26780.229817708332,1050.413752546982
27.554739153302858,25828.602213541668,949.5862106859031
27.56064310782288,27407.298177083332,963.7012137265386
27.566547062342906,28662.611979166668,1110.2747307715813
27.572451016862928,27718.1025390625,1084.3785424710409
27.57835497138295,26612.328125,1166.84413921496
27.584258925902972,27039.306966145832,1254.1711911476505
27.590162880422994,29098.95703125,1270.298920692715
27.596066834943016,29291.784505208332,1224.286530190242
27.60197078946304,26634.254557291668,1303.6819205674715
27.60787474398306,26331.07275390625,1314.7523249521612
27.613778698503083,28180.8037109375,1293.6831844901942
27.619682653023105,29801.768880208332,1346.0576546931384
27.625586607543127,28808.531575520832,1240.5106193011152
27.63149056206315,26794.775716145832,1465.307033484345
27.63739451658317,26832.44140625,1474.0974203895762
27.643298471103193,29832.909505208332,1321.4584734824355
27.649202425623216,30911.532877604168,1316.591557457794
27.655106380143238,28538.252604166668,1411.5334854454777
27.66101033466326,27589.805013020832,1365.3218703994203
27.666914289183286,28939.135416666668,1356.084197879352
27.672818243703308,31068.1513671875,1428.858545512105
27.67872219822333,30397.060221354168,1418.3068482516042
27.684626152743352,28230.523763020832,1229.3627098052661
27.690530107263374,28274.850260416668,1251.6230923372752
27.696434061783396,30231.261393229168,1213.0796882915859
27.70233801630342,30599.686848958332,1239.0491127821542
27.70824197082344,28648.336263020832,1221.8062846286189
27.714145925343463,26294.080403645832,1153.793404394348
27.720049879863485,26875.24609375,1271.5031276954774
27.725953834383507,29138.398111979168,1185.2215874084752
27.73185778890353,28791.264322916668,1042.3021512021498
27.73776174342355,26555.972330729168,1035.4769948456712
27.743665697943573,25413.802571614582,1028.868089776489
27.749569652463595,27527.014322916668,1107.9826632094446
27.755473606983617,28787.020182291668,970.3148678454953
27.761377561503643,27773.4345703125,1021.8567984682599
27.767281516023665,25367.599446614582,1001.6098467690888
27.773185470543687,26167.9443359375,955.8050121226289
27.77908942506371,28571.746744791668,951.1830120273332
27.78499337958373,28905.460286458332,1016.3982667059911
27.790897334103754,26375.92236328125,954.6300394645646
27.796801288623776,25429.112467447918,1011.7412350702473
27.802705243143798,27696.198567708332,1009.6658997013222
27.80860919766382,29254.660481770832,971.869486583882
27.814513152183842,27760.855143229168,1021.2958543800157
27.820417106703864,25873.055501302082,959.5189408766174
27.826321061223886,26031.17333984375,1000.2850132646874
27.83222501574391,27813.431315104168,1042.6170468853165
27.83812897026393,28335.481119791668,1044.7540793530766
27.844032924783953,26906.330729166668,916.1295760973051
27.849936879303975,24564.117350260418,951.568614046912
27.855840833823997,26463.8935546875,1008.4753346773456
27.861744788344023,28407.801106770832,981.287031268367
27.867648742864045,27632.673177083332,894.7749407122286
27.873552697384067,25787.209147135418,934.4880721493364
27.87945665190409,25987.380696614582,959.1372513484883
27.88536060642411,27424.8583984375,1011.44863214229
27.891264560944133,28528.9345703125,942.6875008386376
27.897168515464156,27345.576822916668,912.9864601646461
27.903072469984178,25087.108723958332,984.7272322384775
27.9089764245042,25971.668619791668,804.023229478687
27.914880379024222,28657.840494791668,823.9810304489696
27.920784333544244,28227.572265625,861.1172673037411
27.926688288064266,26188.932454427082,808.1716875882488
27.93259224258429,25250.872233072918,796.5230721287088
27.93849619710431,27607.086263020832,749.363520912595
27.944400151624333,29484.94140625,777.3843977117856
27.950304106144355,28442.1416015625,818.2240007809731
27.95620806066438,26315.165852864582,806.9759803000279
27.962112015184402,26493.536783854168,733.9687368328354
27.968015969704425,28984.298828125,787.6441508790056
27.973919924224447,29975.692057291668,797.8306966552309
27.97982387874447,27742.119466145832,755.6914560327173
27.98572783326449,25809.841145833332,631.491146776074
27.991631787784513,27104.58984375,740.9275048160525
27.997535742304535,29400.25390625,744.2369662712862
28.003439696824557,29232.863606770832,717.5923847521017
28.00934365134458,26463.128580729168,646.3615417040901
28.0152476058646,24937.797037760418,658.1640693062917
28.021151560384624,26919.538411458332,738.2848872313081
28.027055514904646,28854.6669921875,707.0911566852923
28.032959469424668,27452.600911458332,622.9792647680026
28.03886342394469,25096.87841796875,732.5565048547866
28.044767378464712,25108.10986328125,759.5787884452756
28.050671332984734,27989.597981770832,745.2459090756076
28.05657528750476,29042.7626953125,742.8492468323394
28.062479242024782,26730.958333333332,734.09534456527
28.068383196544804,25008.464680989582,873.901526282758
28.074287151064826,26816.673177083332,853.4033966248198
28.08019110558485,29162.814778645832,732.5934657551329
28.08609506010487,28799.982421875,888.3720420891286
28.091999014624893,26318.14208984375,957.4593786095493
28.097902969144915,25538.951497395832,889.9149682820504
28.103806923664937,27753.130859375,811.5819261274513
28.10971087818496,28976.9404296875,920.9764003319023
28.11561483270498,27084.523111979168,786.9075372570804
28.121518787225003,24583.246744791668,745.4772183901964
28.127422741745026,25024.36962890625,843.6000237300142
28.133326696265048,31986.722981770832,1769.6401963681242
28.13923065078507,28279.677734375,1194.3806651775187
28.145134605305092,26049.014485677082,1252.0979804032736
28.151038559825118,24300.838541666668,1221.053456848992
28.15694251434514,25909.466959635418,1160.7468962472265
28.162846468865162,28335.923177083332,1432.4973466643708
28.168750423385184,27734.970377604168,1678.4316741622
28.174654377905206,0.0,0.0
28.18055833242523,0.0,0.0
28.18646228694525,0.0,0.0
28.192366241465272,0.0,0.0
28.198270195985295,0.0,0.0
28.204174150505317,0.0,0.0
28.21007810502534,0.0,0.0
28.21598205954536,0.0,0.0
28.221886014065383,0.0,0.0
28.227789968585405,0.0,0.0
28.233693923105427,0.0,0.0
28.23959787762545,0.0,0.0
