Wavelength (microns),Flux,Flux Error
4.821956506903028,62.95291119151645,14.534658625664038
4.822743700812302,76.17490303516388,14.130285012203425
4.823530894721577,69.10952221507758,12.975931678828443
4.824318088630851,70.96673088603549,12.643643571440762
4.825105282540125,75.49906947877672,13.109394005413218
4.8258924764494,66.36548619874766,13.776933681209083
4.826679670358674,81.47626993391249,14.814445583660095
4.827466864267948,63.33976898730641,14.295980786475944
4.828254058177222,69.58033709458901,13.591843570691003
4.829041252086497,65.5588264465332,13.16004339178227
4.829828445995771,67.5352461470498,13.10363207963462
4.830615639905045,78.09868537055121,13.477585886023443
4.83140283381432,72.42273902893066,13.31271733614768
4.832190027723594,74.63779534233942,13.422200191239241
4.832977221632868,68.00875573688083,13.169804508261018
4.8337644155421415,68.82791794670953,13.280735934386176
4.834551609451416,70.32898892296686,13.99733890498225
4.83533880336069,59.46461372375488,14.159171266286497
4.836125997269964,72.69751400417752,13.872836469173535
4.836913191179239,58.892179303699066,13.154805885430628
4.837700385088513,63.26370107623893,12.736438117113101
4.838487578997787,63.61179698838128,12.725434489490501
4.8392747729070615,60.4380628267924,13.846810581105368
4.840061966816336,67.61705968115065,14.693631063791535
4.84084916072561,63.48187749654475,14.061151643559858
4.841636354634884,68.6372345023685,13.923097181488
4.842423548544159,59.49098866422411,13.60547219274204
4.843210742453433,65.28053700084418,13.48356051769541
4.843997936362707,66.44224164221022,14.141480584939533
4.8447851302719815,58.54450384328063,13.70577625988164
4.845572324181255,64.07434391975403,13.329819027999635
4.846359518090529,67.17131058829172,13.053685686628818
4.8471467119998035,70.45799986073669,13.744662950355167
4.847933905909078,72.30541287528143,14.665458905164748
4.848721099818352,65.37356736924913,14.98769674360087
4.849508293727626,74.36079812049866,14.350292458824665
4.850295487636901,65.13514131895253,13.136923807300997
4.851082681546175,67.18103427618323,13.072575195370359
4.851869875455449,70.55291407638126,13.125344045790614
4.8526570693647235,65.86128942171733,13.942195890278887
4.853444263273998,72.71086642477248,14.88630288205612
4.854231457183272,66.34759330749512,14.097323704166648
4.855018651092546,68.01815954844157,13.697518157403053
4.855805845001821,67.19073461823993,14.02983950356642
4.856593038911095,64.47730910610146,14.23374294353847
4.857380232820368,72.08201477262709,14.629084311235873
4.858167426729643,60.148188174610404,13.894201381775625
4.858954620638917,60.08199280500412,13.308462066972144
4.859741814548191,61.11977010303073,13.258331611576018
4.8605290084574655,56.46195030212402,13.731695273546448
4.86131620236674,70.74161207172233,14.686992542056398
4.862103396276014,61.39131142071315,15.46124939589856
4.862890590185288,68.34317002031538,14.887095197868906
4.863677784094563,66.31685733123564,13.904257852342504
4.864464978003837,63.88167385316231,13.19220366266369
4.865252171913111,67.47265725334485,13.28937635774376
4.8660393658223855,55.030943765810555,13.492811164536638
4.86682655973166,66.68869882159763,14.265887797236324
4.867613753640934,67.61116383416312,14.403476430966538
4.868400947550208,66.50768860181172,13.806214230903826
4.869188141459482,70.93606762091319,13.80106895368114
4.869975335368756,60.07573289341397,14.2443547684779
4.87076252927803,69.37276936920595,14.475443004421088
4.871549723187305,61.30302862326304,14.168738634443145
4.872336917096579,62.25707757976693,14.185896289389062
4.873124111005853,61.94937033048818,13.106557957155772
4.8739113049151275,54.75914088884989,12.868585808428213
4.874698498824402,70.54203934139676,13.612164313936729
4.875485692733676,56.459464127676824,14.509550818043127
4.87627288664295,69.41373868055747,15.07221046647173
4.877060080552225,58.10676936970817,14.850564595387432
4.877847274461499,60.69196963310242,13.42385696876944
4.878634468370773,66.87020421028137,12.713232165634865
4.8794216622800475,59.61414745875767,12.800228420957799
4.880208856189322,67.735753798149,13.60755205110583
4.880996050098595,54.79580706026819,14.428525042043624
4.8817832440078694,65.64434461461173,14.49066882237328
4.882570437917144,65.47522578802374,13.779552080476716
4.883357631826418,66.7336133784718,13.403311230146725
4.884144825735692,72.45055762926738,13.680128874821591
4.884932019644967,57.49561934130532,14.197663565184943
4.885719213554241,65.78368299779757,14.685503766219297
4.886506407463515,66.90036990907457,14.081618026438607
4.8872936013727895,65.4249545733134,13.247491547464948
4.888080795282064,72.0055791536967,12.522793415390781
4.888867989191338,64.45698704984453,12.685681969715553
4.889655183100612,72.05896321932475,14.22543814496185
4.890442377009887,51.55303568158831,14.780360295290457
4.891229570919161,67.81054603391223,15.102672039299652
4.892016764828435,62.401474859979416,13.573509471164202
4.892803958737709,59.250082360373604,12.616387916722108
4.893591152646983,63.354682087898254,12.383459867202344
4.894378346556257,54.49864416652255,12.849851737671862
4.895165540465531,69.94712734222412,14.079048935089705
4.895952734374806,56.23568734195497,14.536946875361641
4.89673992828408,62.420114782121445,14.359714590562765
4.897527122193354,62.55589526560571,13.278029329569092
4.898314316102629,57.98613843652937,13.030912445819126
4.899101510011903,69.11858510308795,13.458265259712775
4.899888703921177,58.56925459143142,13.793985077031898
4.900675897830451,68.19017714924283,14.261805289315443
4.901463091739726,58.73352697160509,13.849231119663028
4.902250285649,64.09442340003119,13.288379541775015
4.903037479558274,62.951235777895214,13.150306621453911
4.903824673467549,56.84640211529202,13.740682908159704
4.904611867376822,79.5735809803009,15.11016605900548
4.905399061286096,63.302586714426674,15.616382243449774
4.9061862551953705,70.99064931604597,14.817307017194103
4.906973449104645,63.71398295296563,13.259396090662488
4.907760643013919,64.45922128359477,12.501113299552257
4.908547836923193,69.86773579650455,12.754862762620194
4.909335030832468,63.68761863171215,13.463746678776301
4.910122224741742,71.18481797145472,14.983181336474427
4.910909418651016,61.18308112870401,14.815710860114958
4.9116966125602906,67.15326830413606,14.263533318798062
4.912483806469565,65.24421533942223,13.45375905749992
4.913271000378839,62.21756386756897,13.011221730736917
4.914058194288113,63.879875062217174,13.452991687018635
4.914845388197388,51.597386041709356,14.000341712178743
4.915632582106662,67.04542263348897,14.068489022960454
4.916419776015935,60.0892717225211,13.643889979504113
4.91720696992521,67.61561679840088,12.963674274407893
4.917994163834484,66.80144095420837,12.982538218104501
4.918781357743758,59.22908781634437,13.876234578121219
4.9195685516530325,72.12893562846713,14.48630930773038
4.920355745562307,66.66710029708014,15.34686360887809
4.921142939471581,73.75079252984789,14.363469518620372
4.921930133380855,67.554256995519,12.918372334597471
4.92271732729013,71.63114965465707,12.422009615284935
4.923504521199404,72.1639289050035,12.513067728302019
4.924291715108678,68.03542301389906,13.37024105269679
4.9250789090179525,83.0183146264818,15.261600278102854
4.925866102927227,66.03926275173824,15.18862346087241
4.926653296836501,72.44830154048071,14.757435967223362
4.927440490745775,66.41566338505544,13.122001627808244
4.928227684655049,61.57317019852115,12.554023528136453
4.929014878564323,64.53674758320123,12.849765244906852
4.929802072473597,59.445538003104076,13.375013103767072
4.930589266382872,64.30055506361856,14.048034865764262
4.931376460292146,69.5844886832767,14.217813207099741
4.93216365420142,76.93231704499986,14.135602210862588
4.9329508481106945,72.87789434856839,13.735216784766095
4.933738042019969,65.03541752989862,13.302068905558775
4.934525235929243,70.76767510837979,14.005746165473596
4.935312429838517,67.2561654499599,14.77018433655718
4.936099623747792,68.60769382450316,14.840524823552007
4.936886817657066,66.71665949061297,13.634260910838684
4.93767401156634,67.57811184332404,12.986727099928608
4.9384612054756145,71.91531128353543,12.472605710130342
4.939248399384889,69.59230909082625,12.904555544770037
4.940035593294162,66.41700392299228,14.410034403184131
4.9408227872034365,62.485586212741005,15.049335746194583
4.941609981112711,70.67853246960375,15.200579344670963
4.942397175021985,68.37435852156744,14.213039302466346
4.943184368931259,67.8266204463111,12.978392041299672
4.943971562840534,68.506501727634,11.9263459337212
4.944758756749808,65.69504117965698,12.472172202175479
4.945545950659082,67.78650389777289,13.594272549535626
4.9463331445683565,62.531860250822255,14.208372446734531
4.947120338477631,63.268451109738415,14.909427816384826
4.947907532386905,68.44239602770124,14.30111681852824
4.948694726296179,65.24184804567149,13.345637040710386
4.949481920205454,66.53580429818895,12.932573244238695
4.950269114114728,64.78394551344321,13.122465565620923
4.951056308024002,63.2615336312188,13.82248702206017
4.951843501933276,70.52126570150885,13.852011868135966
4.95263069584255,72.501330111648,13.564565534497184
4.953417889751824,74.79339347087162,13.611697559620573
4.9542050836610985,70.3526520128821,13.40101492768164
4.954992277570373,76.3588575712392,13.913488376045986
4.955779471479647,73.37006271389168,14.384444581092927
4.956566665388921,67.09847827752431,14.926912350687386
4.957353859298196,69.03021907974296,13.998763790333834
4.95814105320747,69.33628403552821,13.081838877262117
4.958928247116744,79.70199771639373,13.038601278040684
4.9597154410260185,72.02886410834084,12.977234222000677
4.960502634935293,68.62934957941373,13.369336415751102
4.961289828844567,65.67510147889455,14.302737815178832
4.962077022753841,67.10611061311104,14.239608878561183
4.962864216663116,75.5763185289171,14.106954045686475
4.963651410572389,69.61188276049117,13.669271781728996
4.964438604481663,68.20152787759271,13.552530453549792
4.965225798390938,66.21909912427266,13.4670999995883
4.966012992300212,75.75663179821439,13.708502594857734
4.966800186209486,71.92878035042021,13.569245018059938
4.96758738011876,72.84920222891702,13.694696232802348
4.968374574028035,75.99138206905789,13.382550130356806
4.969161767937309,75.932242764367,13.502778268463071
4.969948961846583,78.10103684001498,14.121470622706811
4.970736155755858,74.17763421194894,14.679338115235371
4.971523349665132,70.85934885342915,14.785778811988136
4.972310543574406,72.42968578069983,14.056720491024986
4.9730977374836804,75.51685184902615,13.140997628203857
4.973884931392955,74.4597168498569,12.27547403609921
4.974672125302229,71.76955832897777,12.764511475259827
4.975459319211502,71.63049863444434,13.523900144601713
4.976246513120777,70.5519525549478,14.750123791568617
4.977033707030051,71.0663459401735,15.16483572977041
4.977820900939325,67.64207665349396,15.862698388668765
4.9786080948486,69.33327637778387,14.624524000287128
4.979395288757874,69.20718718596868,13.038310811335245
4.980182482667148,67.68101118148213,12.58752479753057
4.980969676576422,72.85669770039303,13.4443345442405
4.981756870485697,68.86420973141988,13.92825775557108
4.982544064394971,73.86703213055928,15.049259399675693
4.983331258304245,67.69171243409316,14.931204103344031
4.98411845221352,69.49297004275851,14.661329545840577
4.984905646122794,65.96812588235606,13.540322458438457
4.985692840032068,65.13540665532501,13.452842495145829
4.986480033941342,70.43475731325822,14.188555613177394
4.987267227850616,66.22335025242397,14.51720994830603
4.98805442175989,64.59600192029029,14.480015147307006
4.988841615669164,58.58739832864291,14.357040437434607
4.989628809578439,63.4538902766268,14.034823798531697
4.990416003487713,66.62992864184909,13.43394427800809
4.991203197396987,70.56463609801398,13.50570041103671
4.9919903913062615,73.43859678506851,14.177657189790636
4.992777585215536,67.899468405146,14.92843055769764
4.99356477912481,64.48737025260925,14.865085126288536
4.994351973034084,64.31057321852532,14.391489323682745
4.995139166943359,65.76007089270672,13.490814383774952
4.995926360852633,68.42474278041294,12.699520789882941
4.996713554761907,74.53343062469925,12.91269566525354
4.9975007486711815,69.79202951325311,13.225599494939358
4.998287942580456,67.52338263647897,14.079374693244002
4.999075136489729,65.63826557000478,14.878834848748722
4.9998623303990035,66.19205795356206,15.244015117342318
5.000649524308278,66.92380609646649,14.567449989097748
5.001436718217552,66.91880824830797,13.662897653425027
5.002223912126826,64.52392223146227,13.16807086626457
5.003011106036101,63.02361072434319,13.451496499220681
5.003798299945375,68.07139941336403,13.549292968580428
5.004585493854649,69.10854034423828,13.713433340005123
5.0053726877639235,66.58381050742335,14.110754994833776
5.006159881673198,73.70828958968042,14.323527162520968
5.006947075582472,71.1356277193342,14.391443101804876
5.007734269491746,67.97036373783165,14.344188641175442
5.008521463401021,65.22112158654441,14.338881496712288
5.009308657310295,67.7375879825001,13.700044157462866
5.010095851219569,62.88939991924498,13.313378315740373
5.010883045128843,69.85955533981323,13.323529402665876
5.011670239038117,68.5000116692649,13.458494952616068
5.012457432947391,69.24364010492961,13.142785879541687
5.0132446268566655,65.5395604993256,13.257574903827166
5.01403182076594,65.34135813108632,14.306406468528985
5.014819014675214,64.35357978378516,14.670069737172966
5.015606208584488,69.02214391466597,14.524635661846647
5.016393402493763,71.09134917863658,14.439004028713427
5.017180596403037,66.0525619453854,13.592977586962618
5.017967790312311,69.4513066344791,13.115440183626994
5.0187549842215855,74.45834732055664,12.62815314448108
5.01954217813086,74.22051550636829,13.081333863393038
5.020329372040134,72.28749341024479,14.214619938311817
5.021116565949408,64.3991191652086,14.508710046462625
5.021903759858683,75.06362157628156,14.642757990634403
5.022690953767956,69.77411674128638,14.728984475898656
5.02347814767723,69.18264910909865,14.151794476379205
5.024265341586505,71.43728380733066,13.192061748812112
5.025052535495779,69.10827896330092,12.929216822530975
5.025839729405053,70.86573017968072,13.016366147861529
5.0266269233143275,67.56202658017476,13.464732332175986
5.027414117223602,67.77099348121965,13.859654073980868
5.028201311132876,67.29817981190152,14.395344524819361
5.02898850504215,66.43122769745302,14.3191115664369
5.029775698951425,70.98656563020089,14.10408982461109
5.030562892860699,68.58066744123187,13.174126361310073
5.031350086769973,61.946089827496074,12.98842613640309
5.0321372806792475,63.92284911019461,13.121596032967043
5.032924474588522,67.90362595820773,13.349300063803543
5.033711668497796,61.68628413147397,13.33939694896251
5.0344988624070695,62.73648984667281,13.67649993438473
5.035286056316344,67.82768598744568,13.707463854874423
5.036073250225618,76.24133736065455,13.87759076131675
5.036860444134892,70.77739321844918,13.594926179296419
5.037647638044167,64.64920132938359,13.519912863366047
5.038434831953441,66.48399444365165,13.818849271026613
5.039222025862715,66.02710072861777,13.997959952404857
5.0400092197719895,65.86737499918256,14.001403310400324
5.040796413681264,67.67314224511804,13.507002838121826
5.041583607590538,66.60687124388558,13.082835759254513
5.042370801499812,69.87658491399553,13.080966168840144
5.043157995409087,70.65293918715582,13.175933877213838
5.043945189318361,66.33304046591122,13.60220670088996
5.044732383227635,71.10577900308958,13.937293890699927
5.0455195771369095,70.29285392476551,14.196763919220306
5.046306771046183,67.36749348375533,14.463274593669686
5.047093964955457,63.32532166110145,13.90186106689746
5.047881158864731,62.707032667266,13.046475919983886
5.048668352774006,64.32814463641908,12.56444593263355
5.04945554668328,61.41131129529741,12.669023186146353
5.050242740592554,74.65016570356157,12.96970822520538
5.051029934501829,78.96544847223494,13.481770206480174
5.051817128411103,94.33237867885165,14.562003821871006
5.052604322320377,93.41356984662337,14.851164358457439
5.053391516229651,75.8887701564365,14.523698276931352
5.054178710138926,69.35817265510559,13.678983696536282
5.0549659040482,70.11626099215613,13.46591988950388
5.055753097957474,66.94350906157158,12.871035358233184
5.056540291866749,65.18807726928166,12.551659536342733
5.057327485776023,70.8920448621114,12.608980329781494
5.058114679685296,66.22088598523821,13.190795947005357
5.0589018735945706,73.11783295207553,14.40096946730954
5.059689067503845,71.14946572209747,14.70236840025918
5.060476261413119,69.83862841968805,14.954716015161146
5.061263455322393,70.4987904991902,14.629138436789841
5.062050649231668,64.04865578810374,13.688840538429377
5.062837843140942,72.17178132500447,13.333249950913514
5.063625037050216,66.5863771300385,13.092442349978656
5.064412230959491,73.31380852063496,13.297796240117787
5.065199424868765,66.76026380763335,13.614323100506946
5.065986618778039,69.98667793273925,14.01898434509846
5.066773812687313,69.67236782127702,14.17526807179193
5.067561006596588,66.21987603770361,14.628566090412429
5.068348200505862,71.88488234413995,14.170043225186241
5.069135394415136,66.20873480783382,13.349586454353652
5.06992258832441,72.6429173151652,13.24368485965025
5.070709782233684,62.00803464821407,13.25184673293705
5.071496976142958,65.04485100759587,13.212195196368704
5.0722841700522325,65.2341165807512,13.394218050048817
5.073071363961507,69.21633270051744,13.803632744520703
5.073858557870781,66.3501716886248,14.015704262716287
5.074645751780055,69.78349480158846,14.41415568267854
5.07543294568933,79.79655207528009,14.292400149795439
5.076220139598604,65.42104371388753,14.37435635576484
5.077007333507878,68.47893300983641,14.70304505180859
5.0777945274171525,63.27032905817032,14.600347876516265
5.078581721326427,64.60788883765538,13.625352622983318
5.079368915235701,65.13301986371967,13.408784561615132
5.080156109144975,73.36187108357747,12.965019622118636
5.08094330305425,77.13749684227838,13.198733035903832
5.081730496963523,69.21543616308293,13.657774816777703
5.082517690872797,65.91231833232774,14.030804156772021
5.083304884782072,56.33408805014382,14.550930526077304
5.084092078691346,69.21979973051283,14.912732529953749
5.08487927260062,57.92466735839844,14.43852844796193
5.0856664665098945,68.7085527272688,13.675457330354483
5.086453660419169,65.7703515802111,13.38823334000357
5.087240854328443,64.96056334972381,13.101387526134934
5.088028048237717,69.62692019674513,13.353547870343627
5.088815242146992,73.29949307777513,13.77090534618189
5.089602436056266,83.01865408155653,15.002718453647086
5.09038962996554,65.83691438486878,15.85990946436357
5.0911768238748145,69.09783546129863,16.112933954035036
5.091964017784089,67.3787403901418,15.270750266991882
5.092751211693363,75.39670133590698,14.450312701369212
5.0935384056026365,75.60074663162231,13.526127196017633
5.094325599511911,64.45445262061224,13.22030912497418
5.095112793421185,68.64754957622952,13.289154626110111
5.095899987330459,64.89624566502042,13.923684932025793
5.096687181239734,68.50480988952849,14.8271438522655
5.097474375149008,61.93570954269833,15.464824198234144
5.098261569058282,70.57254438930087,15.274191491456873
5.0990487629675565,70.34762562645807,14.685860634770176
5.099835956876831,79.73746320936415,14.430008507165777
5.100623150786105,73.71126408047147,13.481934782138511
5.101410344695379,67.78313117557101,12.840523248036781
5.102197538604654,71.34786454836528,13.288857456999786
5.102984732513928,63.500622440391865,13.523276521418678
5.103771926423202,71.6233549118042,14.39766465145067
5.1045591203324765,69.91548994313116,14.477652126599493
5.10534631424175,63.85758225123087,14.541752869847166
5.106133508151024,73.96791726521083,14.25304303158996
5.1069207020602985,73.54431846779836,13.931998400935628
5.107707895969573,74.09308710232587,13.44418578931881
5.108495089878847,68.60076872507732,13.495436595833255
5.109282283788121,67.71811652183533,14.064274324704707
5.110069477697396,67.14474964813448,14.446511533832835
5.11085667160667,69.27479203542073,14.319510935996663
5.111643865515944,66.63909908079765,13.695890410772746
5.1124310594252185,64.79996467961206,13.5920522283751
5.113218253334493,66.3233769469791,13.862192696692437
5.114005447243767,62.37175647417704,13.573902254137368
5.114792641153041,64.13377009497748,14.045528980375986
5.115579835062316,62.92976354228126,14.323410264790857
5.11636702897159,67.00463501612346,14.719848201001085
5.117154222880863,69.47992775175307,14.989554737136809
5.117941416790138,66.14956619342168,14.763270784330395
5.118728610699412,69.49791003598108,13.842797835077894
5.119515804608686,65.42539318402608,13.1507181437638
5.1203029985179604,69.66473876105414,13.226882087239392
5.121090192427235,69.4773521622022,13.067997580764551
5.121877386336509,73.19319452179803,13.798036922493523
5.122664580245783,68.33331607764876,14.325705366270425
5.123451774155058,72.3172288470798,15.366987967922363
5.124238968064332,73.94682293468051,15.396130606282206
5.125026161973606,72.76223585340712,15.343609040810167
5.1258133558828805,73.67131894071338,14.042536891045035
5.126600549792155,83.57883644104004,13.482261813130247
5.127387743701429,101.37830622990926,13.065239489270871
5.128174937610703,98.23020839691162,12.99298115924324
5.128962131519977,83.39242496755388,13.778886971725035
5.129749325429251,69.14157613118489,14.642866404471752
5.130536519338525,61.77722382545471,15.797406015613307
5.1313237132478,69.54545005162556,15.956308795194644
5.132110907157074,65.62367426024542,15.635423142354776
5.132898101066348,70.40007948539626,14.667411646184691
5.133685294975622,63.84549138943354,13.617646803112688
5.134472488884897,65.88543761798314,12.795677582799966
5.135259682794171,66.13720406426324,12.529594331303024
5.136046876703445,72.26221050156488,13.097891286846782
5.13683407061272,70.99051850278613,13.844179383514602
5.137621264521994,70.67422935697768,14.565643190087659
5.138408458431268,70.34974567095439,15.67626043393085
5.139195652340542,68.47566813892789,15.63075501273169
5.139982846249817,70.3285760084788,15.010125374236408
5.14077004015909,69.18223539540466,13.893829954796614
5.141557234068364,75.66541939311557,13.19204039335858
5.142344427977639,76.90165310435825,12.513058781256293
5.143131621886913,72.30503500832452,12.819922929240745
5.143918815796187,69.37363515959845,13.573632964515324
5.1447060097054615,71.54324991835489,14.472756467875119
5.145493203614736,74.0279963573707,15.281079311414802
5.14628039752401,74.0975277821223,16.01712125281412
5.147067591433284,73.61205954021878,15.37952918710544
5.147854785342559,71.77315386136372,14.720756565707994
5.148641979251833,74.30331587791443,13.961939992750223
5.149429173161107,74.7842191391521,13.52071965125424
5.1502163670703816,77.39937921980737,13.377059578487513
5.151003560979656,76.30422868862958,13.207139133044642
5.15179075488893,77.94790001710255,13.996999487180432
5.1525779487982035,81.02299980378487,15.048268703456003
5.153365142707478,82.53103317154779,15.615173640360247
5.154152336616752,82.66231118308173,15.86409822464732
5.154939530526026,73.1556876765357,14.980911690961914
5.155726724435301,79.6618058151669,14.6060222866378
5.156513918344575,75.03818840450711,13.916492247909945
5.157301112253849,77.78965458399813,13.6897468165035
5.1580883061631235,76.78549700313144,13.333160211972919
5.158875500072398,78.78767037391663,13.999179464482479
5.159662693981672,83.58121082517836,14.288118931843591
5.160449887890946,80.17867848608229,15.643453102715343
5.161237081800221,75.78214208285014,15.776381622657947
5.162024275709495,76.43089710341559,15.31498795450258
5.162811469618769,79.40627596113417,15.12731436842906
5.1635986635280435,75.45162142647638,14.740391855247648
5.164385857437317,77.7346322801378,14.059424620816692
5.165173051346591,77.64083607991536,13.753365886890917
5.1659602452558655,75.29991907543607,13.554719263497391
5.16674743916514,72.25239208009508,14.016486952452512
5.167534633074414,79.07176325056288,14.753397501414511
5.168321826983688,86.40629111395941,15.427929995140762
5.169109020892963,85.26829475826688,15.144393103967959
5.169896214802237,78.78507375717163,15.184363265091601
5.170683408711511,80.71226480272081,15.395537171530863
5.1714706026207855,82.12355359395345,14.972444974363157
5.17225779653006,81.52508730358548,14.372110067410418
5.173044990439334,81.76037102275424,13.71929734524793
5.173832184348608,86.52041700151231,13.74184272896404
5.174619378257883,82.87885578473409,14.300953140493526
5.175406572167157,80.41114695866902,15.62787701235885
5.17619376607643,83.70847455660503,15.958623348049057
5.176980959985705,77.67312902874417,15.76002606181533
5.177768153894979,82.30264970991347,15.49999412363005
5.178555347804253,85.28462658988104,15.178678552895958
5.1793425417135275,86.51208919949002,14.73955725872412
5.180129735622802,78.84420755174425,14.12930216899271
5.180916929532076,81.20211712519328,13.684146739931863
5.18170412344135,84.25448446803622,14.059917951145676
5.182491317350625,83.89678756395976,14.180109713384576
5.183278511259899,86.0106761654218,15.57755571986069
5.184065705169173,80.6597336481015,16.14302680131599
5.1848528990784475,90.64146463076274,16.330719906413307
5.185640092987722,82.07542819708166,15.872946505418687
5.186427286896996,94.30404504140218,15.197045182501917
5.18721448080627,83.97190833091736,14.559172469143945
5.188001674715544,92.84290154774983,14.212885977927057
5.188788868624818,87.94616444905598,13.91382152206025
5.189576062534092,86.71944978502061,13.796894458819757
5.190363256443367,85.66856119367812,14.157717059804066
5.191150450352641,83.33679835001628,15.331699682785347
5.191937644261915,93.7566049363878,16.086940736793494
5.1927248381711895,90.09680790371365,15.864312390831989
5.193512032080464,93.7190302213033,15.76658216836486
5.194299225989738,87.08317438761394,14.921804360424805
5.195086419899012,92.98778125974867,14.789453124298424
5.195873613808287,89.98320870929294,13.997479153157386
5.196660807717561,94.94524807400174,13.735494220189596
5.197448001626835,92.41017394595676,14.013016390283353
5.1982351955361095,91.05436240302191,14.296410968511369
5.199022389445384,83.97848425971137,15.18937002423855
5.199809583354657,84.14025450415082,15.35196850092343
5.200596777263931,93.7958829138014,15.786827881394519
5.201383971173206,86.96013885074191,15.55826899439891
5.20217116508248,89.6011222468482,15.33240930876254
5.202958358991754,86.92058679792616,14.816838116374337
5.203745552901029,96.0691360367669,14.145961693210657
5.204532746810303,88.81609439849854,13.650599295113391
5.205319940719577,94.74319622251723,13.80207635761727
5.206107134628851,86.63124640782674,13.846234078079384
5.206894328538126,90.14861663182576,15.022894525302185
5.2076815224474,92.29955980512831,15.291119359251534
5.208468716356674,93.19684574339125,15.765352558334985
5.209255910265949,90.25849066840277,15.799719685711134
5.210043104175223,81.73961406283908,14.6572526897526
5.210830298084497,84.53462304009332,14.42845113404471
5.211617491993771,80.95362461937799,13.618541960496357
5.212404685903045,88.61614142523871,13.618880360869149
5.213191879812319,92.00196976131863,13.611628274543957
5.213979073721593,102.2222015062968,13.868238650702017
5.214766267630868,96.73652076721191,14.515232352325953
5.215553461540142,101.32599751154582,15.868812835324217
5.216340655449416,93.72600025600858,16.16116045854426
5.217127849358691,102.46032047271729,15.837714182432391
5.217915043267965,108.31038284301758,14.884084578745439
5.218702237177239,108.15827343198988,14.326382897267798
5.219489431086513,106.82642385694716,13.773640145690281
5.220276624995788,109.7575306362576,13.292956099519737
5.221063818905062,114.64600817362468,13.487351079873203
5.221851012814336,113.80689652760823,13.835258544557341
5.222638206723611,118.22876193788316,14.689784325555857
5.223425400632884,114.73869858847723,15.454219151400219
5.224212594542158,126.17855845557318,16.375407152383243
5.2249997884514325,123.44820382859972,16.673592354497014
5.225786982360707,116.64401319291856,16.600528361505912
5.226574176269981,112.95833698908488,15.593926340819438
5.227361370179255,122.57275485992432,14.12907336826954
5.22814856408853,122.727888001336,13.68621533921434
5.228935757997804,120.8402100669013,12.853690808415022
5.229722951907078,119.79959911770291,12.880017397394905
5.2305101458163525,119.02106952667236,13.507869612835423
5.231297339725627,122.7386531829834,14.350591235734505
5.232084533634901,122.90806600782606,15.645740253900124
5.232871727544175,122.05722427368164,16.62794257211713
5.23365892145345,118.70092423756917,16.811875648010716
5.234446115362724,121.93113825056288,16.87009162600238
5.235233309271997,123.83227517869737,15.636739094239747
5.236020503181272,121.48281346427069,14.394995022095797
5.236807697090546,114.12693214416504,13.496501428566473
5.23759489099982,113.43951903449164,13.106154072341477
5.2383820849090945,104.10453738106622,13.161097587003583
5.239169278818369,98.39801216125488,13.504109300327904
5.239956472727643,94.90799154362209,14.230955157939102
5.240743666636917,86.35596540239122,15.553333235725495
5.241530860546192,96.41506078508165,16.148381993427684
5.242318054455466,100.05655994680193,16.17871625134233
5.24310524836474,102.30379006597731,16.251130304491195
5.2438924422740145,103.24866946538289,15.4506736258708
5.244679636183289,111.01667494244046,14.545485254358708
5.245466830092563,105.16603093677097,13.823922415660297
5.246254024001837,109.45569944381714,13.202780028783195
5.247041217911111,107.6834699842665,13.251447984804274
5.247828411820385,107.49812910291884,13.56813295013202
5.248615605729659,109.87702417373657,14.529736257743686
5.249402799638934,115.23867898517184,15.342861667332988
5.250189993548208,101.71641967031691,15.944935825660039
5.250977187457482,100.38933819112643,15.639218584092577
5.2517643813667565,103.04849237203598,15.437821812678788
5.252551575276031,99.80331661966112,15.114851076525232
5.253338769185305,110.33818790647719,14.859141440036872
5.254125963094579,103.04973226123386,13.875041115368028
5.254913157003854,108.3971979353163,13.7123128977828
5.255700350913128,101.57266897625394,13.761801899234966
5.256487544822402,105.77326806386311,14.544698192775918
5.2572747387316765,102.17162609100342,14.908019196742629
5.258061932640951,102.2298525704278,15.314860747247398
5.258849126550224,104.16855706108942,15.248781222998534
5.2596363204594985,97.2791657447815,15.43088073915674
5.260423514368773,96.46314414342244,15.124008208173308
5.261210708278047,99.673194832272,14.982634139201533
5.261997902187321,101.32983854081895,14.558839981060109
5.262785096096596,102.49954557418823,14.374043813173149
5.26357229000587,104.26508336597018,14.053515648475944
5.264359483915144,103.15056996875339,14.34863138260142
5.2651466778244185,107.63991340001424,14.849270449708781
5.265933871733693,100.16214598549738,14.980286057971991
5.266721065642967,103.94327894846599,15.180441236292346
5.267508259552241,100.4092379146152,15.160027563545084
5.268295453461516,98.26548221376207,15.200339391117884
5.26908264737079,92.58287784788344,15.093257694577678
5.269869841280064,96.15975348154704,14.14693256630119
5.270657035189338,95.58796956804063,14.144093197851628
5.271444229098612,95.435622215271,14.100552201126744
5.272231423007886,96.64072730806139,14.911865476182097
5.2730186169171605,95.40528196758694,15.17464432168652
5.273805810826435,99.69394177860684,15.187173269791419
5.274593004735709,96.87165319415885,15.66100062863032
5.275380198644983,97.18901125590007,15.448029515529067
5.276167392554258,98.81396865844727,15.426419492067415
5.276954586463532,97.3313700358073,14.8346531000776
5.277741780372806,97.52974679734972,14.681124872320035
5.2785289742820805,99.11472302012973,14.399373809345594
5.279316168191355,95.60611502329509,14.30826217520407
5.280103362100629,97.01879511939154,14.174217323102985
5.280890556009903,94.48000907897949,14.540219679534449
5.281677749919178,90.924454053243,15.029454998081748
5.282464943828451,87.93113583988614,15.95535509438342
5.283252137737725,94.9808632267846,16.49293713379199
5.284039331647,90.33625258339777,15.741903792220455
5.284826525556274,93.45867404131822,14.679812220107937
5.285613719465548,92.7107081413269,14.671561454927325
5.286400913374822,94.09363704257541,14.28354732959532
5.287188107284097,96.02612188127306,14.124653888535416
5.287975301193371,95.7610838148329,14.245632067830082
5.288762495102645,93.33822388119168,14.681795458161274
5.28954968901192,91.40986177656386,15.076562422858586
5.290336882921194,90.56485552257962,15.08296120233887
5.291124076830468,100.92469384935167,15.994739377057641
5.291911270739742,95.26148949729071,15.965379337265142
5.292698464649017,95.11974626117282,16.061431460916953
5.293485658558291,94.72699840863545,15.617334114599979
5.294272852467564,92.48192302385966,15.286013747143265
5.295060046376839,99.70940807130602,14.657085444894824
5.295847240286113,96.37722563743591,14.144921314449268
5.296634434195387,95.71258152855768,14.007485168593876
5.2974216281046616,89.79652616712782,14.226123923825202
5.298208822013936,96.57171397738986,14.63149780184469
5.29899601592321,93.41692882113986,15.158838550006768
5.299783209832484,92.43936930762396,15.36358454304523
5.300570403741759,91.4504510031806,15.653012827559808
5.301357597651033,92.26960968971252,15.503184355070438
5.302144791560307,89.53886670536465,15.441826058238185
5.3029319854695816,91.63151735729642,14.908300502555031
5.303719179378856,90.18655496173434,14.854340247054738
5.30450637328813,94.50265285703871,15.045934920687882
5.305293567197404,97.51164045598772,15.253894177042099
5.306080761106678,92.05982025464375,14.812820513253044
5.306867955015952,89.34667066733043,15.143651222501259
5.307655148925226,86.7706644932429,15.290177206846922
5.308442342834501,92.19868053330316,15.27939208555066
5.309229536743775,87.43442169825236,14.957128348458113
5.310016730653049,94.81988631354437,14.826112514778941
5.3108039245623235,92.90797344843547,14.304654463445274
5.311591118471598,93.03403067588806,14.18640547306101
5.312378312380872,86.17134777704875,13.923876206424488
5.313165506290146,85.03102068106334,13.959643317026083
5.313952700199421,87.75911895434062,14.48143138925753
5.314739894108695,88.41809001233842,15.182361027616356
5.315527088017969,87.95317125982709,16.038948178154865
5.3163142819272435,85.25402462482452,16.43709465915525
5.317101475836518,86.45862457487318,16.81667219538922
5.317888669745791,79.91992456383176,15.682008784575938
5.3186758636550655,85.28241753578186,14.819291325912898
5.31946305756434,86.94763074980841,14.381871732392622
5.320250251473614,90.2904359234704,13.972387524641455
5.321037445382888,84.96818155712552,14.11499712449627
5.321824639292163,85.40950579113431,14.097654090562946
5.322611833201437,89.965414736006,14.166763481673327
5.323399027110711,88.70799332857132,14.145576011214573
5.3241862210199855,84.23857629299164,14.189977335024254
5.32497341492926,82.09491732385423,14.50615292558334
5.325760608838534,84.75544080469344,14.712580310756005
5.326547802747808,87.06261979871326,15.07787400558903
5.327334996657083,85.03975647939762,15.157876224860592
5.328122190566357,82.19722742504544,14.99229838677969
5.328909384475631,87.06672366460164,14.762400700817299
5.329696578384905,78.99056469069586,14.628043118182452
5.330483772294179,79.59371896584828,15.090911180004241
5.331270966203453,71.66850254270766,15.467694321492738
5.3320581601127275,71.39032091034784,15.652131637574684
5.332845354022002,74.55960631370544,15.917380073466232
5.333632547931276,75.70968551105923,15.888054712147758
5.33441974184055,78.2183428340488,15.568705668580833
5.335206935749825,83.97421667310927,14.396039468166581
5.335994129659099,102.26957755618625,13.98034398625637
5.336781323568373,140.35461478763156,13.743053115531884
5.3375685174776475,254.23790486653647,14.727792375041004
5.338355711386922,461.66893683539496,16.83307782441026
5.339142905296196,635.3880831400553,18.937867225937893
5.33993009920547,551.7426681518555,19.135592532443667
5.340717293114744,322.2890116373698,17.598754876169547
5.341504487024018,184.7813484403822,17.16965125490025
5.342291680933292,127.20938316980998,16.448580534963906
5.343078874842567,103.42837161488004,15.936887781861099
5.343866068751841,94.8213379515542,15.160486459026611
5.344653262661115,83.32909495393994,14.880051449451939
5.3454404565703895,79.9399443467458,13.940393388674504
5.346227650479664,79.2391335831748,14.069339822076264
5.347014844388938,78.85735125011868,13.93156494060201
5.347802038298212,74.62830093171861,13.783198212915785
5.348589232207487,80.60616856151157,14.181591572250982
5.349376426116761,83.00922693808873,14.660713480199874
5.350163620026035,78.89038496957698,14.620678010057405
5.3509508139353095,78.7075883547465,14.617877411355028
5.351738007844584,77.07079108556111,14.351039057869064
5.352525201753857,81.76103811793857,14.55370247411723
5.353312395663131,75.34641843371921,13.8064942905538
5.354099589572406,79.89588321094782,14.226502102579158
5.35488678348168,75.49157124095493,14.263697876175266
5.355673977390954,78.51621675491333,14.937616880804335
5.356461171300229,71.74461054801941,15.085944383486655
5.357248365209503,79.97529088126288,15.204604995539993
5.358035559118777,79.75071263313293,15.536816294907604
5.3588227530280514,79.59939564598932,14.990452128380984
5.359609946937326,75.75066783693102,14.3922340898797
5.3603971408466,77.417802784178,14.33309455610417
5.361184334755874,77.68502293692694,13.926425614797848
5.361971528665149,75.6352047390408,13.402881720589486
5.362758722574423,76.83821974860297,13.572015741209816
5.363545916483697,75.04756032096014,13.537623201073359
5.364333110392971,80.86106883154974,13.840968953124447
5.365120304302245,81.12584977679782,14.516850061489734
5.365907498211519,79.5340498553382,15.151946212162393
5.366694692120793,80.52288275294833,15.387088293183982
5.367481886030068,86.01152006785075,15.809020235475852
5.368269079939342,71.08071210649278,15.675073814588155
5.369056273848616,78.54546270105574,15.764106281992758
5.369843467757891,71.85278291172452,15.059293581035758
5.370630661667165,74.15652153227065,14.718843529503898
5.371417855576439,74.57830988036261,14.73087525347007
5.372205049485713,78.76784205436707,14.735343753736492
5.372992243394988,71.28908099068536,14.671404003361745
5.373779437304262,72.97895210981369,14.792078159646818
5.374566631213536,71.14833527141147,15.248469602381514
5.375353825122811,75.97682733005948,15.392855509785804
5.376141019032084,72.49636891153123,14.839154190804878
5.376928212941358,72.10852381918166,14.564690818180887
5.3777154068506325,75.98362482918634,14.09582297437173
5.378502600759907,74.25850918557909,13.743362873279544
5.379289794669181,74.59582373831007,13.498174512453778
5.380076988578455,72.05002911885579,13.63285651979348
5.38086418248773,73.55531787872314,13.85286066188804
5.381651376397004,69.91536479526096,14.446794102497634
5.382438570306278,74.36495759752061,15.155456234635984
5.3832257642155525,75.32591599888272,15.685098387703208
5.384012958124827,75.59912985143526,16.314955922478465
5.384800152034101,72.76813197135925,16.106353699387714
5.385587345943375,74.92707808812459,15.477412136981016
5.38637453985265,75.10818084081014,15.217551320297261
5.387161733761924,76.43070742819044,14.60525647546995
5.387948927671197,78.82456000645955,14.300661707205885
5.388736121580472,74.18399673038058,14.379903867045087
5.389523315489746,74.0122554037306,14.49790349591748
5.39031050939902,76.69728476471371,14.637456545030407
5.3910977033082945,72.92097398969862,15.031202191533938
5.391884897217569,77.40034201410081,15.40616121593988
5.392672091126843,80.56615082422893,15.111412310868152
5.393459285036117,76.40467601352267,15.051860956377471
5.394246478945392,73.21235311031342,14.841756076127737
5.395033672854666,76.20418270428975,14.517138639505962
5.39582086676394,78.9238429069519,14.098586716523636
5.3966080606732145,75.91100989447699,13.783782685622644
5.397395254582489,79.48531277974446,14.30928300620379
5.398182448491763,73.94593302077718,14.497938913324612
5.398969642401037,78.92085562811957,15.173972201524828
5.399756836310311,74.24841719203525,15.81185203450017
5.400544030219585,73.72951761881511,16.698893585027466
5.401331224128859,77.37844475110371,17.039007397045065
5.402118418038134,79.28146448269696,16.626938040949362
5.402905611947408,81.85332719484965,15.911984805853422
5.403692805856682,83.01573144065009,15.107138762129996
5.4044799997659565,81.4512112935384,14.473698127679532
5.405267193675231,78.614182472229,14.41051143177495
5.406054387584505,80.90549537870619,14.489510445319775
5.406841581493779,83.31358639399211,14.565692922472763
5.407628775403054,83.77667718463474,14.683928634355453
5.408415969312328,79.38301298353407,14.686957146401193
5.409203163221602,79.07486912939284,14.8011788364495
5.4099903571308765,75.45326178414481,14.743693369743552
5.410777551040151,75.3121496571435,14.725091261803314
5.411564744949424,76.6237719853719,14.442470621784
5.4123519388586985,78.87013106875949,14.354488000557222
5.413139132767973,79.35428807470534,13.988885533955232
5.413926326677247,82.22709941864014,14.054081513823865
5.414713520586521,81.73376072777643,14.347755040763655
5.415500714495796,82.90323220358954,14.645706015383606
5.41628790840507,78.14527575174968,15.257787708887848
5.417075102314344,77.54833772447374,16.08709579666706
5.4178622962236185,78.05599366294012,16.723780548528747
5.418649490132893,84.53997437159221,17.029363796173175
5.419436684042167,77.1030899418725,17.265601816200586
5.420223877951441,79.4159664577908,17.00597454489433
5.421011071860716,78.39424689610799,16.358482559292042
5.42179826576999,76.63112534417047,15.521601976750908
5.422585459679264,79.72252384821574,15.290454422878984
5.423372653588538,74.1488557126787,14.891559791235586
5.424159847497812,80.89517079790433,15.051439641326132
5.424947041407086,83.30414279301961,15.577401755490953
5.4257342353163605,81.56401162677341,15.176859594509141
5.426521429225635,80.87466984063806,15.327365464498088
5.427308623134909,86.30778895484076,15.166524547039101
5.428095817044183,82.06839577356975,14.61961552643928
5.428883010953458,84.06706915961371,14.173554559288334
5.429670204862732,79.84651536080572,13.544081061393596
5.430457398772006,81.20146793789334,13.500139445274463
5.4312445926812805,78.00823163986206,13.234057701572619
5.432031786590555,78.74504502614339,13.81309760348018
5.432818980499829,78.3674680656857,13.963172108371293
5.433606174409103,83.59220494164362,14.556462792184925
5.434393368318378,88.78068206045363,14.975068746855122
5.435180562227651,91.5498783853319,15.795922981441667
5.435967756136925,81.00317414601643,15.302676386395115
5.4367549500462,82.8778845469157,15.415662969661142
5.437542143955474,82.59613238440619,15.29805540955386
5.438329337864748,83.72893185085721,15.093731130895357
5.439116531774022,88.07775810029771,14.947561929254968
5.439903725683297,91.00220478905572,15.051355355152078
5.440690919592571,86.66682842042711,15.29015550682893
5.441478113501845,80.85457555452983,15.924920415479091
5.44226530741112,83.40895260704889,16.40928925991624
5.443052501320394,87.81837007734511,16.24243842714857
5.443839695229668,78.24987885687086,16.002623343143956
5.444626889138942,77.35574966006808,16.1979177943932
5.445414083048217,86.98301792144775,15.510332959872008
5.446201276957491,87.4414644241333,14.783589393624124
5.446988470866764,85.53116713629828,14.271830693674046
5.447775664776039,85.99078708224826,13.965527911441637
5.448562858685313,87.838621351454,13.562591021351313
5.449350052594587,92.9984215878778,13.81767809468498
5.4501372465038616,90.79960547553168,14.012327800972914
5.450924440413136,83.83907047907512,13.953706254432868
5.45171163432241,81.31824233796861,14.395886082413794
5.452498828231684,79.54087591171265,14.463831151469453
5.453286022140959,79.13614983028836,14.26890458770036
5.454073216050233,79.69808223512437,14.329790355142629
5.454860409959507,78.64189714855618,13.868352051068262
5.455647603868782,76.2768579588996,13.590031273499077
5.456434797778056,85.91536680857341,13.555403996860852
5.45722199168733,82.53362841076321,13.667056200643417
5.458009185596604,80.6137081252204,13.947778293228971
5.458796379505878,84.13093185424805,14.449804098292827
5.459583573415152,81.09186628129747,14.867548766783598
5.460370767324426,80.86878247328208,15.185328870338706
5.461157961233701,81.27854765786066,15.942983332733696
5.461945155142975,81.10578123728435,15.80612778245485
5.462732349052249,83.00554715262518,15.631953456510667
5.4635195429615235,84.21603775024414,14.745388538730532
5.464306736870798,82.0824819140964,14.62308515267526
5.465093930780072,78.61291657553778,14.239653486113678
5.465881124689346,86.04032590654161,14.09179861624987
5.466668318598621,91.49251116646661,14.4455311442357
5.467455512507895,93.08989312913683,14.46177579005151
5.468242706417169,87.17352489630382,14.937796824433164
5.4690299003264435,90.82905017005072,15.3964230726625
5.469817094235718,98.77273766199748,15.371838327651073
5.470604288144991,92.39176925023396,15.309067629812494
5.4713914820542655,86.64149840448944,15.087046678651596
5.47217867596354,80.2475725279914,14.03094980019231
5.472965869872814,82.57585122551717,13.55419588857341
5.473753063782088,82.37389238675435,13.328876150718884
5.474540257691363,82.25223549207051,12.898215114701415
5.475327451600637,85.33657508426242,13.018402349670934
5.476114645509911,81.78470087051392,12.845122930101306
5.4769018394191855,81.45194074842665,13.456066835209617
5.47768903332846,85.41827946239047,13.868183919538982
5.478476227237734,88.0118170314365,14.00996154666174
5.479263421147008,88.70676162507799,13.932310490940514
5.480050615056283,84.0489641295539,13.666080883438253
5.480837808965557,78.16601006189983,13.421095030680439
5.481625002874831,79.64463664425745,13.246642371121567
5.482412196784105,89.52689952320523,13.19947821812901
5.483199390693379,90.41268491744995,13.046454310196918
5.483986584602653,88.48609044816759,13.043849516597561
5.4847737785119275,86.61541154649522,13.35952968654835
5.485560972421202,83.42046382692125,13.894393451241374
5.486348166330476,82.56214780277676,14.56405771829549
5.48713536023975,86.83813134829204,14.985836464083036
5.487922554149025,87.87112225426569,15.06883502177222
5.488709748058299,83.13694609536066,15.025106559476844
5.489496941967573,79.15621662139893,14.494743777848619
5.4902841358768475,84.1709247165256,14.475913039318465
5.491071329786122,88.94902875688341,14.292383566625888
5.491858523695396,83.92125044928656,13.912795412353177
5.49264571760467,91.03264692094591,14.095141861382105
5.493432911513945,83.89687003029718,14.254874100117158
5.494220105423218,85.75020032458835,14.659083825096841
5.495007299332492,90.56990920172797,14.75312741287547
5.495794493241767,91.8001999060313,14.995730381864293
5.496581687151041,90.95479573143854,15.12173839362215
5.497368881060315,93.76661194695367,15.341930756485926
5.4981560749695895,87.73024288813274,15.147242145128061
5.498943268878864,93.14431987868414,14.582962568209647
5.499730462788138,90.71266868379381,14.11170115418194
5.500517656697412,86.80154652065701,13.81702420924628
5.501304850606687,85.0364945464664,13.894730390978562
5.502092044515961,88.2228266398112,14.159311609297811
5.502879238425235,87.52750645743475,14.31697793235994
5.5036664323345095,87.39140717188518,14.816667077542222
5.504453626243784,89.91097127066718,15.240735515445678
5.505240820153058,85.53701729244656,15.355695837773634
5.506028014062331,85.87942960527208,15.522291714320051
5.506815207971606,90.54776483111911,15.66335917212815
5.50760240188088,103.4697151184082,15.28630194112211
5.508389595790154,122.01324028438992,14.681792157227612
5.509176789699429,161.09994294908313,15.186009711930149
5.509963983608703,218.17015393575033,15.825793788372586
5.510751177517977,220.21256086561414,15.755026471366296
5.5115383714272514,148.41723177168103,15.541437568093244
5.512325565336526,125.90455796983507,16.0948186867852
5.5131127592458,111.97446971469455,16.09101094879215
5.513899953155074,109.76114273071289,16.677185844269086
5.514687147064349,102.9969597922431,16.39736543762412
5.515474340973623,107.18022070990668,16.793683768830068
5.516261534882897,96.98950861541319,16.437831257658974
5.5170487287921715,94.8123488627689,15.857548274627419
5.517835922701445,92.98895684878032,15.483831836631412
5.518623116610719,99.45978715684679,15.263268657443943
5.519410310519993,97.43170478608873,15.191437465800007
5.520197504429268,97.51846726735432,15.450529454016058
5.520984698338542,100.31577565934923,15.939793098074572
5.521771892247816,102.22763231065538,16.46204848977772
5.522559086157091,98.78886077139113,17.05328462821039
5.523346280066365,97.85504576894972,16.867119330050937
5.524133473975639,99.42619988653395,16.550460650193255
5.524920667884913,104.58421972062852,16.51340503235749
5.525707861794188,90.94937545723386,15.894428747178575
5.526495055703462,100.48687120894311,15.747074710029652
5.527282249612736,92.6058185895284,15.16158144074351
5.528069443522011,88.27361239327325,16.379017831666886
5.528856637431285,94.43243375031844,16.87620166972961
5.529643831340558,100.42890013286046,17.04651382618066
5.5304310252498325,94.91534556513247,17.49664937256819
5.531218219159107,97.58483706580267,17.927833590544985
5.532005413068381,98.48694229125977,18.811086664366847
5.532792606977655,90.06652396065849,17.5242233869356
5.53357980088693,92.68827713860406,17.534669934342695
5.534366994796204,94.57592010498047,16.168613104800567
5.535154188705478,92.63323158688016,15.497363549166677
5.5359413826147525,96.94065888722737,15.457317927700197
5.536728576524027,90.76541005240546,14.530062506774751
5.537515770433301,90.7048290570577,14.877744522161185
5.538302964342575,89.18305725521512,15.233102893805752
5.53909015825185,91.745284292433,15.442307588596723
5.539877352161124,89.18743054072063,15.608514916679523
5.540664546070398,100.97465070088704,16.194907297427772
5.541451739979672,98.09177790747748,16.016215883167806
5.542238933888946,94.65308830473158,15.721426182505159
5.54302612779822,91.57088571124606,15.371213425568872
5.5438133217074945,93.93726115756564,15.034532802825849
5.544600515616769,96.86305083168878,14.7915545653053
5.545387709526043,92.17015012105306,14.315919859460603
5.546174903435317,90.26803255081177,14.28889382704188
5.546962097344592,96.29210382037692,14.400365813042722
5.547749291253866,94.66104306115045,14.913365530362592
5.54853648516314,101.26968733469646,15.85087087678968
5.5493236790724145,91.95693323347304,15.886067121075316
5.550110872981689,94.64469379848904,15.81486712614741
5.550898066890963,93.34683762656317,15.674891401021702
5.551685260800237,93.78135310278998,15.502264723323275
5.552472454709512,92.85570372475519,14.952443483477174
5.553259648618785,96.65788920720418,14.740117254811434
5.554046842528059,97.95886299345229,14.086045347503791
5.554834036437334,95.10265885459052,14.045834266936545
5.555621230346608,97.18491294648912,14.690231763114893
5.556408424255882,96.5560352007548,14.8579588989298
5.5571956181651565,93.4594493177202,15.001594455562829
5.557982812074431,99.67569706175063,15.380073198040293
5.558770005983705,94.26005283991496,15.833387918593672
5.559557199892979,97.67834525638156,16.013973629581812
5.560344393802254,101.46008321974013,15.636531328020965
5.561131587711528,96.54305659400092,15.367383885047921
5.561918781620802,86.98734357621935,14.623053698857738
5.5627059755300765,92.02657572428386,14.084463814396972
5.563493169439351,88.05420160293579,13.91243641714071
5.564280363348625,87.64524454540677,13.85421765322242
5.5650675572578985,92.18030823601617,14.122991634156989
5.565854751167173,101.28573364681668,14.651345482368173
5.566641945076447,98.2683408525255,14.79299324361533
5.567429138985721,97.59346993764241,15.038248522018971
5.568216332894996,100.31484089957343,15.401097834488667
5.56900352680427,92.10907120174832,15.384011686477812
5.56979049561927,116.04075264930725,12.931460187358242
5.569790720713544,87.99593533409967,15.388757000414797
5.570577689528545,109.31422302458022,12.502685336284836
5.5705779146228185,91.10030561023288,14.545736608673106
5.571364883437819,114.2502744462755,12.380159779464215
5.571365108532093,88.22678571277194,14.209448968910277
5.572152077347093,103.62063646316528,12.402449078729758
5.572152302441367,85.92082431581285,13.657094553019785
5.5729392712563675,95.86965640385945,11.71553466479349
5.572939496350641,86.33526198069255,13.521061578602458
5.573726465165642,113.13312315940857,11.52002742686924
5.573726690259916,92.0074757470025,13.807822601699735
5.574513659074916,103.71433056725397,11.4968348315974
5.57451388416919,89.48750432332356,14.226858645950516
5.57530085298419,101.78653452131483,11.506878356395516
5.575301078078464,92.31922785441081,14.52512358439138
5.576088046893465,102.58271079593234,11.255311580051648
5.5760882719877385,90.19371970494588,15.202972045031691
5.576875240802739,96.1290207836363,11.533887868666437
5.576875465897012,86.58729712168376,15.527978481706123
5.577662434712013,104.59504106309679,12.23972273273527
5.577662659806286,86.73862232102289,15.652659149329056
5.578449628621287,114.98710849550035,12.136235856317061
5.5784498537155605,90.22461578581068,15.456780677670341
5.579236822530561,112.62788719601102,12.150557577151725
5.579237047624835,94.82559031910367,14.932868601024776
5.580024016439835,109.17756088574727,12.252280147393234
5.580024241534109,91.1864759127299,14.73561833156603
5.580811210349109,110.26292239295111,12.250460693996796
5.580811435443383,83.24447456995647,14.052187128617202
5.581598404258384,111.0393983523051,11.76479070161768
5.581598629352658,88.5013836754693,13.818405647062544
5.582385598167658,113.30879595544603,11.669895880318792
5.582385823261932,95.0281793806288,13.722882033071942
5.583172792076932,104.91683480474684,11.293945474905618
5.583173017171206,102.00997903611925,14.151538097763837
5.583959985986207,95.44396657413907,10.903255399237132
5.5839602110804805,102.97162294387817,14.69165508086138
5.584747179895481,105.26567403475444,11.107905768567912
5.584747404989755,101.6335859298706,15.123572360711133
5.585534373804755,105.96379878785875,11.497542343674926
5.585534598899029,104.65358850691054,15.917328298796862
5.586321567714029,102.69658433066473,11.569156714694547
5.586321792808303,102.55278396606445,16.143635188671194
5.587108761623304,106.33325052261353,11.711305955480265
5.587108986717578,103.00475427839491,15.930691013642992
5.587895955532578,104.9203651216295,12.078008797043967
5.587896180626852,101.21135372585721,15.529664591854093
5.588683149441852,110.71410634782579,12.649830923409471
5.588683374536125,97.80246135923598,15.143623162742726
5.589470343351127,114.07897721396552,12.288206118844167
5.5894705684454,97.60597138934665,14.836775698505276
5.5902575372604,107.97565274768405,12.279812700820635
5.590257762354674,95.79953834745619,14.491061971218482
5.591044731169674,112.77732544475131,12.26220086853498
5.591044956263948,96.73605410257976,14.420061903842562
5.5918319250789486,112.11193894015418,11.514015530354486
5.591832150173222,97.43588373396132,14.705082677487562
5.592619118988223,111.86276933881972,11.082019240871471
5.592619344082497,99.13809903462727,15.324328753341936
5.593406312897497,111.93813276290894,11.367457097755867
5.593406537991771,106.65108876758151,15.805649336599776
5.594193506806771,112.19392087724474,11.504926124413943
5.594193731901045,107.41045040554471,16.583812218007473
5.594980700716046,108.26476086510553,11.326372153132898
5.59498092581032,107.7187008327908,17.158226654305153
5.59576789462532,111.43287793795268,11.412899711154202
5.595768119719594,104.05729968680276,17.22709856808175
5.596555088534594,113.27716551886664,12.097992892747412
5.596555313628868,102.00316668881311,17.173178067977094
5.5973422824438686,115.95446215735541,12.528869765376106
5.597342507538142,97.93297047085233,16.85118127714694
5.598129476353143,114.99123852120505,11.92946889106922
5.598129701447417,102.75994735293918,16.270025612404496
5.598916670262417,114.51247252358331,12.218262312418993
5.598916895356691,105.26456954744127,15.79489979948798
5.599703864171691,112.6156246331003,12.405925473567569
5.599704089265965,108.59046522776286,15.766760640137894
5.600491058080966,114.65664688746135,11.446597466944885
5.600491283175239,109.31773890389337,15.47426297528442
5.60127825199024,112.38269874784682,11.101606583933584
5.601278477084513,111.54090960820515,15.238221325466245
5.602065445899513,112.43583839040407,11.771494751243914
5.602065670993787,115.87459876802232,15.91030423429474
5.602852639808788,116.63477513525221,11.288907722361499
5.602852864903062,109.35598998599582,15.955035941771602
5.603639833718062,122.47807153065999,10.762148358433617
5.603640058812336,117.74150043063693,16.805416143126447
5.604427027627336,126.06902885437012,11.403241634260397
5.60442725272161,120.76533190409343,16.780202405553386
5.6052142215366105,130.74926715426975,12.127798539460425
5.605214446630884,120.2200911309984,16.879855439887994
5.606001415445885,132.82529322306314,11.762894385550219
5.606001640540159,123.18926164839003,16.74592481910122
5.606788609355159,134.30279037687512,11.82613657171052
5.606788834449433,127.12977017296686,16.237266021749466
5.607575803264433,137.72069846259222,12.670822324399474
5.607576028358707,127.17660299936931,15.666667609558566
5.608362997173708,135.37244908014932,12.139320912735705
5.608363222267982,118.63380866580539,14.95898286266656
5.609150191082982,131.5552633603414,10.94933387603705
5.609150416177256,124.02466795179579,14.913227545399392
5.609937384992256,135.87472279866537,11.488409526392786
5.60993761008653,128.2064176665412,14.672685479143958
5.6107245789015305,130.1420610215929,11.768296891027752
5.610724803995804,121.936851978302,14.883207785045357
5.611511772810805,128.323714044359,10.681152844568205
5.611511997905079,126.47886329227023,15.10504381262965
5.612298966720079,129.5708565182156,10.383601366167424
5.612299191814352,126.97470050387912,15.431398802408896
5.613086160629353,124.23129653930664,11.245237067312686
5.613086385723626,124.43708525763617,15.918939055581228
5.613873354538627,132.94057517581516,11.73895862240216
5.613873579632901,124.5479310353597,15.959654988280558
5.614660548447901,129.13957579930624,11.13588878194145
5.614660773542175,128.58709292941623,16.489705124696307
5.615447742357175,122.04959034919739,11.805147082069551
5.615447967451449,122.8151666853163,16.01652002619606
5.61623493626645,139.43409220377603,12.921633210476964
5.6162351613607235,128.22598881191678,15.315438561680022
5.617022130175724,137.33467038472494,12.171467981876695
5.617022355269998,124.3783090379503,14.714684060627807
5.617809324084998,132.93048901028104,11.228116282880535
5.617809549179272,123.39768473307292,14.459842236166642
5.6185965179942725,137.75869592030844,12.037256328988875
5.618596743088546,124.41378423902724,14.231782741816176
5.619383711903547,129.8551435470581,11.882844954891377
5.619383936997821,131.33207035064697,14.476359912240783
5.620170905812821,127.04801421695285,10.683290449403957
5.620171130907095,131.551421907213,15.071209766002024
5.620958099722095,134.41449695163303,10.84436413410925
5.620958324816369,126.37449826134576,15.586873850687573
5.62174529363137,121.86002748542361,11.503850077675343
5.6217455187256435,122.10756789313422,15.779120450293954
5.622532487540644,123.07170295715332,10.971028539115391
5.622532712634918,128.54391543070474,16.512522557939942
5.623319681449918,135.48360088136462,10.592278465828004
5.623319906544192,127.98048644595676,16.380018506189238
5.6241068753591925,133.15746619966296,11.534062755298445
5.6241071004534655,129.76127836439343,16.620488880863522
5.624894069268467,139.67516125573053,12.365572804309286
5.62489429436274,125.01227135128445,16.378252404435205
5.62568126317774,142.2332295311822,11.66494721823344
5.625681488272014,130.59207725524902,15.93036042168109
5.6264684570870145,134.86587895287408,11.48417944694021
5.626468682181288,122.11838785807292,15.254353885916885
5.627255650996289,142.40856189197964,12.374482953028753
5.627255876090563,131.24277358584933,14.80683166843038
5.628042844905563,134.18162552515665,11.915653885099767
5.628043069999837,129.36216513315836,14.709304699200038
5.628830038814837,134.9692383872138,10.803698135615067
5.628830263909111,131.4704008102417,14.760541903374053
5.629617232724112,146.5914600160387,11.077265869654285
5.6296174578183855,129.53137503729926,14.813701852355685
5.630404426633386,129.36913320753308,11.410441302014906
5.63040465172766,134.13239118787976,15.16070053582203
5.63119162054266,135.2467713885837,10.804027948755092
5.631191845636934,129.19972027672662,15.728838354713252
5.6319788144519345,137.05293909708658,10.590398908754349
5.631979039546208,143.0041799545288,16.179883073057958
5.632766008361209,127.91570504506429,11.260342101682868
5.632766233455483,139.84244463178845,16.411337640748915
5.633553202270483,139.28696325090198,12.100832002461479
5.633553427364757,138.193080690172,15.904674197642008
5.634340396179757,147.33032994800143,11.647726075186865
5.634340621274031,137.07806332906088,15.948726746933557
5.635127590089032,135.1975351439582,11.764782363699046
5.6351278151833055,139.946580780877,15.706035665603288
5.635914783998306,138.8376833597819,12.725190720438892
5.635915009092579,135.20845656924777,15.034242011627134
5.63670197790758,135.43813361061945,12.457516854421241
5.636702203001853,131.30505657196045,14.911929807568127
5.637489171816854,133.79637093014188,11.291316840440077
5.6374893969111275,129.67229090796576,14.977398487865194
5.638276365726128,145.13077206081815,11.881755841436714
5.638276590820402,133.880905257331,15.626721799644494
5.639063559635402,142.39399486117892,12.225241297739931
5.639063784729676,134.579769982232,16.339800278483647
5.6398507535446765,145.28016768561469,11.215017344494507
5.63985097863895,130.6491839090983,16.93881988102443
5.640637947453951,150.2742723888821,11.017435895798151
5.640638172548225,137.9145221710205,17.368494876876703
5.641425141363225,148.64569335513644,11.990946663200706
5.641425366457499,144.9154455396864,18.309397818463168
5.642212335272499,149.30505890316434,12.65281771435157
5.642212560366773,136.0471132066515,17.704249419652545
5.642999529181774,147.10070843166775,12.44826830710014
5.6429997542760475,128.7372489505344,17.491116836104048
5.643786723091048,131.84351539611816,12.651260890814987
5.643786948185322,129.10149817996555,16.668727331569762
5.644573917000322,137.40731978416443,13.59598454589494
5.644574142094596,131.74298032124838,16.14320632409015
5.6453611109095965,141.35513899061414,13.560935073739332
5.64536133600387,135.9743931028578,15.904932802208771
5.646148304818871,135.0060560438368,12.487984862833374
5.646148529913145,133.03423055013022,14.979866809772378
5.646935498728145,140.97695202297635,12.445616879087746
5.646935723822419,134.3096630308363,14.813271712790943
5.647722692637419,125.89410538143582,12.1373385168546
5.647722917731692,133.50382211473254,14.998511255838217
5.648509886546694,133.8074344529046,11.45402509440709
5.649297080455967,145.58744727240668,11.115419475450857
5.650084274365241,134.5711865954929,11.709882120264938
5.650871468274516,140.29326820373535,11.797171827734847
5.65165866218379,147.19758076137967,11.637999944312723
5.652445856093064,137.11207156711154,12.160746725695342
5.6532330500023384,140.39366806877985,12.86006934898681
5.654020243911613,138.69678248299493,12.517152114664952
5.654807437820887,140.094774140252,11.928755499429275
5.655594631730161,156.76194466484918,12.740660140219502
5.656381825639436,148.66283226013184,12.561646887910012
5.65716901954871,152.8547257317437,11.653266052406146
5.657956213457984,160.16179498036703,11.691977705353297
5.6587434073672584,143.48878728018866,11.90321082782354
5.659530601276533,147.94206375545926,11.705132398530914
5.660317795185807,150.53812641567654,11.208869728259343
5.66110498909508,143.02087211608887,11.92572071422881
5.661892183004355,155.51617685953775,12.62956591210597
5.662679376913629,146.43956481085883,12.567478880782872
5.663466570822903,142.6645335621304,12.955302751091022
5.664253764732178,162.5249990357293,14.057863582399914
5.665040958641452,145.2507005267673,13.208920233956924
5.665828152550726,144.04058069652982,12.156808726167887
5.66661534646,150.87305153740778,12.218042184473777
5.667402540369275,144.67801642417908,12.469085154949447
5.668189734278549,150.2672151989407,11.697249220946864
5.668976928187823,148.24867502848306,11.221365018583503
5.669764122097098,145.33442285325793,12.137750251149239
5.670551316006372,154.73453320397272,12.568058858109497
5.671338509915646,146.66024499469333,11.753436674737793
5.67212570382492,146.39795642428928,12.082317686244966
5.672912897734194,159.97632800208197,13.66103615752455
5.673700091643468,146.27537960476346,13.54325580210271
5.674487285552742,149.8946729236179,12.129849748361963
5.675274479462017,154.35091325971814,12.558737069381829
5.676061673371291,146.53941260443793,13.035879344490011
5.676848867280565,149.9518724017673,11.901750676631037
5.6776360611898395,149.38853942023383,11.131698795619435
5.678423255099114,149.03638574812146,11.704048766288178
5.679210449008388,162.6022146013048,12.193183498252823
5.679997642917662,153.92986085679797,11.525658056542236
5.680784836826937,149.28050676981607,11.756013600032263
5.681572030736211,157.26393953959146,13.264636642859605
5.682359224645485,146.26923257112503,12.974266767870754
5.6831464185547595,155.58727910783557,12.29478397988468
5.683933612464034,155.51445240444608,12.301328915632162
5.684720806373307,143.11641020245023,12.790393373281693
5.6855080002825815,161.67048433091907,12.689642277987502
5.686295194191856,160.95241514841715,11.353974646054194
5.68708238810113,151.49610916773477,11.504962651927478
5.687869582010404,158.55705483754477,12.305439956782056
5.688656775919679,156.3165193133884,11.633262369495256
5.689443969828953,154.2008319430881,10.972616869758774
5.690231163738227,158.34545962015787,11.835995577718675
5.6910183576475015,155.4476212395562,13.129229521206376
5.691805551556776,158.71582656436496,12.462007296549999
5.69259274546605,157.71944607628717,11.821594108577836
5.693379939375324,156.33762783474393,12.995441235611887
5.694167133284599,162.01934644911023,13.256689270852663
5.694954327193873,161.37142764197455,11.88558023087477
5.695741521103147,156.4865347544352,11.191696362300954
5.696528715012421,156.82867007785373,12.114040565851653
5.697315908921695,153.45794582366943,11.892294693082247
5.698103102830969,156.29500516255698,11.32522379228408
5.6988902967402435,163.57302623324924,11.406463813364576
5.699677490649518,162.26263851589627,12.741647342908312
5.700464684558792,160.2845435672336,12.333077304913537
5.701251878468066,161.2050698598226,11.608862947121152
5.702039072377341,157.2663713031345,12.43243249207438
5.702826266286615,155.07497527864246,13.350409374887446
5.703613460195889,156.38790278964572,12.521170751216642
5.7044006541051635,156.33704884847006,11.267098255255595
5.705187848014438,157.40542793273926,12.073799497554019
5.705975041923712,154.2845311694675,12.367913376001017
5.706762235832986,158.6429107454088,11.16899953995006
5.707549429742261,159.23856724633112,10.76732490244962
5.708336623651534,155.0559550921122,11.766789088382193
5.709123817560808,157.379425684611,12.272528134487054
5.709911011470083,156.47209146287707,11.543408054349412
5.710698205379357,159.45945750342474,11.796042860523082
5.711485399288631,159.99402597215442,12.866406943488112
5.7122725931979055,160.27559089660645,12.653685963885808
5.71305978710718,153.161298222012,11.942106723155513
5.713846981016454,153.65978145599365,12.239278066032204
5.714634174925728,155.13050429026285,12.293226590671324
5.715421368835003,150.27794212765164,11.552997609871335
5.716208562744277,148.71009635925293,10.690709127481902
5.716995756653551,145.40977176030478,11.190994884319975
5.7177829505628255,144.84638198216757,11.39809193191264
5.7185701444721,146.47286574045816,10.991787384547397
5.719357338381374,143.8444389237298,11.08634076394434
5.7201445322906475,148.76266717910767,12.104504664791458
5.720931726199922,147.35084364149304,12.08359534680038
5.721718920109196,143.8936505847507,12.033313560461638
5.72250611401847,150.1550818549262,12.22203472498661
5.723293307927745,149.1081655820211,12.590587763914098
5.724080501837019,145.50276618533664,12.030634929678461
5.724867695746293,147.985200881958,11.762819950354151
5.7256548896555675,145.1779317326016,11.967948339328137
5.726442083564842,153.4179719289144,11.689834013366035
5.727229277474116,152.24401230282254,10.764485686404907
5.72801647138339,147.53659025828043,10.813758601286173
5.728803665292665,154.86955409579807,12.071542220398621
5.729590859201939,149.4580194685194,11.963229617927599
5.730378053111213,144.9096671210395,11.394678844023339
5.7311652470204875,150.2614639070299,12.811246421134705
5.731952440929761,155.9632372326321,13.618912662505371
5.732739634839035,152.92995834350586,12.22711640064198
5.733526828748309,152.4232096142239,11.934269358826556
5.734314022657584,146.85464276207819,12.951659684458225
5.735101216566858,145.1500473022461,12.334010643533482
5.735888410476132,144.70355701446533,10.968837669586948
5.736675604385407,144.48830286661783,10.823624662534105
5.737462798294681,148.9219881693522,12.121344769267337
5.738249992203955,152.11482779184976,11.982999747426819
5.739037186113229,153.10301383336386,10.538038026030021
5.739824380022504,154.89464892281427,11.580981928859535
5.740611573931778,152.11000299453735,13.671452431156906
5.741398767841052,150.64249589708118,12.604194132015675
5.742185961750327,150.36445797814264,10.898343601562338
5.742973155659601,149.53786330752902,11.932286456150816
5.743760349568874,147.5516299671597,13.154431565774475
5.7445475434781486,146.83457289801703,11.652179937157193
5.745334737387423,148.03601476881238,9.930693096698308
5.746121931296697,148.70972983042398,11.292013968027732
5.746909125205971,143.83523639043173,12.375951344552254
5.747696319115246,143.6680989795261,11.09043111063879
5.74848351302452,144.7816825972663,10.108559624733902
5.749270706933794,143.80190875795154,12.348969806042295
5.750057900843069,144.21060180664062,13.52862885125323
5.750845094752343,142.24343501196967,11.403661892143338
5.751632288661617,146.55580314000449,10.821952534942291
5.752419482570891,151.1258019341363,13.016433518684924
5.753206676480166,143.59615331225925,13.365531321165964
5.75399387038944,141.90303103129068,11.04156122767845
5.754781064298714,142.42360825008817,10.550534640619007
5.755568258207988,139.67891584502325,12.18362081074947
5.756355452117262,144.08135641945734,11.903484806766867
5.757142646026536,136.0490998559528,10.262608793204969
5.7579298399358105,135.35554112328424,10.588361925941124
5.758717033845085,143.79801532957288,12.407023317079933
5.759504227754359,138.06387588712903,12.70333510399776
5.760291421663633,139.52306095759073,11.477345392855465
5.761078615572908,142.2406644821167,11.957097683645031
5.761865809482182,145.9347825050354,13.44034396901397
5.762653003391456,143.57436985439725,12.804167198507677
5.7634401973007305,141.92726304796008,11.26123495568794
5.764227391210005,140.93431525760226,11.441073785163045
5.765014585119279,139.91698360443115,12.475631933548447
5.765801779028553,135.26989364624023,11.74676772648266
5.766588972937828,137.6078216764662,10.440826393103471
5.767376166847101,136.5531587600708,11.147784803346685
5.768163360756375,139.17614020241632,12.137229909952444
5.76895055466565,143.33783520592584,12.091091262862804
5.769737748574924,143.38406668768988,11.5121008034059
5.770524942484198,147.01391495598688,12.279247318510235
5.7713121363934725,143.4116062588162,12.952867548757874
5.772099330302747,136.29947715335422,12.56062310308127
5.772886524212021,141.91499657101102,12.032670752097163
5.773673718121295,137.9003292719523,12.082342172101903
5.77446091203057,138.34709368811713,11.965326613860453
5.775248105939844,140.4424868689643,11.229379630212538
5.776035299849118,138.18834241231283,10.800508913587295
5.7768224937583925,134.97516881095038,10.983194370387306
5.777609687667667,131.15697399775186,11.5677554256322
5.778396881576941,127.22401450007735,11.301773250627063
5.7791840754862145,133.84212376011743,11.75010857723353
5.779971269395489,132.948704984453,12.125093842161142
5.780758463304763,132.34102948506674,12.428982759130681
5.781545657214037,138.3410266240438,12.524412194873287
5.782332851123312,128.64443122016058,12.131457116304983
5.783120045032586,133.29253144562244,12.09552416125806
5.78390723894186,133.51393053266736,12.13137437637988
5.7846944328511345,126.69809455341763,11.378119412205896
5.785481626760409,127.82877047856648,11.147235083033312
5.786268820669683,128.84765889909534,11.029006004022467
5.787056014578957,129.6715301407708,11.069053270597992
5.787843208488232,130.34591399298773,10.789267825990242
5.788630402397506,127.18774339887831,11.321605415951602
5.78941759630678,124.38749906751845,11.93153922804511
5.7902047902160545,125.09995693630643,12.208794972329153
5.790991984125328,126.48520984914568,12.100049601264912
5.791779178034602,131.31017776330313,12.347112305663206
5.7925663719438765,132.13491021262274,12.76486290950147
5.793353565853151,132.11192978752985,12.05508112935293
5.794140759762425,128.00043752458362,11.301166014373111
5.794927953671699,124.842263062795,11.212554326924195
5.795715147580974,125.63659720950656,11.301906373603144
5.796502341490248,128.15091058943005,11.017085059284993
5.797289535399522,124.56543721093072,10.540288204344424
5.7980767293087965,130.85298691855536,10.87269025339142
5.798863923218071,130.50131109025745,11.722783692606892
5.799651117127345,127.77369582485146,11.826126570773623
5.800438311036619,131.86657031377158,11.952182915422481
5.801225504945894,127.27945613861084,12.243874442171075
5.802012698855168,126.50313313802083,12.560695541958404
5.802799892764441,123.78337727652655,12.27923500871915
5.803587086673716,121.11397054460313,11.304449567248323
5.80437428058299,121.78663153118558,11.524037162011009
5.805161474492264,123.83492596944173,11.51046666411858
5.8059486684015384,124.9370493888855,11.294220487768902
5.806735862310813,127.87498633066814,10.506551459113956
5.807523056220087,126.78463406032986,10.824449723742063
5.808310250129361,127.02226508988275,11.551480900552995
5.809097444038636,129.200125641293,11.696847724657895
5.80988463794791,129.06766647762723,11.32711169235798
5.810671831857184,128.06378989749484,11.76156064902095
5.8114590257664585,126.23397954305013,12.71255146142563
5.812246219675733,120.37377562787798,12.41580819675423
5.813033413585007,126.20992687013414,11.388999578138762
5.813820607494281,123.64806429545085,11.296084982062387
5.814607801403555,119.44187190797594,11.679279391822831
5.815394995312829,125.85861587524414,11.488596995810932
5.816182189222103,127.24572086334229,10.604062531159057
5.816969383131378,129.58358452055188,10.480049218088096
5.817756577040652,133.49238215552435,11.005496824923926
5.818543770949926,126.01542454295688,11.304878639384766
5.8193309648592,126.51834747526381,11.116473533161574
5.820118158768475,126.10217587153117,11.505996055916434
5.820905352677749,128.60436820983887,12.491834513533428
5.821692546587023,131.21131738026938,12.879564831895406
5.822479740496298,127.65444829728868,12.127114163436742
5.823266934405572,130.0285546514723,11.90235170807904
5.824054128314846,128.84674225913153,12.219918373652732
5.82484132222412,128.31223434872098,12.165931086475352
5.825628516133395,127.22885757022433,11.508751611130151
5.826415710042668,129.77387629614935,10.982098599329044
5.827202903951942,124.35442617204454,11.138131157267226
5.827990097861217,127.78156291113959,11.55668646344662
5.828777291770491,125.99624215232001,11.548970054729937
5.829564485679765,124.28895913230048,11.479311448294846
5.8303516795890395,128.85881084865994,12.37534871758207
5.831138873498314,119.68609189987183,12.864951556131293
5.831926067407588,125.57651382022433,12.656758201782338
5.832713261316862,130.62553363376193,12.296653368121945
5.833500455226137,126.8979230456882,12.051403238639256
5.834287649135411,133.715284453498,12.235543845019166
5.835074843044685,133.98909505208334,11.744983616961619
5.8358620369539596,128.1355495452881,11.25517382865342
5.836649230863234,128.89338715871176,10.815867212682331
5.837436424772508,128.08868016137018,10.893250941359414
5.8382236186817815,129.73677979575262,11.21005684317654
5.839010812591056,131.4575661553277,11.323225741454488
5.83979800650033,125.03767400317722,11.247727163352758
5.840585200409604,130.26257122887506,12.015649553172121
5.841372394318879,124.45049084557428,12.61922214891122
5.842159588228153,127.70928181542291,12.63160866994812
5.842946782137427,133.7215175628662,12.234917959228357
5.8437339760467015,127.92768547270033,12.468847800925742
5.844521169955976,135.8041024737888,12.180426124794622
5.84530836386525,128.7295619116889,11.563575780038745
5.846095557774524,122.55774694018893,11.097539953921014
5.846882751683799,129.81509113311768,10.95347899027137
5.847669945593073,122.37848610348172,10.862404936363792
5.848457139502347,124.12254450056288,11.02862040415765
5.8492443334116215,137.1935895284017,11.591794075301888
5.850031527320895,131.18194778760275,11.88509359880984
5.850818721230169,136.4539819293552,12.277799818265017
5.8516059151394435,134.53968826929727,12.338852078188143
5.852393109048718,132.34001768959894,12.21086907399427
5.853180302957992,141.31494659847684,12.254493332603507
5.853967496867266,133.2266582912869,12.002215513631223
5.854754690776541,136.26034291585287,11.754846462491905
5.855541884685815,138.75017982059055,11.217200665746729
5.856329078595089,128.7438260714213,11.033488518936158
5.8571162725043635,135.17205704583063,11.085982734290972
5.857903466413638,137.347269376119,10.840580089486519
5.858690660322912,132.89567926194934,10.890004994743967
5.859477854232186,141.97950988345676,11.291971911589348
5.860265048141461,139.48776287502713,11.648237751960693
5.861052242050735,149.71840794881186,11.958178800455684
5.861839435960008,149.7260103225708,12.413230507229832
5.862626629869283,134.13852983050876,12.375784963274933
5.863413823778557,144.2516139348348,12.496398255922559
5.864201017687831,140.71549378501044,11.941296710887968
5.8649882115971055,137.63259601593018,11.632945049346494
5.86577540550638,143.4179408815172,11.442734822429882
5.866562599415654,136.86995453304715,11.215453634243831
5.867349793324928,141.3930802875095,10.905944375976567
5.868136987234203,145.94548087649875,10.690594533986788
5.868924181143477,142.28022808498807,10.848336215098419
5.869711375052751,144.7543019188775,11.550133547593237
5.8704985689620255,138.62601884206137,11.427895611420187
5.8712857628713,138.01485623253717,11.52396788955712
5.872072956780574,146.6008596420288,11.996621504397064
5.872860150689848,138.9969343079461,12.252207478487952
5.873647344599122,146.3710412979126,12.277294784920585
5.874434538508396,144.4762446615431,11.703464587034437
5.87522173241767,138.64151838090686,11.507189545522934
5.876008926326945,143.88842137654623,11.71741202568441
5.876796120236219,136.2411040465037,10.883794240974122
5.877583314145493,145.68777412838406,10.763050067601789
5.8783705080547675,144.8596545325385,10.71208925808643
5.879157701964042,138.44999684227838,11.063720329972927
5.879944895873316,145.0550889968872,11.217037892299704
5.88073208978259,142.13858127593994,11.319920437023624
5.881519283691865,143.39116880628796,11.424062929854275
5.882306477601139,154.13649029201932,12.35006826695298
5.883093671510413,141.6263320710924,12.564527647386067
5.8838808654196875,142.43138721254138,12.019339782455864
5.884668059328962,142.54975509643555,11.791316151835284
5.885455253238235,137.3151880900065,11.841228470529446
5.886242447147509,139.6579067442152,11.83519455745101
5.887029641056784,138.1441920598348,11.656367646670239
5.887816834966058,137.65974733564587,11.275323118460317
5.888604028875332,141.3872504764133,11.150828873213074
5.889391222784607,136.98291301727295,11.613842562495739
5.890178416693881,137.6116715537177,11.344449597993684
5.890965610603155,140.517758263482,11.396837761652243
5.891752804512429,143.64148388968573,11.7491323160559
5.892539998421704,145.6436333126492,12.393207269804144
5.893327192330978,135.56526539060803,12.63213265894517
5.894114386240252,138.52173476748996,12.356414468401521
5.894901580149527,142.38256687588162,11.932319052400842
5.895688774058801,139.69583908716837,12.032688074475436
5.896475967968075,138.15483389960394,12.069178043976212
5.897263161877349,137.87043846978082,11.11871919256289
5.898050355786623,141.7438032362196,10.706201546230009
5.898837549695897,143.8388089074029,11.031523624841618
5.899624743605171,136.74560578664145,11.13044251930427
5.900411937514446,139.43208418952094,11.142272544662994
5.90119913142372,141.21087773640951,10.86267752856906
5.901986325332994,144.10141701168484,11.301958621533432
5.902773519242269,143.88725238376193,12.415923515833445
5.903560713151543,144.03150463104248,12.606499446400582
5.904347907060817,146.0637436972724,12.091977967879847
5.905135100970091,152.00500053829617,11.75699091415094
5.905922294879366,167.76861964331732,12.731461702730511
5.90670948878864,194.55423863728842,12.905609093577562
5.907496682697914,181.5049260457357,11.813278125240583
5.908283876607189,156.9200389650133,10.808025245756943
5.909071070516462,144.720586988661,11.097487357464672
5.909858264425736,144.00268374549017,11.448168518395553
5.9106454583350105,144.80471314324274,10.912877904266495
5.911432652244285,143.4762306213379,10.784668651486514
5.912219846153559,139.5917469660441,11.364443295905845
5.913007040062833,133.07502916124133,12.35647239651043
5.913794233972108,134.95569589402942,12.483585055035151
5.914581427881382,141.6486554675632,11.8651255855458
5.915368621790656,142.5483396318224,11.832631916321354
5.9161558156999305,135.43350092569986,12.493976317393006
5.916943009609205,137.52905548943414,12.35523872633672
5.917730203518479,141.51965798272028,11.304201418469406
5.918517397427753,143.0162584516737,10.623475407603976
5.919304591337028,142.8027284410265,11.275025425148284
5.920091785246302,139.32923369937473,11.723985448212925
5.920878979155575,134.86023553212485,11.240850006936505
5.92166617306485,138.26122495863171,10.735399253316766
5.922453366974124,142.03472730848523,11.414728932857207
5.923240560883398,140.7934226989746,12.544593683355581
5.9240277547926725,134.90320523579916,12.587804864412256
5.924814948701947,136.3585960600111,11.941859935606706
5.925602142611221,140.2731645372179,11.781006124138623
5.926389336520495,140.8634261025323,12.62748656108698
5.92717653042977,137.2032683690389,12.848992322459944
5.927963724339044,134.84782271915012,11.45379793340209
5.928750918248318,137.92101764678955,10.691813808961554
5.9295381121575925,137.08762243058948,11.169176203155443
5.930325306066867,138.30076005723743,11.487077907337603
5.931112499976141,134.2953316370646,11.492463277470614
5.931899693885415,136.63374360402426,10.73849688474037
5.932686887794689,134.123424688975,10.882189590630993
5.933474081703963,131.32902447382608,12.028788497714
5.934261275613237,136.88727866278754,12.549130998577398
5.935048469522512,140.8563396665785,12.190842874998314
5.935835663431786,139.4935686853197,11.538039788610936
5.93662285734106,140.41402747895984,11.969734067524712
5.9374100512503345,145.2714836332533,12.839274440938368
5.938197245159609,142.62486097547742,12.242586459039272
5.938984439068883,140.95645798577203,10.991878473484407
5.939771632978157,137.4218741522895,10.70604071478461
5.940558826887432,138.85464096069336,11.34737228725503
5.941346020796706,137.79859775967068,11.614992213027195
5.94213321470598,139.11988311343723,11.050965567223752
5.9429204086152545,142.15839078691272,10.779571998500888
5.943707602524529,144.40561824374728,11.477370593959174
5.944494796433802,139.13493310080634,12.807277981857881
5.9452819903430765,138.74221674601236,12.77537963771664
5.946069184252351,141.9801312552558,11.949477440537489
5.946856378161625,147.65091514587402,12.17593431105585
5.947643572070899,145.76630073123508,12.63539506307216
5.948430765980174,148.15007326338025,12.633659622350475
5.949217959889448,150.00299167633057,11.710988232445324
5.950005153798722,146.8110177781847,11.126294477028495
5.9507923477079965,143.74147393968371,11.184240582283419
5.951579541617271,138.92395051320395,11.49780208839422
5.952366735526545,140.69553428226047,11.355079060167824
5.953153929435819,142.22711351182727,10.955786979205515
5.953941123345094,147.1930692460802,11.26851641253474
5.954728317254368,156.48632695939807,12.192787435293893
5.955515511163642,158.96038934919568,12.639519613235098
5.956302705072916,153.2860187954373,12.445679210614705
5.95708989898219,153.00502649943033,12.274687826945371
5.957877092891464,150.53911187913684,12.44809433563586
5.9586642868007385,150.96716213226318,12.20798488330062
5.959451480710013,153.552629576789,12.030798825936275
5.960238674619287,146.16790019141303,11.779966854445886
5.961025868528561,144.90241644117566,11.513486010195976
5.961813062437836,144.15557935502795,11.087817582549484
5.96260025634711,146.031883292728,11.211403668184234
5.963387450256384,151.8839889102512,11.388183056836985
5.9641746441656585,151.89261054992676,12.157198616781711
5.964961838074933,147.2042966418796,12.53025474833263
5.965749031984207,151.95859379238553,12.637198412724642
5.966536225893481,153.39366160498724,12.904291403056495
5.967323419802756,152.38689687516955,13.399621189958388
5.968110613712029,157.8493153254191,13.58009887594596
5.968897807621303,159.71748214297824,12.797950220212918
5.969685001530578,164.25036017100015,12.243773757410272
5.970472195439852,163.10684808095297,12.238626012300944
5.971259389349126,159.82077884674072,12.49114675780938
5.9720465832584,163.08988814883762,12.843289874612777
5.972833777167675,162.07827525668674,11.611503377385512
5.973620971076949,166.3367427190145,11.499828359813653
5.974408164986223,169.14007229275174,12.20378366379082
5.975195358895498,170.54817008972168,13.39901213223837
5.975982552804772,173.5157234403822,12.626476644177359
5.976769746714046,170.27389844258627,12.302656561813613
5.97755694062332,176.5356625450982,12.910828277487663
5.978344134532595,180.46732913123236,14.290479263375547
5.979131328441869,178.09567599826389,14.03315456644279
5.979918522351142,179.61538378397623,12.461952292916461
5.980705716260417,180.14354854159885,11.866813050406725
5.981492910169691,179.1069606145223,12.1159875146827
5.982280104078965,183.4481848610772,12.616900963939388
5.9830672979882396,173.43207857343884,12.199034863817463
5.983854491897514,175.7349395751953,11.02048683303029
5.984641685806788,175.97516610887317,11.086445953038352
5.985428879716062,179.76113245222302,12.464034989882727
5.986216073625337,182.92227363586426,13.519505974610231
5.987003267534611,182.4628766377767,12.570883188919783
5.987790461443885,189.02507781982422,11.886618744792631
5.98857765535316,189.97952196333142,12.694935364487893
5.989364849262434,193.42328622606067,14.01715255263845
5.990152043171708,198.47735087076822,13.77067615856738
5.990939237080982,192.30098406473795,12.054285545212204
5.991726430990256,192.49823104010687,11.446625342501214
5.99251362489953,188.23900858561197,12.261638968010999
5.993300818808804,186.33323076036243,12.75675824751984
5.994088012718079,194.71654849582248,11.769851174742984
5.994875206627353,193.93299674987793,10.859529502721818
5.995662400536627,201.36409102545844,11.456070262281079
5.9964495944459015,203.29106860690646,12.894700321421471
5.997236788355176,199.3859803941515,13.138309839617355
5.99802398226445,198.50599458482532,12.295016310464938
5.998811176173724,200.7740224202474,12.007118744509219
5.999598370082999,207.5340807172987,13.199274914789568
6.000385563992273,202.3706635369195,14.20753256594555
6.001172757901547,203.92719480726453,12.802554693850656
6.0019599518108215,215.37591457366943,11.8818202389152
6.002747145720096,211.1364518271552,11.68745557223375
6.003534339629369,217.42134263780383,12.490714920515616
6.0043215335386435,208.42552502950033,12.445958258238255
6.005108727447918,199.5991702609592,11.046327957693673
6.005895921357192,210.16934945848254,10.99352414212744
6.006683115266466,214.41567209031848,11.830887420120067
6.007470309175741,216.03815672132703,13.128964941539778
6.008257503085015,219.63275337219238,12.502998589538448
6.009044696994289,217.0628079308404,11.91910655528164
6.0098318909035635,218.9825757344564,12.412014670146972
6.010619084812838,219.1005507575141,14.186434761359653
6.011406278722112,218.96552424960666,13.583293090018346
6.012193472631386,223.50967004564075,12.14474742208704
6.012980666540661,218.88817914326987,11.635750653459631
6.013767860449935,223.23371696472168,12.45900874808259
6.014555054359209,225.78284157647028,12.917537537235098
6.015342248268483,222.36392169528537,11.902469093639729
6.016129442177757,221.8958856794569,10.903363471522592
6.016916636087031,218.2373021443685,11.209648799170214
6.0177038299963055,217.86005443996854,12.488887725954914
6.01849102390558,222.25769339667426,12.874243301039291
6.019278217814854,221.56341234842935,12.437841974644869
6.020065411724128,225.57884428236218,12.003137249629207
6.020852605633403,224.00251621670193,12.873353875251516
6.021639799542677,224.17040888468424,14.452218480967089
6.022426993451951,225.1236432393392,13.194401418476469
6.0232141873612255,231.77293162875705,11.525503916351624
6.0240013812705,232.9140158759223,11.462091909046496
6.024788575179774,224.06391758388943,12.253109613228567
6.025575769089048,225.23442035251193,12.677207190586397
6.026362962998323,224.75965796576605,11.481658950604883
6.027150156907596,223.9028468661838,10.636623658744515
6.02793735081687,221.15721935696072,11.245694211868619
6.028724544726145,223.2867512173123,12.791104620106983
6.029511738635419,227.97206815083823,13.51243117428841
6.030298932544693,227.95228979322644,12.121191832728018
6.0310861264539675,232.26177512274847,11.616349049070786
6.031873320363242,232.97914505004883,12.810747819170796
6.032660514272516,226.35879855685764,14.057240659516829
6.03344770818179,236.9714855617947,13.438601068846495
6.034234902091065,230.57941669887967,11.695609428947195
6.035022096000339,228.08448706732855,11.226400504633474
6.035809289909613,230.88754908243814,12.366183624784776
6.0365964838188875,228.5451571146647,12.84752339481218
6.037383677728162,225.6654283735487,12.033960523780872
6.038170871637436,224.5573524898953,10.902662505823473
6.038958065546709,224.07897419399686,11.231240635926369
6.039745259455984,222.13479487101236,12.581590504720749
6.040532453365258,216.91874927944608,13.365844060451158
6.041319647274532,224.1768209669325,12.629596053387841
6.042106841183807,219.37928538852267,11.936915895107497
6.042894035093081,226.45980326334634,12.7814868869491
6.043681229002355,226.20362663269043,13.841199707375347
6.0444684229116294,224.05497784084744,13.200893225123737
6.045255616820904,227.3313651614719,11.911597846232013
6.046042810730178,218.50607193840875,11.24184653916393
6.046830004639452,227.46669239468045,11.957147304506398
6.047617198548727,220.55467563205295,12.501475028365217
6.048404392458001,218.25482495625815,11.708661114902503
6.049191586367275,218.32509146796332,11.094664005072627
6.0499787802765495,217.23989338344998,11.496020154862432
6.050765974185823,218.71161905924478,12.572317484291478
6.051553168095097,208.843138800727,13.608794550235546
6.052340362004371,212.92758517795139,13.017876972611703
6.053127555913646,214.74147457546658,12.397592830530916
6.05391474982292,213.94912740919324,12.934391999281738
6.054701943732194,220.76869371202258,13.513608945491002
6.055489137641469,220.2866564856635,13.269527326387848
6.056276331550743,219.65415530734592,12.194153557022
6.057063525460017,220.2639397515191,11.691192330323119
6.057850719369291,217.65799564785428,11.949989442204805
6.058637913278566,217.23717965020074,12.332835492686176
6.05942510718784,213.81290584140353,11.859731952724301
6.060212301097114,208.85300254821777,11.218358554016165
6.060999495006389,219.4139258066813,11.649612565030935
6.061786688915663,224.05000347561307,12.530111341099733
6.062573882824936,231.42039807637533,13.104079022966639
6.0633610767342105,229.697786755032,13.012394929607787
6.064148270643485,223.3878254360623,12.704648671837347
6.064935464552759,226.08601252237955,13.058401488421241
6.065722658462033,222.52549637688531,13.452821389408651
6.066509852371308,226.64643563164606,13.42075152770943
6.067297046280582,229.7749455769857,12.380829251006686
6.068084240189856,223.75294325086804,11.880270726619054
6.0688714340991305,230.88329654269748,11.895274459174901
6.069658628008405,222.42220709058972,12.265739145801792
6.070445821917679,224.40741539001465,12.366370449606219
6.071233015826953,222.71797392103406,11.805272035970058
6.072020209736228,220.52278200785318,11.81718889292122
6.072807403645502,220.35167270236545,12.803142682502141
6.073594597554776,227.02462832132974,13.4576782487943
6.07438179146405,227.23336431715222,13.663562862576379
6.075168985373324,221.06994522942438,13.185053562380197
6.075956179282598,222.78155750698514,12.970474712357202
6.0767433731918725,228.64948018391928,13.384164218489527
6.077530567101147,223.07174979315863,13.235505601886517
6.078317761010421,225.85070906745062,12.944696047568264
6.079104954919695,228.73551728990344,12.33298353592588
6.07989214882897,224.3069078657362,11.933142740079294
6.080679342738244,226.1683347490099,12.000979265653898
6.081466536647518,228.20167011684842,12.177810722555519
6.0822537305567925,229.97474479675293,12.469087572862438
6.083040924466067,222.1118187374539,12.479072305736196
6.083828118375341,226.99829949273004,12.475455540395583
6.084615312284615,225.94048606024847,12.971222399108713
6.08540250619389,226.05152130126953,13.64580730561579
6.086189700103163,231.06695726182727,13.88265814235293
6.086976894012437,228.8663503858778,13.51427840305842
6.087764087921712,232.4264259338379,13.163233831218179
6.088551281830986,231.65497461954752,13.076182143773508
6.08933847574026,230.0453658633762,13.02291137567029
6.0901256696495345,231.62387551201715,12.798660433582329
6.090912863558809,232.14677747090658,12.318059543307553
6.091700057468083,233.55500814649793,12.18002919655284
6.092487251377357,233.7871502770318,12.2625639270988
6.093274445286632,232.84724235534668,12.343987176129103
6.094061639195906,238.5406896803114,13.054444999250116
6.09484883310518,233.53472582499185,13.17984752018718
6.0956360270144545,233.39981291029187,13.164089626207094
6.096423220923729,231.9900042215983,13.444186385631724
6.097210414833003,232.8794790903727,14.102921473376295
6.0979976087422765,238.36321555243597,14.109391322106491
6.098784802651551,238.41072527567545,13.472667066770553
6.099571996560825,248.26529460483127,12.98081355404133
6.100359190470099,240.87433369954428,13.030614703725101
6.101146384379374,237.68188095092773,12.819826557498276
6.101933578288648,239.29715389675565,12.697040349283979
6.102720772197922,239.6896504296197,12.147516420625317
6.1035079661071965,245.12685224745007,11.815860778596837
6.104295160016471,246.970916112264,12.21127971086694
6.105082353925745,261.09363683064777,13.146513647749938
6.105869547835019,277.9931519826253,14.132066077464314
6.106656741744294,306.0072182549371,14.251010908424654
6.107443935653568,322.5515151553684,13.576217093557014
6.108231129562842,300.0605460272895,14.053702157467518
6.1090183234721165,284.93125025431317,14.62610084540072
6.10980551738139,265.79915724860297,14.226497169198165
6.110592711290664,261.8274387783474,13.660553075835761
6.1113799051999385,261.0612212287055,12.583608348597755
6.112167099109213,261.47780164082843,12.610097363595731
6.112954293018487,262.21388392978247,12.914982670901692
6.113741486927761,259.2883635626899,13.28418909945286
6.114528680837036,258.72720675998266,12.481167483780073
6.11531587474631,263.1675345102946,11.984976160816833
6.116103068655584,261.577922185262,12.401230005649962
6.1168902625648585,264.0645860036214,13.490953227995009
6.117677456474133,265.73233646816675,14.614143605546008
6.118464650383407,273.08807796902124,14.259402283664409
6.119251844292681,273.77524333530005,13.188925615122594
6.120039038201956,273.8927394019233,13.495922563881082
6.120826232111229,278.69531504313153,14.146831645012607
6.121613426020503,280.7507163153754,14.838822206089006
6.122400619929778,284.1619120703803,14.269505709088492
6.123187813839052,283.49927626715765,12.365846117360666
6.123975007748326,281.8902185228136,12.069704801398819
6.1247622016576,288.4025942484538,12.628073629320498
6.125549395566875,287.0894487169054,13.382925302635337
6.126336589476149,294.53741052415637,13.53773350646335
6.127123783385423,302.5060852898492,12.719538918951343
6.127910977294698,304.4230728149414,12.737879348209344
6.128698171203972,307.7061292860243,13.829844159426267
6.129485365113246,306.00506761338977,14.668168304838634
6.13027255902252,306.5209901597765,15.372715852602138
6.131059752931795,312.39783647325305,14.083866888338859
6.131846946841069,319.1079444885254,13.450532589564927
6.132634140750342,327.07733705308704,13.658916207337665
6.133421334659617,322.2290327284071,14.038043617855614
6.134208528568891,325.11255094740125,14.171541993823727
6.134995722478165,330.855496512519,13.40828035816132
6.13578291638744,343.5809516906738,12.6176069189113
6.136570110296714,347.177945666843,12.60263375899492
6.137357304205988,348.6715799967448,13.146835176158726
6.138144498115262,357.8461155361599,14.261646698208608
6.138931692024537,361.209704928928,14.459281561357866
6.139718885933811,361.8225949605306,14.156950929237736
6.140506079843085,371.0939466688368,14.172462202958696
6.14129327375236,371.70703336927625,14.15842256101895
6.142080467661634,374.5156536102295,15.334312383005441
6.142867661570908,384.41321012708875,15.529287560871508
6.143654855480182,391.64746856689453,14.84119047343874
6.144442049389456,394.41702863905164,13.972920882378794
6.14522924329873,401.7906239827474,13.231498098031922
6.146016437208004,409.33139461941187,13.848881457269432
6.146803631117279,412.9904335869683,14.25574651970006
6.147590825026553,418.8031590779622,14.06910595644319
6.148378018935827,423.1313175625271,14.119406780948863
6.1491652128451015,428.26254230075415,13.620056957803548
6.149952406754376,433.79376856486004,14.158303922270369
6.15073960066365,446.4351760016547,15.501680568613466
6.151526794572924,451.7771110534668,15.912557145975864
6.152313988482199,458.3709072536892,16.138562536150715
6.153101182391473,467.1904479132758,15.311357362433036
6.153888376300747,471.63459481133356,14.635362798837672
6.1546755702100215,478.6173430548774,15.155361790395048
6.155462764119296,488.92459318372937,15.35834359393859
6.156249958028569,496.4808811611599,15.472115043741129
6.1570371519378435,496.4132012261285,14.577605114513531
6.157824345847118,500.5705384148492,13.892006375738816
6.158611539756392,503.2493074205187,14.291113845630154
6.159398733665666,515.4352963765463,14.920207986795134
6.160185927574941,523.7152400546604,15.44146158690018
6.160973121484215,526.641404469808,15.620461618640102
6.161760315393489,538.552133348253,15.100105795367348
6.1625475093027635,547.1420678032769,15.58078695007113
6.163334703212038,555.9943669637045,16.74251541299588
6.164121897121312,572.4675110710991,17.30825075668273
6.164909091030586,575.7876421610514,16.683253524806126
6.165696284939861,571.8826349046495,15.76076112041797
6.166483478849135,585.7965299818251,15.595748078338234
6.167270672758409,589.5060259501139,15.655983099459938
6.168057866667683,596.5360734727648,15.71346366298115
6.168845060576957,601.6350835164388,15.470248751200554
6.169632254486231,609.1584175957573,14.896222814597401
6.1704194483955055,619.018488989936,14.947290882325621
6.17120664230478,618.886126200358,15.741435034908772
6.171993836214054,629.5184004041884,16.587173512076852
6.172781030123328,638.1434020996094,16.822261157039538
6.173568224032603,648.0951334635416,16.713028695413982
6.174355417941877,657.1379089355469,16.42030518142587
6.175142611851151,656.7728559705946,17.00328434362203
6.1759298057604255,663.1078448825413,17.54245396588429
6.1767169996697,678.3583017985026,17.352219529861383
6.177504193578974,684.7179361979166,16.59840630245548
6.178291387488248,691.3493423461914,15.845837552333416
6.179078581397523,696.2921379937065,16.015723758464492
6.179865775306796,694.3354000515408,16.494525992284185
6.18065296921607,694.5489468044705,16.596081854654454
6.181440163125345,710.8902901543511,16.209006132756695
6.182227357034619,712.1587532891167,15.729820458359974
6.183014550943893,713.0279091729058,16.05921834941808
6.1838017448531675,722.219842698839,17.43993248115797
6.184588938762442,724.7433827718099,18.33823958790917
6.185376132671716,737.587026807997,18.145442763855993
6.18616332658099,738.002451578776,17.43739367195468
6.186950520490265,745.9095772637261,17.106471371348157
6.187737714399539,754.6198840671116,17.544999535562802
6.188524908308813,759.8782323201498,18.33581680378534
6.1893121022180875,761.8404557969835,17.991494658180898
6.190099296127362,760.8876198662651,16.840077121225107
6.190886490036636,767.1170069376627,16.08939627400317
6.1916736839459094,768.5606079101562,16.241482001878225
6.192460877855184,760.4015956454807,17.04088194596083
6.193248071764458,765.8280588785807,17.841870508651166
6.194035265673732,774.0315195719401,17.76545734000362
6.194822459583007,783.339737786187,17.283966096658894
6.195609653492281,776.6096937391493,17.424512772415113
6.196396847401555,779.8168496025933,17.67722784866056
6.1971840413108294,800.2000045776367,18.866887949436816
6.197971235220104,802.8562537299263,19.530295982269017
6.198758429129378,795.4626354641384,18.649379389477588
6.199545623038652,800.7818018595377,17.527824248623016
6.200332816947927,807.9507810804579,17.302967742210033
6.201120010857201,807.1181394788954,17.475373701985102
6.201907204766475,807.7882147894966,17.993151869665255
6.2026943986757495,803.5410359700521,17.77295293840202
6.203481592585023,801.4208941989475,17.10012662940377
6.204268786494297,806.7368952433268,16.96354718855965
6.205055980403571,804.5764185587565,17.167340101529884
6.205843174312846,803.9532869127062,18.045099814140027
6.20663036822212,804.9875547620985,19.317838791145977
6.207417562131394,805.4611189100477,19.29332208776529
6.208204756040669,806.234366522895,18.699825688179615
6.208991949949943,813.4508472018772,18.663807480052977
6.209779143859217,814.0722223917643,18.63182952688538
6.210566337768491,818.4820242987739,19.34791174562572
6.211353531677766,828.6412862141927,19.08131225782597
6.21214072558704,819.1366746690538,18.071005683872734
6.212927919496314,817.3975490993923,17.451454394887776
6.213715113405589,808.3472027248806,17.37829004295872
6.214502307314863,802.9420784844292,17.604726337237942
6.215289501224136,798.447159661187,18.016215055256865
6.2160766951334105,802.5965542263455,18.082269401669684
6.216863889042685,807.9940448337131,18.005347344195528
6.217651082951959,799.9236704508463,17.97722544874804
6.218438276861233,799.3305613199869,18.57079931774738
6.219225470770508,804.5772179497612,19.804684747720394
6.220012664679782,801.633930630154,19.82314025532134
6.220799858589056,807.7327329847548,19.19695447947676
6.2215870524983306,812.1902669270834,18.53033498320219
6.222374246407605,804.2589179144966,18.27221284690954
6.223161440316879,799.3966818915474,18.778671826158234
6.223948634226153,787.32384830051,18.79265630479047
6.224735828135428,785.0148561265734,18.13067498986127
6.225523022044702,784.7835311889648,17.43583450728287
6.226310215953976,781.8362791273329,17.073933462242323
6.22709740986325,780.0560404459635,17.281235319209266
6.227884603772524,774.7007844712999,18.510122183090253
6.228671797681798,772.3446214463976,19.459506842535525
6.2294589915910725,770.8787676493326,19.089007296964045
6.230246185500347,776.8977076212565,18.52701577021093
6.231033379409621,769.3691194322374,18.395527205341267
6.231820573318895,763.7841322157118,18.994797039968535
6.23260776722817,763.7816645304362,20.162064122589783
6.233394961137444,759.5157886081272,20.333573136314094
6.234182155046718,757.7574378119575,18.30310482456268
6.2349693489559925,753.2576692369249,16.95884593808344
6.235756542865267,745.8829828898112,16.41788709943283
6.236543736774541,742.8912845187717,16.6726870544539
6.237330930683815,750.1537763807509,17.514063223874203
6.23811812459309,737.9397328694662,17.498245417009045
6.238905318502363,734.4279759724935,17.075122413246778
6.239692512411637,735.898447672526,16.75958431183183
6.240479706320912,724.8806771172417,17.138444056319326
6.241266900230186,730.7597885131836,18.13712782043586
6.24205409413946,729.9028795030382,19.24989526995397
6.2428412880487345,726.4501766628689,19.058640082815955
6.243628481958009,725.3041865030924,18.27114029144885
6.244415675867283,715.662341647678,17.289908879310953
6.245202869776557,716.2037048339844,17.134445344791565
6.245990063685832,710.2133373684353,17.85011995758253
6.246777257595106,702.7048433091906,18.061071204816074
6.24756445150438,710.5369788275825,17.05255734874108
6.2483516454136545,696.1356489393446,16.49000933815313
6.249138839322929,694.2989535861545,16.149076212882065
6.249926033232203,681.3183229234484,16.365121353429895
6.2507132271414765,673.5102471245659,17.804594548661342
6.251500421050751,674.3386205037435,18.631709116354834
6.252287614960025,680.9146177503798,18.220169936544647
6.253074808869299,675.8560214572483,17.45818028199815
6.253862002778574,664.2876671685112,17.134018624244757
6.254649196687848,669.6743655734592,17.832918200981503
6.255436390597122,667.6698760986328,19.125897991949625
6.2562235845063965,669.2340452406141,19.287191137975324
6.257010778415671,667.2535519070095,17.848553928873095
6.257797972324945,667.0846761067709,16.76441187708677
6.258585166234219,661.2292455037435,16.253851136824736
6.259372360143494,650.8578508165148,16.405382213826822
6.260159554052768,643.5070156521267,17.1334036932104
6.260946747962042,637.7054112752279,17.18799341077271
6.2617339418713165,636.9322327507866,16.429197357857856
6.26252113578059,644.2024180094401,16.15149013761806
6.263308329689864,627.7792943318685,16.036724198476485
6.2640955235991385,631.6345469156901,17.2141856648703
6.264882717508413,622.4135733710395,18.939419749939773
6.265669911417687,619.5235248141819,18.732257589496403
6.266457105326961,617.7094548543295,17.925627363453458
6.267244299236236,609.5756488376194,17.006048591773922
6.26803149314551,604.6575741238064,16.3888799796881
6.268818687054784,598.526976691352,17.158727340939876
6.2696058809640585,603.0287594265408,17.749561098232387
6.270393074873333,604.8094715542263,17.364920398082813
6.271180268782607,601.1891674465603,16.097977377328526
6.271967462691881,599.1287655300564,15.230537895507887
6.272754656601156,585.4949662950304,15.085002398453405
6.27354185051043,588.3163791232639,16.02089049901483
6.274329044419703,574.9421568976509,17.365672685093436
6.275116238328978,570.647034962972,17.801994461624403
6.275903432238252,574.6983706156412,17.073684219386507
6.276690626147526,573.7173690795898,16.351789387732666
6.2774778200568,578.3998913235134,16.43147875087137
6.278265013966075,571.8516676161024,17.138406441227918
6.279052207875349,565.8371073404948,18.545748216576396
6.279839401784623,562.5755831400553,18.091900322881425
6.280626595693898,557.5078536139595,16.711823183393
6.281413789603172,573.3215565151638,15.646668881618178
6.282200983512446,566.9327930874294,15.100751799283332
6.28298817742172,559.974188486735,15.39880990439333
6.283775371330995,550.5986010233561,16.350744659464073
6.284562565240269,547.1454391479492,16.69635592796842
6.285349759149543,546.0348540412056,16.201447264206
6.286136953058817,541.2693761189779,15.763762951685223
6.286924146968091,541.7064276801216,15.849044145493838
6.287711340877365,536.2210269504124,16.32729037500831
6.28849853478664,535.1244888305664,17.79483295319804
6.289285728695914,540.2863858540853,17.554543816153327
6.290072922605188,544.420534769694,17.21588983646587
6.290860116514462,541.2685572306315,16.24925311464222
6.291647310423737,532.2147026062012,15.910408894203114
6.292434504333011,529.0925547281901,15.634352038564055
6.293221698242285,519.5641844007704,16.005441101309533
6.29400889215156,524.4298926459419,15.966499960904372
6.294796086060834,518.6828952365452,15.521138094305487
6.295583279970108,506.2475217183431,15.181473390214405
6.296370473879382,502.299553765191,15.037053443505613
6.297157667788657,502.3638843960232,15.437645988526999
6.29794486169793,502.921078575982,16.524886128637114
6.298732055607204,491.6450907389323,16.735703951321003
6.299519249516479,485.7571716308594,16.126005655943004
6.300306443425753,487.58077875773114,15.807568583703908
6.301093637335027,491.7696016099718,16.122547809426255
6.3018808312443015,488.436400519477,16.988041888939303
6.302668025153576,494.4754973517524,16.925271319001222
6.30345521906285,488.9017350938585,16.262845087515984
6.304242412972124,495.04763497246637,15.515974671039315
6.305029606881399,485.97490861680774,14.4402842440835
6.305816800790673,480.8177630106608,14.57722286406982
6.306603994699947,473.7898809644911,14.979979254058248
6.3073911886092215,470.3961041768392,15.722956054444943
6.308178382518496,477.860363430447,15.610186348165573
6.30896557642777,471.1508666144477,15.167342770997461
6.3097527703370435,467.507516225179,14.504603119403685
6.310539964246318,466.38722864786786,14.632220713286232
6.311327158155592,466.521176232232,15.646994670206437
6.312114352064866,465.4810952080621,17.249086824517182
6.312901545974141,455.34719891018335,17.460981903118338
6.313688739883415,461.2652922736274,16.031263058048598
6.314475933792689,460.6590453253852,14.828151608889998
6.3152631277019635,454.8989601135254,13.856918403106057
6.316050321611238,454.7574628194173,14.365210538593622
6.316837515520512,459.90570237901477,15.397119670718306
6.317624709429786,458.1231197781033,15.976658340259373
6.318411903339061,453.8483534918891,15.08245569774656
6.319199097248335,446.1382887098524,13.79833752542409
6.319986291157609,441.25255542331274,13.156927974117059
6.3207734850668835,444.62614822387695,13.666654573324104
6.321560678976157,442.26486502753363,15.117845868249136
6.322347872885431,438.04602983262805,16.468979795642547
6.3231350667947055,433.70820320977106,16.46210621693949
6.32392226070398,439.57965808444555,15.790893832622428
6.324709454613254,442.51895395914715,14.313648195108689
6.325496648522528,434.3268640306261,13.930252137905043
6.326283842431803,432.19400787353516,14.714593908380545
6.327071036341077,435.58398818969727,15.880199992312965
6.327858230250351,423.6500714619954,15.426774681805552
6.3286454241596255,422.221314324273,14.58553039902495
6.3294326180689,422.02186414930554,13.543180189579074
6.330219811978174,419.8495347764757,12.741191544461397
6.331007005887448,418.8270149230957,13.186786465023719
6.331794199796723,417.8928981357151,14.837715247549001
6.332581393705997,425.67433081732855,15.619632727336707
6.33336858761527,411.88282775878906,15.516516902649705
6.334155781524545,418.63170623779297,15.313350134639117
6.334942975433819,417.71688503689234,14.612538205983443
6.335730169343093,416.85924953884546,14.376692431785994
6.3365173632523675,416.7541232638889,14.754950087458482
6.337304557161642,417.5507278442383,15.35086353717691
6.338091751070916,411.3852399190267,15.269363739387023
6.33887894498019,408.27745649549695,14.838435348323094
6.339666138889465,401.06320995754663,13.710799179969323
6.340453332798739,405.7283185323079,13.08934740980606
6.341240526708013,407.86019685533313,13.120057948616763
6.3420277206172875,399.45565202501086,13.829755431743997
6.342814914526562,394.6996701558431,14.159301494122179
6.343602108435836,401.22505315144855,14.23766626543659
6.34438930234511,399.1704627143012,14.551850466951548
6.345176496254384,393.2746124267578,14.676538002039544
6.345963690163658,393.4160344865587,14.907170711255377
6.346750884072932,390.95333650377063,15.42564362841682
6.347538077982207,400.50348620944555,15.69798422790004
6.348325271891481,390.9558406405979,15.563307756671513
6.349112465800755,376.45127953423395,15.350497986604266
6.3498996597100295,384.24903700086804,15.615471664314507
6.350686853619304,383.3240695529514,14.511366433393253
6.351474047528578,385.7460585700141,14.288039148100134
6.352261241437852,379.8546850416395,14.244268819110125
6.353048435347127,379.6543833414714,13.964477994003598
6.353835629256401,382.08018536037866,13.600203686569344
6.354622823165675,377.89959123399524,13.942926714335968
6.3554100170749495,377.3297237820095,14.478091259149563
6.356197210984224,373.511382844713,14.7101039834716
6.356984404893497,374.6420728895399,14.97958689680879
6.357771598802771,374.82127973768445,15.347214974081773
6.358558792712046,371.0528166029188,15.056250439588156
6.35934598662132,372.33027267456055,15.518941406566867
6.360133180530594,372.7616996765137,15.986328128471303
6.360920374439869,373.0085603925917,15.593264911949447
6.361707568349143,367.6150402492947,14.944530275014877
6.362494762258417,367.7023463779026,14.340788833471636
6.363281956167691,366.90223185221356,13.632841302878278
6.364069150076966,365.46689287821454,13.21285262091341
6.36485634398624,362.71739874945746,13.009646505388405
6.365643537895514,359.69377432929144,13.325678767275312
6.366430731804789,363.3085208468967,13.623288945052957
6.367217925714063,361.09613037109375,13.991601402389168
6.368005119623337,362.5592346191406,14.15586536869361
6.3687923135326105,354.7644674513075,14.056553640279402
6.369579507441885,356.97002686394586,13.952009834723038
6.370366701351159,365.1726661258274,14.534968135148553
6.371153895260433,359.9594268798828,15.711924468018152
6.371941089169708,360.99516190422906,15.8459389007732
6.372728283078982,359.9735272725423,15.27615857079091
6.373515476988256,357.08241822984485,14.605776350092768
6.3743026708975306,350.5769572787815,13.713318031321714
6.375089864806805,353.35338253445093,13.063763058143886
6.375877058716079,359.1365911695692,13.37243433539631
6.376664252625353,353.95672607421875,13.89019739175417
6.377451446534628,349.8205621507433,13.98728057479692
6.378238640443902,354.890503777398,13.803121535883399
6.379025834353176,356.0967945522732,13.620717228175277
6.379813028262451,352.9880676269531,13.482385301407032
6.380600222171724,348.985543568929,13.749272006489322
6.381387416080998,353.59239705403644,14.860522830541699
6.3821746099902725,339.14253997802734,15.739560999288566
6.382961803899547,351.6453660329183,16.275344132939832
6.383748997808821,351.8268530103895,15.769262699888104
6.384536191718095,347.7095464070638,14.717566498176684
6.38532338562737,340.72771051194934,13.899259465241439
6.386110579536644,343.3712298075358,13.624522833802494
6.386897773445918,353.37287097507055,14.275761331315547
6.3876849673551925,342.981142255995,14.517665518935038
6.388472161264467,343.5626267327203,14.192023127116803
6.389259355173741,343.9986050923665,13.941946499499169
6.390046549083015,343.8489354451497,13.64243252286264
6.39083374299229,343.53229395548504,13.134694340449302
6.391620936901564,335.5949206882053,13.528963916595169
6.392408130810837,341.7255024380154,14.53509898548977
6.393195324720112,341.68170674641925,15.71611228113896
6.393982518629386,331.9940355088976,15.8810377469062
6.39476971253866,333.64409086439343,15.859071328302672
6.3955569064479345,335.1094169616699,15.092260201636961
6.396344100357209,331.38380326165094,14.650860848030476
6.397131294266483,331.6569648318821,14.099749459253978
6.397918488175757,338.99611367119684,14.713697533539825
6.398705682085032,327.8415226406521,15.061102718726703
6.399492875994306,333.93856536017523,14.601840919132249
6.40028006990358,324.86789470248755,13.841801278587072
6.4010672638128545,325.6527400546604,13.533514743964222
6.401854457722129,323.572270711263,13.076508417790052
6.402641651631403,329.29506640964087,13.248527649687116
6.403428845540677,333.29171413845484,13.96104288971649
6.404216039449951,326.8054943084717,15.050686703067438
6.405003233359225,328.2836079067654,15.702325108642693
6.405790427268499,318.24644576178656,15.76548874176508
6.406577621177774,323.8596299489339,15.38920856160255
6.407364815087048,321.09943283928766,14.951804718971768
6.408152008996322,328.9147489335802,15.07036856641504
6.4089392029055965,322.96505567762586,15.061011762980156
6.409726396814871,316.6200133429633,15.16676318995233
6.410513590724145,320.3157492743598,14.736811596339065
6.411300784633419,318.01301934983996,14.183949736064909
6.412087978542694,317.86059845818414,13.719283815438672
6.412875172451968,315.40511894226074,13.483174917090597
6.413662366361242,310.4605363210042,13.124607230557512
6.4144495602705165,313.0601056416829,13.575854047160194
6.415236754179791,314.4482644399007,14.060642965492525
6.416023948089064,320.3622652689616,14.679965964041637
6.4168111419983385,308.9207530551487,14.881646524331753
6.417598335907613,304.9268506368001,15.590203481596674
6.418385529816887,308.94580523173016,15.290816134658943
6.419172723726161,309.0078339046902,15.13932515880842
6.419959917635436,302.54162894354926,14.932498317986868
6.42074711154471,300.3018860287136,14.727871396514335
6.421534305453984,306.523006439209,14.872176738183283
6.4223214993632585,307.6046598222521,14.503750042709866
6.423108693272533,308.2919926113552,14.368120901529442
6.423895887181807,304.7555976443821,13.875890799105187
6.424683081091081,309.12345547146265,13.206538896622666
6.425470275000356,299.812283621894,13.04947667657945
6.425864250176375,354.41300892829895,12.157927717116204
6.42625746890963,293.8408703274197,13.17030898517946
6.42665144408565,343.21484994888306,12.860606888289817
6.427044662818904,296.49002244737414,13.473089816919337
6.427438637994924,348.3981535434723,12.97926323234585
6.427831856728178,302.5664884779188,14.063177611928667
6.428225831904198,358.6921696662903,12.92763751183414
6.428619050637452,300.5684174431695,15.03008255081922
6.429013025813473,347.52355694770813,13.917543008198432
6.429406244546726,294.24194547865125,15.201370933991456
6.429800219722747,343.3785574436188,13.53447047055198
6.430193438456,299.2424765692817,14.975821963226366
6.430587413632021,350.39745235443115,14.058233411378064
6.430980632365275,304.9947747124566,15.24907010216427
6.431374607541295,339.4408073425293,14.5599741200856
6.431767826274549,301.7374269697401,15.122510533942979
6.43216180145057,341.4567322731018,13.358773024322764
6.432555020183823,293.7281297047933,15.115229400092874
6.432948995359844,354.3534426689148,14.251532989374029
6.433342214093098,290.959689034356,14.762509830290838
6.433736189269118,346.8207941055298,13.840849783942366
6.434129408002372,289.9180636935764,14.541366508199467
6.434523383178393,338.32376503944397,12.868660923043612
6.434916601911646,288.8163865407308,14.37578071762671
6.435310577087667,344.6469027996063,13.441679024215292
6.4357037958209204,291.75579282972546,13.504373594930698
6.436097770996941,334.24143290519714,11.978899311523483
6.436490989730195,288.3346583048503,12.931215257559831
6.436884964906215,328.9135446548462,12.448946169297514
6.437278183639469,290.270251803928,12.466933145540267
6.437672158815489,343.8790774345398,12.896600099692554
6.438065377548743,291.39016871982153,12.579508160420358
6.438459352724763,350.67244362831116,11.647488244605348
6.438852571458018,291.2959336174859,13.421816105053383
6.439246546634037,342.65422463417053,12.825291618262366
6.439639765367291,286.66931406656903,13.40996549571562
6.440033740543312,332.4284498691559,12.49539086823664
6.440426959276565,279.8352343241374,14.05814030172096
6.440820934452586,344.2975420951843,12.304162168552248
6.44121415318584,285.39092953999835,14.904391601505296
6.44160812836186,330.6607565879822,14.038681020671072
6.442001347095114,282.2512681749132,14.644498807436868
6.4423953222711345,326.6624207496643,13.034141844687085
6.442788541004388,283.8343152999878,14.932364938965513
6.443182516180409,340.67308259010315,13.907163365770264
6.443575734913662,285.64041837056476,14.910587553318779
6.443969710089683,334.656375169754,14.348382840322126
6.444362928822937,290.4527062310113,14.773878905720485
6.444756903998957,325.4215281009674,12.926792286665904
6.445150122732211,289.8618066575792,14.49013750468768
6.445544097908232,335.7164590358734,15.300567422768301
6.445937316641485,284.8950612809923,14.587713804586175
6.446331291817506,334.5374562740326,13.911530189085378
6.44672451055076,282.29569180806476,14.721410993090494
6.44711848572678,330.61288690567017,13.019545483462595
6.447511704460034,274.6919920179579,13.664881818432399
6.4479056796360545,335.8959655761719,13.933886950812425
6.448298898369308,278.1635858747694,12.76730481185203
6.448692873545329,333.97654128074646,11.857537260292942
6.449086092278582,278.65805922614203,12.294670526030673
6.449480067454602,326.57175040245056,12.767943171303958
6.449873286187857,280.6400686899821,12.190840622823158
6.4502672613638765,328.59501814842224,13.200938731471787
6.450660480097131,275.5363057454427,12.285766038133955
6.451054455273151,331.7268126010895,11.640649494558819
6.451447674006404,276.2321508195665,12.479848953015654
6.451841649182425,323.8361780643463,13.217539214730008
6.452234867915679,278.0605108473036,13.649680324131081
6.452628843091699,327.116797208786,13.11931414925523
6.453022061824953,275.53023592631024,14.383657175687713
6.453416037000974,330.03160881996155,12.90476662909686
6.453809255734227,273.023259056939,14.610935900377948
6.454203230910248,321.13094091415405,14.278232102539226
6.4545964496435015,277.76153055826825,14.389491419321736
6.454990424819522,322.51450061798096,12.868548408817057
6.455383643552776,275.5054359436035,14.391004558384488
6.4557776187287965,327.018408536911,14.233257510673582
6.45617083746205,275.06473943922254,14.60234123013034
6.456564812638071,332.15394353866577,14.848903962684398
6.456958031371324,276.5245935651991,14.232935294075148
6.457352006547345,328.7823340892792,13.147380661279554
6.457745225280599,268.3297807905409,14.273857895851405
6.458139200456619,326.4359459877014,14.724961606960367
6.458532419189873,266.0570199754503,14.208923798457645
6.458926394365894,324.2397608757019,12.839011124386973
6.459319613099147,272.60090997483996,14.080955059155713
6.459713588275168,317.12816071510315,12.937496652446551
6.4601068070084215,271.5117365519206,13.141758020184334
6.460500782184442,318.6606297492981,13.793036277516164
6.460894000917696,274.6579672495524,12.298225347897406
6.461287976093716,321.74479150772095,11.687135976453607
6.46168119482697,273.1909859975179,12.066481264447026
6.46207517000299,321.73282837867737,12.736436031073785
6.462468388736244,270.16729058159723,12.315457365173796
6.462862363912264,331.50746273994446,12.799040349837695
6.463255582645518,273.64283498128253,12.469494783566459
6.4636495578215385,330.05798077583313,11.582711213704464
6.464042776554792,275.6664498647054,13.262305351165093
6.464436751730813,328.05915355682373,13.147721717113573
6.464829970464066,265.47580846150714,13.941052442530458
6.465223945640087,323.72433519363403,12.1970627747015
6.465617164373341,265.2384245130751,14.816400240691465
6.466011139549361,324.9966070652008,12.759261384074904
6.466404358282615,269.4848397572835,14.444711271807911
6.466798333458636,323.5975115299225,14.462720252822617
6.467191552191889,269.54572741190594,14.143279170254074
6.46758552736791,324.8486328125,12.987964786260404
6.4679787461011635,264.1572093963623,14.194421233372813
6.468372721277184,325.6430501937866,14.191585693908719
6.468765940010438,268.70118628607855,14.215270062162972
6.4691599151864585,322.128422498703,14.497957372215943
6.469553133919712,269.8882993062337,14.007458683816473
6.469947109095733,318.7986509799957,13.308194729343043
6.470340327828986,269.40628878275555,14.330759952112286
6.470734303005007,319.02207231521606,15.299112257223875
6.471127521738261,272.86450894673663,14.673827202523718
6.471521496914281,318.29375171661377,13.047577460025188
6.471914715647535,272.8712507883708,14.589704400612211
6.472308690823556,321.6512851715088,13.413975458399232
6.472701909556809,280.01655197143555,13.417743049520494
6.473095884732829,325.31985545158386,13.647571670984146
6.4734891034660835,270.1636511484782,12.604233043836377
6.473883078642103,321.64071130752563,11.699552408232012
6.474276297375358,265.9593753814697,11.865451331185334
6.474670272551378,323.24841260910034,12.92166982687123
6.475063491284631,265.7637547387017,11.788865275069787
6.475457466460652,318.99428725242615,12.530670500140685
6.4758506851939055,262.7508371141222,12.07601661438756
6.476244660369926,314.3472876548767,11.898308323593561
6.47663787910318,262.9220199584961,13.076102807308613
6.4770318542792005,316.58409428596497,13.121345402915699
6.477425073012454,266.74533504909937,14.247340241451651
6.477819048188475,318.9594056606293,12.271519571034432
6.478212266921728,267.71249813503687,15.485123994227054
6.478606242097749,313.0969741344452,13.184441524356405
6.478999460831003,269.81667603386774,15.783237016560419
6.479393436007023,316.30158281326294,14.442137994251613
6.479786654740277,270.38590388827856,15.183189489764686
6.480180629916298,317.0194716453552,13.021750427722933
6.480573848649551,261.93934122721356,14.371884503365385
6.480967823825572,309.1870901584625,14.530016184222271
6.4813610425588255,265.5100447336833,13.933287737316112
6.481755017734846,308.1930742263794,13.929553466287471
6.4821482364681,271.3590840233697,14.038586958887636
6.4825422116441205,316.65474009513855,13.249605015171795
6.482935430377374,267.66005473666723,13.974498036995433
6.483329405553395,310.5499997138977,14.442499452901806
6.483722624286648,267.79241858588324,14.085590468240119
6.484116599462668,311.2512822151184,12.84625054252528
6.484509818195923,265.68510267469617,13.958289414575916
6.4849037933719424,321.28360652923584,13.538674552665665
6.485297012105197,262.10934999254016,13.315607269083364
6.485690987281217,313.6216812133789,13.485633754994133
6.486084206014471,260.57276301913794,12.80672368858283
6.486478181190491,305.76372599601746,11.535172740267443
6.486871399923745,257.532313240899,12.393895730415883
6.487265375099765,315.2096939086914,12.760792050450982
6.487658593833019,259.1350631713867,11.784206026802874
6.48805256900904,309.77411818504333,11.896103594671871
6.488445787742293,261.57247649298773,11.73172012941877
6.488839762918314,303.3407943248749,11.654078316191718
6.4892329816515675,260.72708278232153,12.527204531881354
6.489626956827588,312.6767735481262,13.12840930837121
6.490020175560842,264.55671903822156,13.920649402263027
6.4904141507368625,310.1302318572998,11.882302316728234
6.490807369470116,267.133179558648,14.641847887773546
6.491201344646137,301.13032054901123,12.905396996265154
6.49159456337939,272.3491391075982,15.12567459685992
6.491988538555411,302.7139472961426,13.52467686631853
6.492381757288665,266.7350493537055,15.211310944796432
6.492775732464685,310.8261275291443,12.367344549158181
6.493168951197939,264.6718459659153,15.180191454397379
6.49356292637396,305.4075417518616,14.290018224476043
6.493956145107213,261.4861248864068,14.439547912303992
6.494350120283234,310.99850249290466,13.197784776684134
6.4947433390164875,258.92537286546496,13.614491785021245
6.495137314192508,315.66089057922363,13.040285563394377
6.495530532925762,259.58086734347876,13.369440616062874
6.495924508101782,301.03740096092224,14.186494328446928
6.496317726835036,258.4895682864719,13.074726128965596
6.496711702011056,302.11790323257446,12.161681972162693
6.49710492074431,249.0632150438097,13.090488547119795
6.49749889592033,324.0977394580841,13.452604000748101
6.497892114653585,250.64227146572537,12.991210113052507
6.498286089829604,310.67392241954803,13.027840604392212
6.498679308562858,249.19968689812555,12.661255515091256
6.499073283738879,306.8289633989334,11.434242929626901
6.499466502472132,255.49124675326877,12.368504911314638
6.499860477648153,315.76523518562317,12.863252101762972
6.500253696381407,257.6915522681342,12.08156016711423
6.500647671557427,308.663010597229,11.542982889126877
6.501040890290681,255.61343108283148,12.214945506750377
6.501434865466702,302.7043206691742,11.567371435632266
6.501828084199955,250.44570032755533,12.645294839568033
6.502222059375976,304.9189157485962,12.526287255224293
6.5026152781092295,257.3321475982666,13.418106492965356
6.50300925328525,302.25446939468384,11.406857315984064
6.503402472018504,253.80169995625815,13.939477809655038
6.503796447194524,292.7852621078491,13.123798919242661
6.504189665927778,249.71923319498697,14.497434639441714
6.504583641103799,295.97007298469543,13.17856114387449
6.504976859837052,259.954951816135,14.929144415490185
6.505370835013073,300.29140162467957,11.71398273389777
6.505764053746327,261.4688146379259,14.859012466229581
6.506158028922347,295.6959731578827,13.865774818169296
6.506551247655601,266.30285517374676,14.323430552209196
6.506945222831622,304.11037826538086,12.684940108188973
6.507338441564875,258.37696901957196,13.470200819668605
6.507732416740895,308.3930883407593,12.4959166244991
6.5081256354741495,256.8126911587185,13.041876510044105
6.508519610650169,302.20991921424866,13.331998250333319
6.508912829383424,258.73035600450305,13.158024457934737
6.5093068045594435,310.1854841709137,11.377060982109654
6.509700023292698,254.45295503404407,12.503673510835679
6.510093998468718,310.7665493488312,12.889114514393317
6.510487217201971,249.41926680670844,12.364684594050852
6.510881192377992,294.10242342948914,12.4206462341731
6.511274411111246,247.94085269504123,12.481818929282273
6.511668386287266,293.84742426872253,10.5863045910508
6.51206160502052,248.7660844590929,12.604460455838066
6.512455580196541,303.7540702819824,12.388524819571261
6.512848798929794,245.47452142503528,12.490810365613942
6.513242774105815,299.358553647995,11.27015053088801
6.513635992839069,247.91996256510416,12.482821107403467
6.514029968015089,293.02183079719543,10.793529887639938
6.514423186748343,252.22495460510254,12.79860994177435
6.5148171619243636,298.7683720588684,12.24204509344233
6.515210380657617,255.76961093478732,13.504467198417816
6.515604355833638,290.30458641052246,10.659400743079777
6.515997574566891,253.13205210367838,13.722907443299631
6.516391549742912,282.22543573379517,12.072584391883364
6.516784768476166,247.3786818186442,13.965230817644063
6.517178743652186,292.94458270072937,13.023125892092507
6.51757196238544,253.09985542297363,14.379111928790035
6.517965937561461,288.2969686985016,11.188574654148713
6.518359156294714,256.8988785213894,14.72965584103336
6.518753131470735,278.9491264820099,13.610340960742507
6.519146350203989,251.73347663879395,14.195946367672033
6.519540325380008,296.55905532836914,12.8933989196445
6.519933544113263,253.0771115620931,14.16212660975748
6.520327519289283,298.5743432044983,11.627823670133855
6.520720738022537,259.443295372857,12.748000684778107
6.521114713198557,282.78978204727173,13.040565076700073
6.521507931931811,256.74179310268823,12.201768606707247
6.521901907107831,292.26517701148987,11.140546516185434
6.522295125841085,255.26748127407498,11.818329013161039
6.5226891010171055,300.71186208724976,11.958803123444952
6.523082319750359,246.32827144198947,11.583999214477837
6.52347629492638,288.2021450996399,12.547495274290522
6.523869513659633,243.05538495381674,11.813895787693456
6.524263488835654,292.53192234039307,10.518781750963964
6.525050682744928,298.3636848926544,12.73782369687382
6.525837876654203,289.56368041038513,12.237298317557224
6.526625070563477,287.3925242424011,10.838653574133508
6.527412264472751,293.0897557735443,13.309664081708375
6.5281994583820255,288.932843208313,12.346085223326824
6.5289866522913,288.394495010376,12.035114695253657
6.529773846200574,295.2955195903778,13.97482615160265
6.530561040109848,286.7520258426666,11.849361688480318
6.531348234019122,279.40584564208984,13.262246822068386
6.532135427928396,294.5412039756775,14.119469072744684
6.53292262183767,292.2273852825165,11.907382888049762
6.533709815746945,281.8689353466034,13.64492943078676
6.534497009656219,293.99760484695435,12.421948266585757
6.535284203565493,298.0505955219269,11.558271355087921
6.5360713974747675,285.9815607070923,13.028463628566467
6.536858591384042,291.12637162208557,11.076471424708268
6.537645785293316,298.52529191970825,11.86215047013706
6.53843297920259,287.7103707790375,12.477431638982164
6.539220173111865,286.6554617881775,10.501039437923342
6.540007367021139,295.3817002773285,12.47382411632392
6.540794560930413,295.1808183193207,12.547678217247705
6.5415817548396875,291.63477849960327,11.424320950312962
6.542368948748962,297.93983149528503,17.210016766077185
6.543156142658235,284.93030977249146,13.07481582476512
6.5439433365675095,282.56394696235657,12.685577593811137
6.544730530476784,298.7795946598053,14.640494008342188
6.545517724386058,295.2271294593811,11.667916333928435
6.546304918295332,287.124276638031,13.279132472620015
6.547092112204607,288.22312450408936,13.269370707658716
6.547879306113881,286.5683970451355,10.969467607479835
6.548666500023155,282.51582193374634,12.848792182294764
6.5494536939324295,289.70940923690796,11.426300872626022
6.550240887841704,289.9675838947296,11.088743606667078
6.551028081750978,280.5402247905731,12.56164732519725
6.551815275660252,289.16173458099365,10.385223922749143
6.552602469569527,292.28056502342224,11.86494231683382
6.553389663478801,281.8642427921295,12.874505662855507
6.554176857388075,290.4536962509155,10.819573473248978
6.554964051297349,292.92831206321716,13.251136757248831
6.555751245206623,283.56225752830505,13.164014004597973
6.556538439115897,287.19776368141174,11.73522235619029
6.5573256330251715,295.991064786911,14.265589810403448
6.558112826934446,291.99136185646057,12.208463444204488
6.55890002084372,291.75551557540894,12.646182511147193
6.559687214752994,302.2358911037445,13.794611395693858
6.560474408662269,295.8494756221771,11.017748693186315
6.561261602571543,287.2112967967987,12.660060331070369
6.562048796480817,290.4530692100525,12.678913375439832
6.5628359903900915,293.131689786911,10.554896419113451
6.563623184299366,295.58245968818665,12.911359947795546
6.56441037820864,297.1843647956848,11.868625015703262
6.565197572117914,297.3456904888153,11.195034226668247
6.565984766027189,291.25278639793396,13.179171791358296
6.566771959936462,301.9592249393463,11.462678110651279
6.567559153845736,302.5288796424866,12.93498876859938
6.568346347755011,293.1860544681549,14.057565400674658
6.569133541664285,296.26225328445435,11.722369388924573
6.569920735573559,296.6916489601135,14.491583598414232
6.570707929482833,293.23077392578125,14.020464271650328
6.571495123392108,292.5456049442291,11.813429864305608
6.572282317301382,296.98002791404724,14.737675043992242
6.573069511210656,301.76006841659546,12.661760139343203
6.573856705119931,302.77264642715454,12.148702324255185
6.574643899029205,299.0072355270386,13.865797640425848
6.575431092938479,299.8248553276062,11.403440640908714
6.5762182868477534,297.7566578388214,13.065776495078241
6.577005480757028,297.1668167114258,13.971946916954106
6.577792674666302,297.65388894081116,11.517691605939083
6.578579868575575,293.0463116168976,13.929471913048674
6.57936706248485,290.0079394578934,13.009646379356953
6.580154256394124,292.769544839859,11.663639075130636
6.580941450303398,292.45200514793396,15.019881289664715
6.581728644212673,299.58196115493774,13.564798093302223
6.582515838121947,299.88883781433105,13.637105682917236
6.583303032031221,299.24751591682434,15.740877489558358
6.584090225940495,309.2770264148712,12.637641996834272
6.58487741984977,312.5089678764343,14.283018752318311
6.585664613759044,308.0402629375458,14.439794675863975
6.586451807668318,309.35022830963135,11.383738251595279
6.587239001577593,308.95049118995667,13.310887722091433
6.588026195486867,309.1463620662689,13.114447103026425
6.588813389396141,307.8961353302002,11.294437470051895
6.589600583305415,312.55128741264343,13.839408947597617
6.590387777214689,308.7387013435364,11.714918027487101
6.591174971123963,306.4741175174713,11.684193613631319
6.591962165033237,308.3420476913452,13.4931300313562
6.592749358942512,306.36265420913696,11.34880946042986
6.593536552851786,303.9899868965149,12.924192685018237
6.59432374676106,308.6865656375885,14.53820584437186
6.5951109406703345,309.941823720932,12.276594103463497
6.595898134579609,312.16882157325745,14.894289438667697
6.596685328488883,316.9813437461853,14.189173589073944
6.597472522398157,317.2849118709564,12.72319727435132
6.598259716307432,313.14789628982544,14.897663648651134
6.599046910216706,313.2624351978302,12.738670180552415
6.59983410412598,312.77393651008606,12.273265665196432
6.6006212980352545,315.2569725513458,13.638543988211879
6.601408491944529,314.9426097869873,11.362083458927659
6.602195685853802,313.4924671649933,12.158476245915686
6.6029828797630765,314.7090151309967,12.753905074863173
6.603770073672351,312.3541145324707,10.799327546052814
6.604557267581625,317.85922145843506,12.82480154505511
6.605344461490899,325.8322138786316,12.775001944438474
6.606131655400174,320.6869466304779,11.66434237391292
6.606918849309448,317.0096538066864,14.032673639190394
6.607706043218722,327.7270860671997,13.415527295561342
6.6084932371279965,325.25581979751587,13.356765576910693
6.609280431037271,322.8653664588928,14.970187225135264
6.610067624946545,328.73184847831726,13.546966860593484
6.610854818855819,319.0981538295746,13.66484522700488
6.611642012765094,316.3222060203552,14.024144208501298
6.612429206674368,322.6973705291748,12.09448561032718
6.613216400583642,319.4361536502838,12.776002999587083
6.614003594492916,320.487295627594,12.197036590824915
6.61479078840219,325.29282426834106,11.414461320590773
6.615577982311464,321.62483739852905,12.29337314888947
6.6163651762207385,319.85901641845703,11.59459617400857
6.617152370130013,319.0735754966736,11.681272707295532
6.617939564039287,315.2047486305237,12.652965045912266
6.618726757948561,311.60649585723877,11.90078603615798
6.619513951857836,318.7874927520752,12.888169162023724
6.62030114576711,318.0344135761261,13.625878151633325
6.621088339676384,312.06692576408386,12.795804918584281
6.6218755335856585,319.15661334991455,13.684816629732092
6.622662727494933,326.6881296634674,14.036076610947786
6.623449921404207,322.5932035446167,14.172599382978072
6.624237115313481,327.2548656463623,14.452168245325147
6.625024309222756,331.14017391204834,13.355425312191475
6.625811503132029,332.4632315635681,13.500975388644328
6.626598697041303,331.63069462776184,13.528710076240868
6.627385890950578,330.77869176864624,12.22625155699948
6.628173084859852,320.7720580101013,13.086439365548378
6.628960278769126,319.11297821998596,12.900101350037506
6.6297474726784005,322.9004862308502,12.433362562285497
6.630534666587675,324.8085398674011,13.599066914428152
6.631321860496949,328.18737053871155,12.77313002118469
6.632109054406223,339.7478594779968,13.37876684276244
6.632896248315498,355.68012857437134,14.631977587304581
6.633683442224772,374.08265113830566,13.597131312107024
6.634470636134046,388.07132720947266,15.186051734542177
6.6352578300433205,380.8704762458801,15.245953483842705
6.636045023952595,357.940997838974,13.603433991745927
6.636832217861869,348.6685960292816,15.050499358252413
6.6376194117711425,339.29921102523804,14.279427008984406
6.638406605680417,334.00484585762024,13.151618977688273
6.639193799589691,341.7360141277313,14.32359557974559
6.639980993498965,339.4930958747864,12.847969577659786
6.64076818740824,333.70393109321594,12.149426461880886
6.641555381317514,333.8653144836426,12.909104448422454
6.642342575226788,329.0447859764099,11.726922350740073
6.6431297691360625,324.5445442199707,12.120264886972876
6.643916963045337,324.3647949695587,12.805846146908651
6.644704156954611,318.6038508415222,11.624195716523463
6.645491350863885,315.8729908466339,13.168354511841647
6.64627854477316,321.00404810905457,13.594444497699232
6.647065738682434,316.8499777317047,12.727059239515105
6.647852932591708,311.36678671836853,14.484719803240791
6.6486401265009825,315.8639962673187,14.313386914794402
6.649427320410256,314.7288224697113,13.111960966259756
6.65021451431953,317.1766173839569,14.409221565611112
6.651001708228804,329.51638746261597,13.663560276326137
6.651788902138079,325.85141158103943,13.17921376141972
6.652576096047353,320.68543243408203,13.516271089648688
6.653363289956627,329.45289039611816,12.288542933635535
6.654150483865902,331.3479676246643,12.56084930481158
6.654937677775176,321.5925269126892,12.453854902464489
6.65572487168445,321.28519344329834,11.451354142123787
6.656512065593724,323.89675545692444,12.24570527452661
6.657299259502999,317.55029559135437,12.300313123724752
6.658086453412273,318.0147259235382,11.533714847996736
6.658873647321547,327.25785636901855,13.022416464599779
6.659660841230822,330.6741318702698,13.401541575830322
6.660448035140096,323.26888275146484,12.880087153492331
6.661235229049369,317.85396575927734,14.034705422285338
6.6620224229586436,318.2205924987793,13.500389429846209
6.662809616867918,323.82250785827637,13.392208000455588
6.663596810777192,330.7663748264313,14.208727937465111
6.664384004686466,323.6445870399475,13.085975460985608
6.665171198595741,323.7990212440491,13.492988185331642
6.665958392505015,327.27503871917725,13.12235022563442
6.666745586414289,323.2001624107361,12.194542043791914
6.667532780323564,322.6254777908325,12.441439740122687
6.668319974232838,328.24111771583557,12.132694285650473
6.669107168142112,323.1870710849762,11.658827801614905
6.669894362051386,322.84900999069214,12.088278834273279
6.670681555960661,326.90570878982544,11.968075326579305
6.671468749869935,324.6296739578247,12.207187617697967
6.672255943779209,331.98984146118164,13.571568180695039
6.673043137688483,317.1781702041626,13.147591314228407
6.673830331597757,319.9806823730469,13.655449854959329
6.674617525507031,330.76330304145813,14.446545744264304
6.6754047194163055,332.0105924606323,13.868880174293112
6.67619191332558,320.977520942688,14.284864391769688
6.676979107234854,322.75500082969666,13.899621510401845
6.677766301144128,331.5967309474945,13.717892126834048
6.678553495053403,333.86875581741333,13.728956860692511
6.679340688962677,332.58563590049744,12.890376644526922
6.680127882871951,331.67601108551025,12.657894030276962
6.6809150767812255,327.36035919189453,13.056570106153245
6.6817022706905,328.87226724624634,11.804128894050672
6.682489464599774,330.6105637550354,12.157257884775296
6.683276658509048,330.607054233551,12.699449613361388
6.684063852418323,328.431049823761,11.911300306672986
6.684851046327596,330.65882682800293,12.697978422539299
6.68563824023687,324.56808495521545,13.456372107494756
6.686425434146145,316.36169385910034,12.680434469331395
6.687212628055419,319.1209297180176,13.66653933718274
6.687999821964693,319.8625543117523,13.824558944865563
6.6887870158739675,321.20436096191406,13.373931506085883
6.689574209783242,324.174800157547,14.390415207221343
6.690361403692516,326.9492301940918,13.566618097161502
6.69114859760179,324.5674469470978,12.937419188326054
6.691935791511065,325.92160964012146,13.720532444731974
6.692722985420339,326.0150203704834,12.405881550792918
6.693510179329613,323.14946579933167,12.176694587839838
6.6942973732388875,328.3276891708374,12.895835777373186
6.695084567148162,332.4496216773987,11.581937149475825
6.695871761057436,332.99872159957886,12.20811218248812
6.6966589549667095,327.4689450263977,12.881529090723918
6.697446148875984,327.9229383468628,11.856888593815537
6.698233342785258,320.5521490573883,12.381067456523311
6.699020536694532,324.61135029792786,13.58572189514646
6.699807730603807,324.38125824928284,12.906851000166885
6.700594924513081,321.5123484134674,13.675147240267785
6.701382118422355,324.1423647403717,14.00331691443057
6.7021693123316295,321.49214601516724,12.890033764620176
6.702956506240904,317.04103684425354,13.786120849892445
6.703743700150178,323.4410705566406,13.535253919913691
6.704530894059452,328.77476167678833,12.60109160369795
6.705318087968727,325.8772268295288,13.412438088514008
6.706105281878001,320.0372531414032,12.47254660774131
6.706892475787275,320.26440596580505,11.72923328645706
6.7076796696965495,324.5256471633911,12.618215616829627
6.708466863605823,325.24865531921387,11.709481170297567
6.709254057515097,323.563836812973,11.619169117969316
6.7100412514243715,319.2981626987457,12.86177894830345
6.710828445333646,317.5433340072632,11.882762442253624
6.71161563924292,320.7147216796875,12.354410300381156
6.712402833152194,322.65877962112427,13.827035763912289
6.713190027061469,324.15202832221985,12.836238080633548
6.713977220970743,322.95086431503296,13.765382422868022
6.714764414880017,326.1668338775635,14.821649052999577
6.7155516087892915,327.810183763504,13.631382636952212
6.716338802698566,328.72346591949463,14.054896630405054
6.71712599660784,338.79783391952515,14.60298516036525
6.717913190517114,349.8599307537079,13.0231452253982
6.718700384426389,363.08402490615845,13.624095970744692
6.719487578335663,388.57816457748413,14.062510576513038
6.720274772244936,379.1108684539795,12.517926008068795
6.721061966154211,356.1443965435028,12.782852553533376
6.721849160063485,346.15244817733765,12.314188390089285
6.722636353972759,341.4014015197754,11.770665984565296
6.7234235478820334,334.0738368034363,12.489213243086008
6.724210741791308,333.41819190979004,12.40375442648442
6.724997935700582,328.49712443351746,12.174694523689075
6.725785129609856,326.69020223617554,12.969837076646751
6.726572323519131,327.71538043022156,13.242862114476496
6.727359517428405,324.9719355106354,13.205414226426486
6.728146711337679,321.5968210697174,14.150180496948593
6.7289339052469535,325.3867290019989,13.919128327841019
6.729721099156228,323.51539969444275,13.65792895166284
6.730508293065502,311.0744581222534,14.197402359958103
6.731295486974776,321.83207082748413,13.371299213950982
6.73208268088405,328.4286832809448,13.097083050733774
6.732869874793324,321.4342133998871,13.71059286155258
6.733657068702598,322.31633138656616,12.611083359083839
6.734444262611873,323.1801600456238,12.432809367863307
6.735231456521147,325.81799840927124,12.618961626999354
6.736018650430421,328.70510363578796,11.941857678655243
6.736805844339695,327.43592596054077,12.209857852997663
6.73759303824897,323.52985978126526,12.597384693552627
6.738380232158244,325.9425530433655,12.349725032322699
6.739167426067518,327.1894211769104,12.847015530356998
6.739954619976793,323.76107239723206,13.355599396512398
6.740741813886067,323.0080246925354,13.133154820206293
6.741529007795341,324.7754364013672,13.866045139339343
6.742316201704615,321.10528016090393,14.121857551108041
6.74310339561389,320.18669605255127,13.433018339953058
6.743890589523163,322.9402844905853,13.691821738788692
6.744677783432437,317.9723045825958,13.619036033268527
6.745464977341712,319.5479567050934,13.045865300632734
6.746252171250986,330.04027795791626,13.473051058292112
6.74703936516026,323.6911995410919,12.617798102143553
6.7478265590695345,321.63202023506165,11.746506316723663
6.748613752978809,323.8665943145752,12.105062910809758
6.749400946888083,316.8280532360077,11.799822327082465
6.750188140797357,321.4592635631561,11.69475117166566
6.750975334706632,331.8346779346466,12.474086823948277
6.751762528615906,317.46808767318726,12.591571889003506
6.75254972252518,317.50670647621155,12.447691256641699
6.7533369164344546,322.10383319854736,13.511282939458159
6.754124110343729,314.7377338409424,13.494576407618792
6.754911304253003,315.9819989204407,14.038274958048133
6.7556984981622765,327.3934950828552,14.524765519104903
6.756485692071551,317.12101340293884,14.21357637062804
6.757272885980825,317.42478132247925,14.023879320602637
6.758060079890099,329.02038192749023,14.183745991343955
6.758847273799374,326.270081281662,13.29073967579674
6.759634467708648,319.08753752708435,13.294294371936129
6.760421661617922,325.32893085479736,13.229545071336227
6.7612088555271965,321.3771243095398,12.455924683385861
6.761996049436471,315.9698588848114,12.630148992222995
6.762783243345745,330.22652196884155,13.051594848225573
6.763570437255019,324.86476612091064,12.10860258429201
6.764357631164294,320.02015709877014,12.542219640888963
6.765144825073568,323.84085726737976,13.08564423945799
6.765932018982842,323.40263772010803,12.80166507040496
6.7667192128921165,314.95725274086,13.519282266312667
6.76750640680139,321.4751715660095,13.711118979906143
6.768293600710664,324.49657106399536,13.8674042802662
6.7690807946199385,322.25841188430786,14.977641496576764
6.769867988529213,338.02712392807007,15.5201553902305
6.770655182438487,339.91450333595276,14.131275169331316
6.771442376347761,328.6255307197571,15.559953386695526
6.772229570257036,334.2043797969818,15.15412786597986
6.77301676416631,335.32592010498047,13.434745200625569
6.773803958075584,320.30561566352844,14.578636627492465
6.7745911519848585,322.2637794017792,13.876522809082022
6.775378345894133,324.69274616241455,12.246092630351207
6.776165539803407,317.15502643585205,13.731329070644618
6.776952733712681,324.2876479625702,13.01855767805221
6.777739927621956,320.3692636489868,11.539292892311739
6.77852712153123,316.4592604637146,13.172367559023478
6.779314315440503,328.29309701919556,13.175269253864085
6.780101509349778,324.3608546257019,12.23370829191206
6.780888703259052,314.91466426849365,14.462520866797398
6.781675897168326,323.8961672782898,14.71301229744395
6.7824630910776005,331.19139194488525,13.76160888480961
6.783250284986875,324.6911690235138,15.528373781049082
6.784037478896149,338.1207752227783,15.24356587509126
6.784824672805423,329.1726861000061,14.214123086471156
6.785611866714698,312.4602906703949,15.708991792002529
6.786399060623972,325.0341262817383,14.415930725867664
6.787186254533246,326.5261826515198,13.373366504614518
6.7879734484425205,326.1558213233948,14.473096778192462
6.788760642351795,334.42088317871094,13.222786729030314
6.789547836261069,331.82532262802124,12.465923108866637
6.790335030170343,319.01375126838684,13.394561107683343
6.791122224079617,326.8619656562805,12.446378175081113
6.791909417988891,321.4827311038971,12.06568728305007
6.792696611898165,313.99782133102417,13.417483881819138
6.79348380580744,320.2032973766327,12.889035342975628
6.794270999716714,321.87968921661377,12.909844051316178
6.795058193625988,311.8719713687897,14.547013349899652
6.7958453875352625,319.6719617843628,13.638817560004185
6.796632581444537,320.78676891326904,13.931890763739506
6.797419775353811,316.3075821399689,15.563517031295754
6.798206969263085,318.0883870124817,14.280793572381363
6.79899416317236,319.78074622154236,14.520508099949375
6.799781357081634,319.1045618057251,15.685374667481081
6.800568550990908,326.0327844619751,13.844108956725535
6.8013557449001825,333.3367762565613,13.957447721668196
6.802142938809457,325.870934009552,14.490055078943977
6.80293013271873,332.38526916503906,12.812941634381657
6.803717326628004,332.7522773742676,13.008336873786382
6.804504520537279,324.57873010635376,13.211999243436566
6.805291714446553,326.7165722846985,11.669279326077946
6.806078908355827,325.95498609542847,12.37404477467178
6.806866102265102,319.00906324386597,13.306844022335985
6.807653296174376,323.142370223999,12.17244692720564
6.80844049008365,325.2478494644165,13.123747042249622
6.809227683992924,315.1987373828888,14.617594911925245
6.810014877902199,319.5850872993469,13.507436267916132
6.810802071811473,322.53669357299805,14.641085744546617
6.811589265720747,324.5093159675598,15.799651186435714
6.812376459630022,328.2029664516449,14.124435156603855
6.813163653539296,331.33282375335693,14.948514553846595
6.81395084744857,330.6328594684601,15.673900938202868
6.814738041357844,332.1769685745239,13.1989335877757
6.815525235267118,335.11048436164856,14.39268476211426
6.816312429176392,328.05321073532104,14.927092750038428
6.817099623085666,333.4536290168762,12.22699863344508
6.817886816994941,332.8772840499878,13.182697140724706
6.818674010904215,319.0155494213104,13.558675415384633
6.819461204813489,326.2393181324005,11.575344145072053
6.820248398722764,330.8452503681183,12.98591490178736
6.821035592632038,326.39615392684937,14.066898336518394
6.821822786541312,326.2824864387512,12.365761566622844
6.822609980450586,329.247239112854,14.40154758170732
6.823397174359861,329.1201231479645,15.667544182362658
6.824184368269135,331.61122727394104,13.395829680963674
6.824971562178409,333.3202295303345,15.911116863209928
6.825758756087684,325.80904388427734,16.672539752456863
6.826545949996957,333.3476219177246,14.019794503293364
6.827333143906231,340.5210452079773,16.439265877261164
6.8281203378155055,337.3653633594513,16.621368880057545
6.82890753172478,342.73654222488403,13.411755405750862
6.829694725634054,343.13408613204956,15.29572268462615
6.830481919543328,331.63253688812256,14.916781346031707
6.831269113452603,337.8133101463318,12.127364756175734
6.832056307361877,342.1277928352356,13.785846914189824
6.832843501271151,330.78598046302795,14.156849049906137
6.8336306951804255,333.517539024353,11.493325190303276
6.8344178890897,336.9239225387573,13.7055038218007
6.835205082998974,337.1741781234741,14.877049598946071
6.835992276908248,335.76551270484924,12.168779691101108
6.836779470817523,333.346736907959,14.380350984987926
6.837566664726797,334.2789192199707,15.815955231390829
6.83835385863607,332.70778799057007,13.136295028660866
6.839141052545345,330.31094574928284,15.517601091536111
6.839928246454619,326.8310866355896,16.512012838662326
6.840715440363893,333.0696830749512,13.206719842111786
6.8415026342731675,338.9385085105896,15.40828936325967
6.842289828182442,340.08322858810425,16.196544150163458
6.843077022091716,338.99676513671875,12.652528107882263
6.84386421600099,338.7669084072113,14.446226327181062
6.844651409910265,342.1705906391144,14.999480964032644
6.845438603819539,337.63632798194885,11.634496847533017
6.846225797728813,336.4817774295807,13.090555468962
6.8470129916380875,338.83380603790283,14.672934415440132
6.847800185547362,340.6582272052765,11.469681887576012
6.848587379456636,340.7522385120392,12.942638465464755
6.84937457336591,334.8724858760834,14.413576001725056
6.850161767275184,335.6608581542969,12.145693888670131
6.850948961184458,340.9271774291992,13.74315795101569
6.851736155093732,335.02957701683044,15.568284044669403
6.852523349003007,330.6062607765198,13.128675201174934
6.853310542912281,331.80064702033997,14.506110553238056
6.854097736821555,331.5074121952057,16.54765486033379
6.8548849307308295,334.41213369369507,13.758499306426158
6.855672124640104,340.3203983306885,14.372283165344784
6.856459318549378,342.54792046546936,15.880664344164819
6.857246512458652,343.4049472808838,13.028608580454057
6.858033706367927,345.6523172855377,13.281048181282532
6.858820900277201,342.51523542404175,14.846648644694916
6.859608094186475,339.8654055595398,12.42548090380811
6.8603952880957495,338.3052706718445,12.423134284599508
6.861182482005024,337.74675822257996,14.142842048463532
6.861969675914297,340.52430152893066,12.13216447630531
6.8627568698235715,343.2080864906311,12.14063596979897
6.863544063732846,337.6201775074005,14.523246972883312
6.86433125764212,336.73913764953613,13.12425481660319
6.865118451551394,334.22134613990784,12.970449132782084
6.865905645460669,335.2507770061493,15.4225063672428
6.866692839369943,335.58553290367126,14.08232765484107
6.867480033279217,337.256644487381,13.520906920475294
6.8682672271884915,336.2616856098175,16.043706078583792
6.869054421097766,336.68738532066345,14.590660622425546
6.86984161500704,337.7673616409302,13.593633786885366
6.870628808916314,341.66579699516296,15.590812048672525
6.871416002825589,338.3306014537811,13.783243412187815
6.872203196734863,342.4599347114563,12.53321323024348
6.872990390644137,348.81432342529297,14.394701823731621
6.873777584553411,344.48620080947876,13.026191093601449
6.874564778462685,339.83125734329224,11.832639615506107
6.875351972371959,345.0537803173065,13.79675697623027
6.8761391662812335,337.43115758895874,12.884450503006605
6.876926360190508,339.22454810142517,11.818717109748606
6.877713554099782,339.4868402481079,13.91266868831351
6.878500748009056,341.8521656990051,13.672160714212254
6.879287941918331,334.8951346874237,12.672807595642851
6.880075135827605,326.0772018432617,14.788902508646233
6.880862329736879,330.87334871292114,14.608659499109265
6.8816495236461535,333.6164782047272,13.27982697273302
6.882436717555428,336.9837369918823,15.21734930367925
6.883223911464702,339.8921642303467,14.979530005841072
6.884011105373976,340.19515585899353,13.089050022192067
6.884798299283251,344.85469150543213,14.725322810720561
6.885585493192524,339.5500855445862,14.135122173554901
6.886372687101798,338.4700343608856,12.520159652444438
6.887159881011073,340.06690859794617,13.809555439130005
6.887947074920347,341.85861349105835,13.26986612060872
6.888734268829621,342.4085285663605,11.793353525493869
6.889521462738895,341.3098645210266,12.99428811857228
6.89030865664817,345.10254096984863,13.187924425585358
6.891095850557444,343.91235160827637,11.911812739588614
6.891883044466718,343.5516200065613,13.194466914898273
6.892670238375993,336.6563012599945,13.637961033096438
6.893457432285267,335.41207551956177,12.804811012328722
6.894244626194541,334.5525538921356,14.28721665009286
6.895031820103815,341.98329496383667,15.37015529200989
6.89581901401309,333.4425663948059,13.95463582660196
6.896606207922364,332.31647300720215,15.044342945928683
6.897393401831637,337.37539768218994,15.268569450718827
6.898180595740912,338.975950717926,13.96878468901999
6.898967789650186,337.651490688324,14.80662014118656
6.89975498355946,334.07999753952026,14.792199047738315
6.9005421774687346,334.9847767353058,12.924290621019813
6.901329371378009,336.72597002983093,13.621290047884754
6.902116565287283,342.72610354423523,13.977252472316957
6.902903759196557,349.54194355010986,12.148952978837526
6.903690953105832,350.2900278568268,12.968308277081176
6.904478147015106,358.8572278022766,13.739426474097963
6.90526534092438,401.0306177139282,12.606892518184255
6.9060525348336546,475.3705096244812,13.939832324710293
6.906839728742929,636.3868589401245,17.55185380121627
6.907626922652203,786.570146560669,16.687339281168345
6.908414116561477,799.7074975967407,17.52808015258105
6.909201310470751,630.0335416793823,18.33681211542976
6.909988504380025,481.7006392478943,15.444907724178284
6.910775698289299,410.7625789642334,15.24785165391671
6.911562892198574,377.04138374328613,16.016253455046083
6.912350086107848,366.2192153930664,14.370950435811103
6.913137280017122,360.8359258174896,14.020408030047532
6.9139244739263965,350.5322861671448,14.7918636773281
6.914711667835671,350.83500599861145,13.412955176752408
6.915498861744945,350.447194814682,12.94090868497235
6.916286055654219,347.1631338596344,13.831259528315217
6.917073249563494,345.7877187728882,12.69227321404163
6.917860443472768,346.3485743999481,11.905728452637202
6.918647637382042,346.3640878200531,13.202093741529303
6.9194348312913165,348.90794372558594,12.837396112267562
6.920222025200591,352.7521471977234,12.174493407318005
6.921009219109864,350.5813629627228,13.685596755408767
6.9217964130191385,344.83818650245667,14.071347881882046
6.922583606928413,350.59190344810486,13.212196438471047
6.923370800837687,345.7235472202301,14.892052933673943
6.924157994746961,349.16928148269653,15.256448424548028
6.924945188656236,352.42601132392883,14.19365552047122
6.92573238256551,349.887344121933,15.365622987485843
6.926519576474784,356.40904808044434,15.52427562494108
6.9273067703840585,361.2685651779175,13.976927645541814
6.928093964293333,356.82640409469604,14.507088009841606
6.928881158202607,358.9804482460022,14.591202408681225
6.929668352111881,362.79840302467346,13.001658552190728
6.930455546021156,357.05879187583923,13.290247146825084
6.93124273993043,359.11456084251404,13.504181053703356
6.932029933839704,357.9049072265625,12.220142954741405
6.932817127748978,354.7471845149994,12.777348695828508
6.933604321658252,355.0143322944641,13.445476526876663
6.934391515567526,359.6880729198456,12.676245148703359
6.9351787094768005,351.4665982723236,13.68008741131937
6.935965903386075,342.7206702232361,14.552441060411558
6.936753097295349,340.5800359249115,13.893351006842886
6.937540291204623,341.4597444534302,14.558166669585889
6.938327485113898,341.5658047199249,15.430262779676148
6.939114679023172,348.65499544143677,14.766273034020752
6.939901872932446,352.02749395370483,14.973876378141405
6.9406890668417205,352.880738735199,15.328355130149651
6.941476260750995,356.07753014564514,14.564738546554173
6.942263454660269,356.76682305336,14.166046449544064
6.943050648569543,363.1257920265198,14.504352490511929
6.943837842478818,363.9470763206482,13.498172309637805
6.944625036388091,359.0516004562378,13.136429887518474
6.945412230297365,362.085321187973,13.309764761745434
6.94619942420664,360.6887044906616,12.409655401859963
6.946986618115914,351.7144351005554,12.307133775847577
6.947773812025188,346.7648048400879,13.405161456605885
6.9485610059344625,356.8201160430908,13.270550339428635
6.949348199843737,354.9395830631256,12.831947541825828
6.950135393753011,360.17697644233704,14.773429085912149
6.950922587662285,358.4751410484314,14.361891701443913
6.95170978157156,354.92896819114685,13.937763612951862
6.952496975480834,362.7911231517792,15.980724692016686
6.953284169390108,357.9768178462982,15.59577443689612
6.9540713632993825,359.2462055683136,14.60715173823901
6.954858557208657,368.3323805332184,15.932974528466001
6.955645751117931,366.2112579345703,15.320252084370466
6.956432945027204,368.6764647960663,13.650080958899236
6.957220138936479,374.2388529777527,14.807004584602971
6.958007332845753,374.6622042655945,14.237117010180345
6.958794526755027,377.35984897613525,12.533503533388052
6.959581720664302,383.10459661483765,13.591777232792861
6.960368914573576,374.47091150283813,13.640336683598271
6.96115610848285,377.15581941604614,12.019516183174119
6.9619433023921244,386.96736240386963,13.096269958890556
6.962730496301399,384.8456835746765,14.043032663375739
6.963517690210673,389.75559544563293,12.828889946708456
6.964304884119947,391.2197518348694,13.612416959989151
6.965092078029222,380.7429909706116,15.856758047584583
6.965879271938496,387.580069065094,14.46880969145611
6.96666646584777,393.0000629425049,14.62591949297125
6.9674536597570444,393.32435178756714,16.80706497806846
6.968240853666318,379.973171710968,15.4132815240522
6.969028047575592,375.55579113960266,15.079627753449968
6.969815241484866,373.56135272979736,16.340080238273917
6.970602435394141,361.85849952697754,15.093010568463079
6.971389629303415,348.46107840538025,13.805030492508317
6.972176823212689,326.7216498851776,15.092158091702506
6.972964017121964,318.62564158439636,14.142784270712163
6.973751211031238,304.66361021995544,12.56799845386933
6.974538404940512,293.9884316921234,13.736313478494353
6.975325598849786,299.8922107219696,13.75948473184556
6.976112792759061,306.6938307285309,12.167469364574211
6.976899986668335,308.004930973053,13.466403379851121
6.977687180577609,309.21655464172363,14.684806245442177
6.978474374486884,327.74145913124084,13.301456783614688
6.979261568396158,378.1578197479248,15.03011024914495
6.980048762305431,517.5508003234863,17.9017543921423
6.9808359562147055,958.0893678665161,19.109750938831787
6.98162315012398,1808.0744438171387,25.206728118680097
6.982410344033254,3902.4227561950684,44.61745293931695
6.983197537942528,7147.874401092529,65.6980742684296
6.983984731851803,8011.946147918701,68.8831460545759
6.984771925761077,6079.948532104492,60.23830844416451
6.985559119670351,2953.7349605560303,31.818698426283866
6.9863463135796255,1608.548547744751,21.55658493169714
6.9871335074889,903.2085013389587,19.06981568582134
6.987920701398174,634.1625266075134,15.599312782596868
6.988707895307448,527.7901635169983,13.50333499633585
6.989495089216723,456.0393912792206,14.296134038177021
6.990282283125997,408.0654182434082,13.749818575517681
6.991069477035271,394.79037714004517,12.124765782666179
6.991856670944545,386.96322679519653,13.590184713877427
6.992643864853819,376.08185482025146,14.494410117460411
6.993431058763093,364.7656853199005,13.169717534890355
6.9942182526723675,363.10247778892517,14.407119083340268
6.995005446581642,370.6492757797241,16.09606779491907
6.995792640490916,369.3160009384155,14.77912321185046
6.99657983440019,373.9212603569031,15.316558745423965
6.997367028309465,371.66876316070557,16.63061673443965
6.998154222218739,378.4830746650696,15.41426071541134
6.998941416128013,381.7768716812134,14.737373982241849
6.9997286100372875,387.6002924442291,15.644689331576
7.000515803946562,391.9016480445862,14.538988464254775
7.001302997855836,386.8894591331482,13.20193669970876
7.00209019176511,380.2725281715393,14.040344099010603
7.002877385674385,387.80061197280884,13.568125607907213
7.003664579583658,384.97039556503296,12.367876522860096
7.004451773492932,388.6316194534302,13.202775668192766
7.005238967402207,393.32686042785645,13.78859478602145
7.006026161311481,382.8621335029602,12.470947543124677
7.006813355220755,380.69083189964294,13.566257606050467
7.0076005491300295,384.3185589313507,15.002954355110182
7.008387743039304,379.5558235645294,13.927922624993403
7.009174936948578,380.40399956703186,14.516235369761269
7.009962130857852,376.4171631336212,16.05334696485357
7.010749324767127,371.63629388809204,15.174735770275442
7.011536518676401,366.0638756752014,14.894151687414187
7.012323712585675,363.3409595489502,16.509064571538637
7.0131109064949495,367.2287292480469,15.506219737269083
7.013898100404224,371.62720251083374,14.191448809952538
7.014685294313498,370.0112900733948,15.119378388761689
7.0154724882227715,372.343873500824,14.283399971713012
7.016259682132046,376.21584272384644,13.091555407132315
7.01704687604132,378.1576943397522,13.78207038408499
7.017834069950594,374.8739113807678,13.72031532392809
7.018621263859869,373.3208999633789,12.368027083325183
7.019408457769143,376.623544216156,12.64970018980822
7.020195651678417,374.9210443496704,13.252945414207238
7.0209828455876915,378.2416605949402,12.732272630618795
7.021770039496966,376.93562269210815,12.946215403781345
7.02255723340624,378.8709065914154,14.48064998623748
7.023344427315514,374.5002369880676,14.141259800049225
7.024131621224789,377.56402921676636,13.94857132092374
7.024918815134063,383.21077728271484,15.417616959869438
7.025706009043337,382.57520031929016,15.73723882365844
7.0264932029526115,389.2633590698242,14.553816609699066
7.027280396861885,393.5239808559418,15.488381608115935
7.028067590771159,394.40839099884033,15.659419138055409
7.0288547846804335,389.4551639556885,14.262291456271164
7.029641978589708,389.46306562423706,14.152006081856598
7.030429172498982,394.861620426178,14.730307569763442
7.031216366408256,394.694486618042,13.386389714304967
7.032003560317531,396.1344575881958,12.99887541257854
7.032790754226805,398.7195634841919,13.293794184631837
7.033577948136079,397.1519784927368,12.860712365060422
7.0343651420453535,399.9316473007202,12.481574295975394
7.035152335954628,402.1336159706116,13.877677090906632
7.035939529863902,399.50863337516785,13.439488429975532
7.036726723773176,402.62701177597046,12.94926094126194
7.037513917682451,405.7957663536072,13.703534090108343
7.038301111591724,407.99896335601807,14.949933948760583
7.039088305500998,398.16548109054565,14.50219414369679
7.039875499410273,393.321741104126,14.636698987952677
7.040662693319547,390.26637029647827,15.470324246637242
7.041449887228821,396.1948809623718,15.41194924626944
7.042237081138095,397.62521028518677,14.673586355937832
7.04302427504737,392.08469343185425,15.247898285015886
7.043811468956644,397.5307321548462,14.666042355050877
7.044598662865918,397.11468029022217,13.587460827903152
7.045385856775193,395.96615982055664,13.629859742358116
7.046173050684467,395.16588068008423,13.793007500661055
7.046960244593741,399.9980540275574,13.027764405583032
7.047747438503015,401.07543659210205,12.667593799108129
7.04853463241229,400.823504447937,13.39068724406899
7.049321826321564,398.7850260734558,12.782717265902438
7.050109020230837,392.24754095077515,12.511254730962829
7.050896214140112,393.8493242263794,13.65358414066654
7.051683408049386,397.4893891811371,14.079463406930566
7.05247060195866,397.28252696990967,13.498590073504209
7.0532577958679346,399.3638973236084,14.28131359669764
7.054044989777209,395.24832916259766,14.869602765027475
7.054832183686483,392.4119715690613,14.17198741895523
7.055619377595757,397.29509115219116,14.717162245915135
7.056406571505032,397.7945694923401,15.620335776415892
7.057193765414306,388.1113624572754,14.426245328614915
7.05798095932358,395.42094326019287,13.920655124002831
7.058768153232855,392.58999705314636,14.696887656451178
7.059555347142129,382.4956784248352,13.80256225506025
7.060342541051403,387.5766682624817,12.628128450940963
7.061129734960677,392.24681520462036,13.224299089921598
7.061916928869951,393.6046714782715,13.420141346399436
7.062704122779225,394.8344497680664,12.27549267190678
7.063491316688499,391.8587532043457,12.31497717928951
7.064278510597774,389.88255643844604,13.196270092775734
7.065065704507048,392.85411167144775,12.726599521950638
7.065852898416322,389.49945735931396,12.591759429393393
7.0666400923255965,397.06333923339844,14.455461046250354
7.067427286234871,396.5758213996887,14.574634452161959
7.068214480144145,395.64808797836304,13.388425275817692
7.069001674053419,396.8718385696411,14.749218734055791
7.069788867962694,389.3892865180969,15.475955420288846
7.070576061871968,386.0644335746765,14.033271844880359
7.071363255781242,387.4280586242676,14.502995875835198
7.0721504496905165,393.43521881103516,15.556320665102373
7.072937643599791,389.7866654396057,14.193761548687121
7.073724837509064,393.0057849884033,13.292076844023075
7.0745120314183385,400.13466930389404,14.691617721284233
7.075299225327613,396.3986358642578,13.846506197492754
7.076086419236887,392.71274852752686,11.983637554160216
7.076873613146161,394.09276056289673,13.031835910961068
7.077660807055436,395.0237274169922,13.432437854197197
7.07844800096471,397.70112562179565,11.845332469478453
7.079235194873984,393.1664009094238,12.137325935702815
7.0800223887832585,389.15862131118774,13.898760607170473
7.080809582692533,393.62263107299805,13.278547248597077
7.081596776601807,398.55078125,12.651864196029933
7.082383970511081,400.3141255378723,15.078258126154402
7.083171164420356,394.41696214675903,15.45183683865829
7.08395835832963,392.34061002731323,13.21733135712018
7.084745552238904,392.47581720352173,14.680281773984087
7.085532746148178,391.987904548645,15.8828583630847
7.086319940057452,399.26911449432373,13.86955123206288
7.087107133966726,403.10183095932007,13.75419019758712
7.0878943278760005,405.45793771743774,15.6026961599922
7.088681521785275,408.2129168510437,14.167016883695121
7.089468715694549,407.10889863967896,12.280967205366338
7.090255909603823,402.5332431793213,14.012819302472504
7.091043103513098,401.0807886123657,13.950813664905766
7.091830297422372,409.0245065689087,11.820895936918673
7.092617491331646,411.71050453186035,12.70127369655635
7.0934046852409205,404.46311807632446,14.035729828212705
7.094191879150195,403.6527433395386,12.299612590042535
7.094979073059469,405.35048055648804,12.038608445901655
7.095766266968743,403.1651291847229,14.575641425743655
7.096553460878018,400.12298822402954,14.590573376079076
7.097340654787291,398.39271545410156,12.740999389660026
7.098127848696565,394.6284809112549,14.803254942682733
7.09891504260584,408.7851605415344,16.491469516823003
7.099702236515114,410.2661099433899,13.8968912779328
7.100489430424388,410.4175214767456,14.085614652240611
7.1012766243336625,404.5306816101074,16.224910367246444
7.102063818242937,405.1126298904419,14.144052528560405
7.102851012152211,404.90638875961304,12.530755605478047
7.103638206061485,409.1737542152405,14.759770669022481
7.10442539997076,414.11317348480225,14.540262951147795
7.105212593880034,411.32294034957886,11.976494430068177
7.105999787789308,410.6684317588806,13.291202699148618
7.1067869816985825,399.3520164489746,14.860805206852488
7.107574175607857,407.5915780067444,12.959657975566518
7.108361369517131,406.9889826774597,12.712464057725441
7.109148563426404,410.7595043182373,14.929376406906416
7.109935757335679,402.9457263946533,14.716871519138536
7.110722951244953,403.79252767562866,13.350822061613126
7.111510145154227,408.85474967956543,15.773436051983227
7.112297339063502,426.84235668182373,17.178430517615265
7.113084532972776,415.39413499832153,14.690673617813601
7.11387172688205,415.62438583374023,14.977071469378958
7.1146589207913244,419.713387966156,16.995484915708367
7.115446114700599,412.8648009300232,15.034952554217822
7.116233308609873,410.25991678237915,13.525006775432002
7.117020502519147,414.2042899131775,15.674932528054535
7.117807696428422,415.8015627861023,15.222355032737209
7.118594890337696,417.00397300720215,12.724248054085434
7.11938208424697,417.26896953582764,13.75961466520368
7.1201692781562445,419.13042640686035,14.919606409947809
7.120956472065518,421.01056385040283,12.912385081856325
7.121743665974792,418.83029985427856,12.358389252965942
7.122530859884066,410.2446541786194,14.282239370541452
7.123318053793341,406.5954656600952,13.643618869008279
7.124105247702615,405.6922073364258,12.131453033672829
7.124892441611889,405.22219038009644,13.858606449376657
7.125679635521164,418.19624853134155,15.161595746213578
7.126466829430438,416.72099685668945,13.579779747592854
7.127254023339712,411.98324155807495,14.321570762843159
7.128041217248986,407.1718587875366,16.759465913129347
7.128828411158261,406.5357942581177,15.454870480765933
7.129615605067535,409.6785178184509,14.040624174326657
7.130402798976809,413.4673981666565,16.0612619945077
7.131189992886084,411.87443828582764,16.382602344954226
7.131977186795358,410.22093439102173,13.88008500911394
7.132764380704631,415.13988971710205,14.851736868879051
7.1335515746139055,417.80714178085327,16.112624162850896
7.13433876852318,422.50471115112305,14.08730375265886
7.135125962432454,415.94605922698975,12.768383873764803
7.135913156341728,409.5699996948242,14.179395050356673
7.136700350251003,409.84908628463745,13.57151138434552
7.137487544160277,409.40583896636963,12.048507195023834
7.138274738069551,411.66342639923096,13.52632044679938
7.1390619319788255,417.0653786659241,15.135519496986342
7.1398491258881,413.5452904701233,13.367263882887416
7.140636319797374,403.4646577835083,13.545860755996268
7.141423513706648,409.7658190727234,15.992592239484818
7.142210707615923,412.9846305847168,15.287743529863052
7.142997901525197,412.33223152160645,14.25080476521627
7.143785095434471,414.5907506942749,16.30127430276059
7.144572289343745,420.4655179977417,17.035237218065046
7.145359483253019,418.45336055755615,14.85297315904702
7.146146677162293,424.3584289550781,15.415118764111433
7.1469338710715675,421.2866201400757,16.63625069326316
7.147721064980842,417.36150002479553,14.990183063852745
7.148508258890116,420.4162902832031,13.815970445771793
7.14929545279939,420.9323253631592,15.135542605727426
7.150082646708665,422.8920421600342,14.671817853167619
7.150869840617939,422.30582332611084,12.768226069005696
7.151657034527213,412.7516899108887,13.443923345529482
7.1524442284364875,413.63327836990356,14.264892251327646
7.153231422345762,412.5356411933899,13.263971056792505
7.154018616255036,410.9277834892273,12.923731676354416
7.15480581016431,417.0650749206543,15.037994942105655
7.155593004073585,411.0525712966919,15.059228611678416
7.156380197982858,410.6497530937195,13.612750052523534
7.157167391892132,411.7361989021301,15.516320249905176
7.157954585801407,413.76809644699097,17.153903051709754
7.158741779710681,415.4313163757324,15.78149291333686
7.159528973619955,416.5958209037781,15.454120117305985
7.1603161675292295,415.76910305023193,17.365495564602394
7.161103361438504,419.4572238922119,16.30322489139204
7.161890555347778,426.28477478027344,14.829645966406744
7.162677749257052,420.4237036705017,15.849654696582363
7.163464943166327,424.47496032714844,16.319729821172174
7.164252137075601,420.9977836608887,14.967519109865947
7.165039330984875,417.4337821006775,14.018875078788685
7.1658265248941495,423.1433849334717,14.739298313216853
7.166613718803424,424.70957040786743,13.769627802766855
7.167400912712698,419.9309277534485,13.028331100990004
7.1681881066219715,415.3540606498718,14.154715721911948
7.168975300531246,410.83217000961304,14.83800792771503
7.16976249444052,414.0943250656128,13.85232090668191
7.170549688349794,414.5276565551758,14.267442984184264
7.171336882259069,420.19346857070923,15.912959061496851
7.172124076168343,422.8321943283081,16.175639506806764
7.172911270077617,418.8337917327881,15.283659284156597
7.1736984639868915,410.4369559288025,16.481246958002842
7.174485657896166,417.07913970947266,17.692039967579266
7.17527285180544,427.2918691635132,16.29167796856128
7.176060045714714,423.7102737426758,16.271175151722204
7.176847239623989,418.1738576889038,17.09362315968494
7.177634433533263,425.5837435722351,15.574679186234249
7.178421627442537,419.49868392944336,14.844975865733623
7.1792088213518115,426.2147936820984,15.279028682909813
7.179996015261085,421.7421655654907,14.933495392949565
7.180783209170359,420.4935030937195,13.812038759138321
7.1815704030796335,424.09337615966797,13.902355023968846
7.182357596988908,422.124493598938,14.39357429349902
7.183144790898182,422.24476289749146,13.99531021600011
7.183931984807456,424.8174843788147,13.879174010582133
7.184719178716731,428.59433031082153,15.34104413085965
7.185506372626005,432.7943744659424,15.773309299146375
7.186293566535279,428.37741136550903,14.894281156275959
7.1870807604445535,428.02641010284424,15.993677973809639
7.187867954353828,431.905722618103,16.86556500492095
7.188655148263102,429.4657301902771,16.853202638748186
7.189442342172376,424.59212017059326,16.714754850380224
7.190229536081651,432.7013158798218,17.615938483688605
7.191016729990925,439.5920453071594,17.33311043083093
7.191803923900198,437.34315633773804,16.343277633473917
7.192591117809473,442.6945285797119,16.336253960078942
7.193378311718747,439.73117113113403,16.108245787744735
7.194165505628021,434.38596630096436,14.952330913566417
7.194952699537295,429.6764426231384,14.773906832524451
7.19573989344657,433.1530194282532,14.974907743791949
7.196527087355844,435.80507040023804,14.41308951952549
7.197314281265118,436.82313776016235,13.682536970650853
7.198101475174393,436.8733882904053,14.12879018736989
7.198888669083667,440.4070553779602,14.62753948293463
7.199675862992941,444.8436632156372,14.177702488062932
7.200463056902215,438.21928119659424,14.58320131129149
7.20125025081149,440.5176577568054,15.968608745119617
7.202037444720764,442.42645835876465,16.022678336737446
7.202824638630038,436.017529964447,15.447983855164836
7.203611832539312,440.7084918022156,16.829925576598033
7.204399026448586,436.04825830459595,17.261451479294664
7.20518622035786,430.957866191864,16.671196907740228
7.205973414267135,437.67284631729126,16.95234625009529
7.206760608176409,438.6101408004761,17.613063082518728
7.207547802085683,447.2714328765869,16.69035333687056
7.208334995994957,451.2333540916443,15.903040597339276
7.209122189904232,438.51531505584717,15.86161317818067
7.209909383813506,446.6381640434265,15.521571132605526
7.21069657772278,446.5655393600464,14.121698263987435
7.211483771632055,439.17808294296265,14.251629130635571
7.212270965541329,441.749876499176,14.584516391399571
7.213058159450603,443.34352827072144,14.216212772110168
7.213845353359877,439.17682456970215,13.48355241168655
7.214632547269152,437.7250518798828,14.257839376217424
7.215419741178425,443.40083503723145,15.046112944153089
7.216206935087699,442.53974294662476,14.601080405299992
7.216994128996974,446.37880992889404,15.054414785009666
7.217781322906248,442.7564821243286,16.78741747622967
7.218568516815522,442.3557949066162,17.34186897250112
7.2193557107247965,449.7652063369751,16.627165799772335
7.220142904634071,448.7695393562317,17.310880592441986
7.220930098543345,447.388240814209,18.038981359276317
7.221717292452619,451.3907871246338,16.771054118644056
7.222504486361894,448.96225595474243,16.476435394333564
7.223291680271168,459.0271325111389,17.223657175090086
7.224078874180442,464.5621428489685,16.298834492121514
7.2248660680897165,463.258584022522,14.786770903802456
7.225653261998991,465.49704217910767,15.12663007745515
7.226440455908265,461.92293405532837,15.364718461582147
7.2272276498175385,458.4758720397949,14.2297091474378
7.228014843726813,465.01461362838745,13.692676912990834
7.228802037636087,463.2307758331299,14.780339644602995
7.229589231545361,462.95418405532837,14.83250206089599
7.230376425454636,465.9037322998047,13.902144720679392
7.23116361936391,465.4506034851074,14.344463075889346
7.231950813273184,469.05861043930054,15.970225995194571
7.2327380071824585,462.6762466430664,16.066152704702464
7.233525201091733,457.6356348991394,15.177160374790374
7.234312395001007,463.5802192687988,17.103446489753082
7.235099588910281,469.44452571868896,17.873890189644882
7.235886782819556,467.5265746116638,16.340373151063847
7.23667397672883,476.6224784851074,16.597795653548744
7.237461170638104,472.0130910873413,17.76496781596897
7.2382483645473785,470.83485317230225,16.98312369514475
7.239035558456652,475.095516204834,15.19671782639432
7.239822752365926,468.8511710166931,16.090529619785137
7.2406099462752005,473.19092988967896,16.567629986253543
7.241397140184475,475.97869539260864,14.810262101401163
7.242184334093749,475.98203325271606,13.85417066561715
7.242971528003023,485.0469779968262,15.048802155354842
7.243758721912298,484.74598836898804,14.90202640862987
7.244545915821572,486.21282386779785,13.383811684960499
7.245333109730846,485.58163833618164,13.915974603257649
7.2461203036401205,483.1103849411011,16.18006309443071
7.246907497549395,484.1194324493408,15.605375056022512
7.247694691458669,489.0346374511719,14.565497096132416
7.248481885367943,486.5478239059448,17.156749278722092
7.249269079277218,487.47394275665283,18.800213136374207
7.250056273186492,488.546151638031,16.584551174834143
7.250843467095765,484.3554654121399,16.41632307587686
7.25163066100504,479.80476427078247,18.365884321448068
7.252417854914314,487.3559470176697,17.90748345070123
7.253205048823588,486.0281734466553,15.56585268888176
7.2539922427328625,492.32573986053467,16.674072833660865
7.254779436642137,498.93823766708374,17.833548534834474
7.255566630551411,502.36550426483154,15.599865644007274
7.256353824460685,499.58552408218384,13.745252742809955
7.25714101836996,492.8077220916748,15.086221461405684
7.257928212279234,493.3650326728821,15.372720795160486
7.258715406188508,496.97435092926025,13.311954412526124
7.2595026000977825,495.8030915260315,13.09592529476577
7.260289794007057,501.7635898590088,15.159628666143833
7.261076987916331,498.86605882644653,14.95087133271227
7.261864181825605,490.34655237197876,13.098377728830046
7.262651375734879,493.9437804222107,14.776463799538071
7.263438569644153,495.2143883705139,16.733586451131455
7.264225763553427,492.03035402297974,15.863562395561502
7.265012957462702,492.67899084091187,14.880019848852562
7.265800151371976,493.4780740737915,17.30692186551106
7.26658734528125,496.6518530845642,17.669513014113
7.2673745391905245,494.20051431655884,15.372878244079429
7.268161733099799,493.72297954559326,15.476327702683522
7.268948927009073,500.514283657074,17.315841664502074
7.269736120918347,502.8313612937927,16.557818280499
7.270523314827622,508.76715564727783,14.477387150825464
7.271310508736896,510.70701932907104,15.148831539636094
7.27209770264617,505.404335975647,16.060659102745944
7.2728848965554445,506.7251019477844,14.176044169029465
7.273672090464719,508.87155199050903,13.21753972561417
7.274459284373992,509.6382985115051,14.609031825526255
7.275246478283266,514.413200378418,14.854011224592824
7.276033672192541,506.96487617492676,13.325998310253656
7.276820866101815,506.3856611251831,13.679273344658755
7.277608060011089,513.804967880249,15.898401734706937
7.278395253920364,506.0486173629761,15.206941361031154
7.279182447829638,503.5482964515686,14.117404792662665
7.279969641738912,506.50853538513184,15.92189031386959
7.280756835648186,506.2440495491028,17.691350636456107
7.281544029557461,505.2681345939636,16.50083942144485
7.282331223466735,509.73776292800903,15.648869623115006
7.283118417376009,514.9596710205078,17.36081785953325
7.283905611285284,523.9541153907776,17.26410969930515
7.284692805194558,519.2747192382812,15.149513368613919
7.285479999103832,520.1430869102478,15.571413558926645
7.2862671930131055,525.6853890419006,16.684016445787574
7.28705438692238,521.2431564331055,15.270396327052872
7.287841580831654,524.0896039009094,13.562453337790515
7.288628774740928,525.5088872909546,14.60686457529498
7.289415968650203,529.4047088623047,15.391092439537644
7.290203162559477,534.5280475616455,14.058931900043344
7.290990356468751,530.1315398216248,13.415473092883376
7.2917775503780256,526.7995572090149,14.903713552399525
7.2925647442873,534.9573178291321,15.718374699782473
7.293351938196574,534.0488429069519,14.133616386532072
7.294139132105848,534.8285517692566,14.713551326035951
7.294926326015123,535.1458692550659,17.12471097227263
7.295713519924397,535.3674340248108,16.922058233777335
7.296500713833671,533.5594725608826,15.498351581411963
7.297287907742946,527.7998080253601,16.86978629763772
7.298075101652219,533.2060437202454,18.475122129228378
7.298862295561493,535.9306969642639,17.043375298556903
7.2996494894707675,540.4651775360107,15.413850023061139
7.300436683380042,544.5886878967285,17.117780435687497
7.301223877289316,543.7446460723877,17.675605277429554
7.30201107119859,545.1924977302551,15.708693792308406
7.302798265107865,546.0144414901733,15.054362641119523
7.303585459017139,543.3053288459778,16.339720573649902
7.304372652926413,544.8241987228394,16.119034338678233
7.3051598468356875,546.2162771224976,13.809593287312453
7.305947040744962,541.745313167572,14.105519864909791
7.306734234654236,546.8116512298584,15.419193197022405
7.30752142856351,550.8345503807068,15.114851429694813
7.308308622472785,548.8733997344971,14.103417592219262
7.309095816382059,548.0335426330566,15.35794850389681
7.309883010291332,555.6594939231873,17.0452234191782
7.310670204200607,549.2032694816589,16.55302813665148
7.311457398109881,559.7283682823181,15.801588494201695
7.312244592019155,561.829577922821,17.169083742590153
7.3130317859284295,560.116726398468,17.873786358067026
7.313818979837704,572.8720507621765,16.836563997511973
7.314606173746978,572.5677061080933,15.935159728859338
7.315393367656252,580.1609973907471,17.125423849065708
7.316180561565527,580.0124568939209,17.327009279306633
7.316967755474801,576.7422637939453,15.369871767922781
7.317754949384075,585.9132404327393,14.79952410393803
7.3185421432933495,579.4178719520569,15.632453244064218
7.319329337202624,577.3990240097046,15.663116328979719
7.320116531111898,568.6180891990662,13.848843899070078
7.320903725021172,561.7061080932617,14.00205080873978
7.321690918930446,563.9270901679993,14.760292831993166
7.32247811283972,561.3630065917969,14.866799781957326
7.323265306748994,555.8442459106445,13.97266959291296
7.324052500658269,556.6044220924377,14.629528940973795
7.324839694567543,565.003849029541,15.95931956296135
7.325626888476817,581.3034257888794,16.743467270185153
7.3264140823860915,577.1223545074463,16.26823954043293
7.327201276295366,572.7350463867188,16.86378132730699
7.32798847020464,570.3041033744812,18.351230355839423
7.328775664113914,567.7037663459778,17.941286155546255
7.329562858023189,573.9885697364807,16.426816876930207
7.330350051932463,583.4820818901062,16.77336694647275
7.331137245841737,586.2211408615112,18.168586977103427
7.3319244397510115,576.9326529502869,17.197527557877475
7.332711633660286,585.4006338119507,15.46686085255576
7.333498827569559,587.9572992324829,15.615685639431112
7.3342860214788335,590.5762577056885,16.36900780241189
7.335073215388108,589.5719513893127,15.2686297182798
7.335860409297382,584.2319679260254,13.963098250422194
7.336647603206656,588.7326073646545,14.619336079804642
7.337434797115931,595.4648480415344,15.768018023776765
7.338221991025205,594.0186281204224,15.233169889854576
7.339009184934479,597.6291370391846,14.507621961572758
7.3397963788437535,599.0372934341431,15.742405644744005
7.340583572753028,597.365198135376,17.39117156026042
7.341370766662302,594.3167824745178,16.654866997301134
7.342157960571576,598.1466598510742,16.067397632589024
7.342945154480851,598.5070343017578,17.629308707768256
7.343732348390125,585.3776154518127,18.983037859800763
7.344519542299399,594.042736530304,17.614580884598404
7.345306736208673,594.4133620262146,16.802713191277725
7.346093930117947,598.6192145347595,18.914623662269477
7.346881124027221,611.7012548446655,19.41310105724053
7.347668317936495,614.0784015655518,16.979871427992375
7.34845551184577,624.9096250534058,16.089095686319386
7.349242705755044,645.8781423568726,17.587754486188988
7.350029899664318,689.0257520675659,17.759590448606488
7.350817093573593,705.5170974731445,15.90209234232794
7.351604287482867,685.6805210113525,14.988397675570953
7.352391481392141,654.4429836273193,16.315875321876877
7.3531786753014154,636.4175400733948,16.20300866471686
7.35396586921069,643.2479939460754,14.9408252831031
7.354753063119964,634.3491406440735,14.969959963034412
7.355540257029238,621.5839114189148,16.796187552107877
7.356327450938513,616.9106273651123,17.219580543436372
7.357114644847786,618.0768132209778,15.939285272844494
7.35790183875706,622.0753540992737,16.779721096628993
7.358689032666335,630.0166940689087,19.194546639211982
7.359476226575609,636.4921436309814,19.24370811360558
7.360263420484883,643.3836002349854,17.191709367459005
7.361050614394157,645.5362033843994,18.742952588992416
7.361837808303432,641.6230974197388,20.676898447617
7.362625002212706,654.8947534561157,19.281769654544988
7.36341219612198,656.0563926696777,16.819209666681004
7.364199390031255,654.0584173202515,18.085503526037282
7.364986583940529,668.0995759963989,19.87429704540686
7.365773777849803,662.7217054367065,17.382339559280826
7.366560971759077,659.7213258743286,15.547043353308048
7.367348165668352,660.7574682235718,17.14954301233246
7.368135359577626,661.9763126373291,17.520002240126626
7.368922553486899,666.1771440505981,15.695598694357837
7.369709747396174,664.3526601791382,14.626438090686937
7.370496941305448,663.0705900192261,16.642039031409137
7.371284135214722,677.9238204956055,18.084404895489754
7.3720713291239965,661.9688358306885,16.373296203065216
7.372858523033271,663.1912412643433,15.736436864073568
7.373645716942545,667.7626819610596,18.648702405351685
7.374432910851819,664.2474546432495,20.070336910608617
7.375220104761094,677.9856882095337,18.44399052306474
7.376007298670368,683.4757089614868,17.794346612806695
7.376794492579642,680.1605415344238,20.67657734828643
7.3775816864889165,685.6931409835815,21.83256267225756
7.378368880398191,689.9973287582397,18.815425832167545
7.379156074307465,690.9546175003052,17.774055819315734
7.379943268216739,696.505597114563,19.984490612222807
7.380730462126013,688.2602491378784,19.785188734438155
7.381517656035287,690.8558654785156,16.990889590241807
7.382304849944561,682.4078006744385,16.22582028028419
7.383092043853836,694.3349571228027,18.481114439273426
7.38387923776311,704.7371158599854,18.162338880219096
7.384666431672384,693.8972673416138,15.72708237140099
7.3854536255816585,694.5644683837891,15.660917407392743
7.386240819490933,713.9573802947998,18.000386713244843
7.387028013400207,716.7835817337036,18.46472482306308
7.387815207309481,722.2323331832886,16.275666620311323
7.388602401218756,721.4238739013672,17.19671747234832
7.38938959512803,711.288369178772,19.83439080155374
7.390176789037304,716.6258087158203,20.413118912645352
7.390422830280601,628.9991673060825,9.266608924253793
7.3909639829465785,714.860050201416,18.002171384630188
7.391702020418969,624.3108883812314,9.457190466652829
7.391751176855853,711.6408634185791,18.605058024284602
7.392538370765126,718.5735712051392,21.30656757145927
7.392981210557337,632.9017711821057,9.573933316843565
7.3933255646744005,710.3099155426025,20.796929459547492
7.394112758583675,721.6206579208374,18.590884976056177
7.394260400695705,640.6279892694382,9.673445737683176
7.394899952492949,729.5725927352905,19.073983792132157
7.3955395908340735,645.4552292596726,9.709371110607686
7.395687146402223,735.1633472442627,20.87284429804338
7.396474340311498,737.8265933990479,19.485643609877943
7.396818780972441,651.728259858631,9.591174400284908
7.397261534220772,732.6416969299316,16.994187061487914
7.398048728130046,736.3931121826172,17.324693841833444
7.3980979711108095,654.8517063685825,9.522634815270116
7.3988359220393205,751.6441040039062,18.70774037085135
7.399377161249177,661.6291213262649,9.247604184104125
7.399623115948595,754.2307662963867,17.888787624383692
7.400410309857869,760.2662925720215,15.896504941927766
7.400656351387545,660.6820315406436,9.223648227682899
7.401197503767143,767.591552734375,16.342556203173164
7.401935541525914,666.299803234282,9.32674599576533
7.401984697676418,754.8846120834351,17.689283887151653
7.402771891585692,755.6065502166748,17.638397254481983
7.403214731664281,662.9541480654761,9.708393812549486
7.403559085494966,757.8315019607544,16.453560480708298
7.40434627940424,759.7552003860474,17.5624574293614
7.40449392180265,666.3743344261533,10.11504741701482
7.405133473313514,750.5755138397217,19.860602980434017
7.405773111941017,669.8019278390067,10.304263672885515
7.405920667222788,742.6798973083496,19.507038757839986
7.4067078611320625,752.4362831115723,18.303126638840173
7.407052302079386,676.0845206124442,10.587829761398304
7.407495055041337,759.9174737930298,19.535429808791708
7.408282248950611,762.3735265731812,21.7393964116663
7.408331492217754,676.3953697567895,10.459978638665186
7.409069442859885,770.5739517211914,21.13136065166562
7.409610682356122,677.7680242629278,10.199299698679614
7.40985663676916,775.7313261032104,19.61087287562591
7.410643830678434,784.3588266372681,20.317822466915313
7.41088987249449,687.7711341494605,10.324090067355858
7.411431024587708,775.0009927749634,21.05471167034705
7.412169062632858,689.4776538667224,9.389862046509318
7.4122182184969825,792.8705215454102,20.34094126005648
7.413005412406257,807.23499584198,18.99514884035295
7.413448252771226,701.231461297898,9.170080361738867
7.413792606315531,803.6836853027344,18.852964017462142
7.414579800224805,798.3107538223267,19.084431009452164
7.414727442909594,696.8541434151786,9.225876670855625
7.41536699413408,813.2045736312866,18.36415906396204
7.416006633047962,697.1284586588541,9.560417029244764
7.416154188043353,802.2172451019287,16.741629800332763
7.416941381952627,803.4614324569702,17.31552833206402
7.41728582318633,703.5336449032739,10.09704163933116
7.417728575861902,810.9926900863647,18.357546948430084
7.418515769771176,805.8391885757446,17.66860786636152
7.418565013324698,698.3913065592448,10.62087115769588
7.41930296368045,819.1198377609253,17.343216894532965
7.419844203463066,699.442888532366,10.886359367951618
7.4200901575897245,811.5040521621704,18.168289959492313
7.420877351498999,799.2777242660522,19.58981986132468
7.421123393601435,707.2379804338727,11.189753098120494
7.421664545408273,805.1405820846558,19.508987745452202
7.422402583739802,708.8231869652158,11.02708008047217
7.422451739317547,800.4696912765503,19.309025524617823
7.423238933226822,801.0985374450684,20.68830021232257
7.423681773878171,714.6913408551898,10.738415410103789
7.424026127136096,803.5196981430054,21.97395634482086
7.42481332104537,804.3079776763916,21.88892121551265
7.424960964016538,715.8279273623511,10.21038650563704
7.4256005149546445,809.7691831588745,20.898828607354748
7.426240154154907,716.1470017206101,9.849094441786551
7.426387708863919,807.7482461929321,21.87819772089511
7.427174902773193,812.5999975204468,22.405091444435474
7.427519344293275,718.8516831170945,9.659782970384613
7.427962096682466,822.8984613418579,20.83565934238922
7.428749290591741,822.4900875091553,19.652119577523017
7.4287985344316425,720.666752406529,9.599242845310497
7.429536484501015,821.5468902587891,20.497827414935017
7.430077724570011,721.2003914969308,9.73436670565023
7.430323678410289,824.6613416671753,20.64249060000373
7.431110872319564,812.8848896026611,18.370095128013748
7.4313569147083784,733.427751813616,10.056355559980162
7.431898066228838,824.4576282501221,17.091264986788566
7.432636104846747,735.8449416387649,10.361734437317565
7.432685260138112,828.4959774017334,17.103816794726722
7.433472454047386,827.6501865386963,17.722491839883308
7.433915294985115,744.9183523995536,10.766999734998768
7.434259647956661,829.4905738830566,17.48879716573254
7.435046841865935,826.8316602706909,16.73703531710916
7.435194485123483,742.1375049409412,11.148454953939252
7.435834035775209,834.3415040969849,17.118761431312652
7.436473675261851,741.6710350399926,11.208849594604429
7.436621229684484,833.8303270339966,18.86098384759206
7.437408423593758,823.1596450805664,18.943627536336408
7.437752865400219,741.8154107956659,11.199552897347523
7.438195617503032,827.3402509689331,18.58758640792264
7.438982811412306,828.216067314148,19.28603229802743
7.439032055538587,746.817376999628,10.950786344058185
7.43977000532158,832.2022953033447,21.30139913913176
7.440311245676956,751.9500441778274,10.713273589417359
7.440557199230854,834.1092290878296,21.453774229077396
7.441344393140128,829.1937665939331,20.430901573183977
7.441590435815323,752.174800327846,10.283402627948488
7.442131587049403,835.3778285980225,20.636837404843217
7.4428696259536915,751.0741242908296,10.064269701836807
7.442918780958677,838.4358930587769,21.7661601133037
7.443705974867951,847.5882062911987,21.11370254635626
7.444148816092059,751.8302103678385,9.842031350695592
7.4444931687772256,852.5027799606323,19.772691588642456
7.4452803626865,857.7599840164185,19.475627059574357
7.445428006230427,755.0963207426526,9.948117548360157
7.446067556595774,864.1229887008667,19.767040964783885
7.446707196368795,758.7916274297805,10.229725867452148
7.446854750505048,866.9420137405396,19.115080549786992
7.447641944414323,867.2435503005981,17.734923842832895
7.447986386507163,761.8707217261905,10.424201355752796
7.448429138323597,866.8755598068237,17.392205471482946
7.449216332232871,876.8370208740234,18.211481760456415
7.449265576645532,766.2081109909784,10.772317230347014
7.450003526142146,879.6411876678467,18.012296911764388
7.450544766783899,769.2890145438058,11.05639242904375
7.45079072005142,872.0068311691284,17.328726939861994
7.451577913960693,866.7134590148926,17.24999137663968
7.451823956922268,773.8844982328869,11.388044731095743
7.4523651078699675,878.5263185501099,18.4625657474329
7.453103147060635,770.8961588541666,11.370713584623097
7.453152301779242,882.4127674102783,19.54803295432266
7.453939495688516,887.3411855697632,18.8328291543203
7.454382337199004,797.1980183919271,11.407833450095652
7.45472668959779,906.8168621063232,19.44298873509762
7.455513883507065,933.6517915725708,21.4649520304268
7.455661527337372,855.5819208054315,11.468867620777694
7.456301077416339,994.7522039413452,22.74434003156161
7.45694071747574,996.1601809547061,12.193486908729218
7.457088271325613,1136.6345310211182,22.65689410870366
7.4578754652348875,1312.2756567001343,23.937969343653148
7.458219907614108,1142.101809547061,12.731908575024312
7.458662659144162,1360.8080110549927,25.197032412098437
7.459449853053436,1206.8756294250488,24.461788416553098
7.4594990977524755,1059.9561723981585,12.204647539130686
7.46023704696271,1042.9673318862915,21.646019132676887
7.460778287890844,891.0659441266741,11.116133658574833
7.461024240871985,966.0795288085938,21.270890061387124
7.461811434781259,928.4532260894775,21.021939511137106
7.462057478029212,826.301257905506,10.782190507345293
7.462598628690533,927.5517263412476,20.79555305384899
7.46333666816758,812.7716369628906,10.973221644956576
7.463385822599807,925.0333204269409,19.357020051987003
7.464173016509081,918.961256980896,18.56051193683096
7.464615858305948,797.1199907575335,10.93880550771826
7.464960210418355,912.8499422073364,18.587127808280034
7.4657474043276295,919.8852090835571,19.117047322637827
7.465895048444316,803.9141380673364,11.223635954847364
7.466534598236904,909.8507127761841,17.877275305335267
7.467174238582684,803.777087983631,11.074831391782508
7.467321792146178,917.3662729263306,17.29997409987865
7.468108986055452,927.0121250152588,18.40418291108331
7.468453428721053,803.9028174990699,10.981150026235287
7.468896179964727,928.1772165298462,19.75420315609333
7.469683373874001,913.9750108718872,19.151287047995265
7.46973261885942,812.1667160760788,10.926964420065001
7.470470567783275,910.9786128997803,18.749018900391643
7.471011808997789,805.760726202102,10.824728095406092
7.4712577616925495,914.7839937210083,19.80412608324599
7.472044955601824,908.6928825378418,21.905319702790223
7.472290999136156,816.8674679710751,10.961364464858839
7.472832149511098,914.1223335266113,22.065815074160707
7.4735701892745245,818.2934890020462,11.21588242281068
7.473619343420372,921.514121055603,20.653459649197035
7.474406537329647,921.8097467422485,21.592717995860845
7.474849379412893,823.9736139206659,11.558049048411261
7.47519373123892,920.3826360702515,23.013087844176106
7.475980925148194,926.94105052948,22.599507317206957
7.4761285695512605,816.6259460449219,11.650848000166002
7.476768119057469,944.3729076385498,20.42399316951289
7.477407759689629,823.4107695079986,11.382026971689454
7.477555312966743,954.4728231430054,20.701592497222126
7.478342506876017,960.1360025405884,21.906593700164304
7.478686949827996,828.4546450660342,10.954184559308153
7.4791297007852915,961.1637363433838,21.62034330160717
7.479916894694566,957.3610258102417,18.774009222004782
7.479966139966365,838.9127793085007,10.598943559234153
7.48070408860384,958.6272859573364,18.165819076822842
7.481245330104733,848.2716544015067,10.30147654503174
7.481491282513114,962.7912197113037,19.106717208641065
7.482278476422389,965.7730493545532,19.46110709022432
7.482524520243101,850.8063281831287,10.416112116959999
7.483065670331663,962.9072179794312,17.550295871073814
7.483803710381469,857.4652317592075,10.69463803064894
7.483852864240937,970.9654674530029,17.173805744538374
7.4846400581502115,969.7510681152344,18.685374678749405
7.485082900519837,853.1502918061756,11.10083615984336
7.485427252059486,974.7309713363647,19.991864421821106
7.48621444596876,977.986741065979,19.49469918035777
7.486362090658205,854.7976553780692,11.779028268050977
7.4870016398780335,968.5365982055664,18.18318264559775
7.4876412807965735,853.9997253417969,12.479959749271037
7.487788833787308,964.2405805587769,20.008268400634492
7.488576027696582,976.1815643310547,22.090813155224197
7.488920470934941,866.41796875,13.163276906478579
7.489363221605856,968.8789319992065,21.73702171229248
7.490150415515131,966.2785549163818,20.414318854050027
7.4901996610733095,867.7561267671131,13.150621069329205
7.490937609424405,964.6416416168213,21.160233570297045
7.491478851211677,873.7657354445685,12.71849014702796
7.491724803333679,968.8881206512451,23.362111014272983
7.4925119972429535,995.5883674621582,22.86880179031849
7.492758041350045,883.3759271530878,11.776531615193731
7.493299191152228,1008.4990167617798,20.259502667943412
7.494037231488414,888.7383146740142,10.914696350845466
7.494086385061502,1011.7402038574219,20.02008110081189
7.494873578970776,1013.7713470458984,21.231361261823583
7.495316421626781,898.1111435663132,10.303209818881449
7.495660772880051,1019.8403396606445,21.18180148641006
7.496447966789325,1027.9835729599,18.77683550245624
7.49659561176515,902.5194149925595,10.137587449780964
7.497235160698599,1035.5502853393555,18.16618934570581
7.497874801903517,918.6250653948102,10.478917561907107
7.4980223546078735,1040.282787322998,19.39016524825797
7.498809548517147,1052.4383878707886,20.188288930523655
7.499153992041886,944.3988109770276,11.177924675673149
7.499596742426421,1093.9310674667358,19.118931856669207
7.5003839363356954,1152.6669569015503,18.805599338700375
7.500433182180254,994.189219156901,12.411826936468064
7.50117113024497,1182.7709684371948,19.77572975106881
7.501712372318622,1006.7484726678757,13.300510309377811
7.501958324154244,1159.0516967773438,21.029638999602234
7.502745518063518,1090.11532497406,20.349116432000145
7.50299156245699,962.5036432175409,13.446820281514496
7.503532711972793,1070.4661445617676,20.398640282054885
7.504270752595358,940.8101603190104,13.119821984789802
7.504319905882067,1068.0930309295654,21.03397790717348
7.505107099791341,1055.0420217514038,22.820323001087996
7.505549942733726,954.2091355096726,12.481802381329256
7.5058942937006154,1070.6530294418335,22.952557975931096
7.50668148760989,1082.4179773330688,22.688474971880147
7.5068291328720935,963.0358174641927,11.71047185992368
7.507468681519164,1076.0414400100708,24.244812519868876
7.508108323010462,958.5786714099702,10.973841641850049
7.508255875428438,1082.0534582138062,25.33269126493482
7.509043069337713,1081.257248878479,25.16997189218185
7.50938751314883,952.153324672154,10.526036772134644
7.509830263246987,1084.6923294067383,23.034997300492247
7.51061745715626,1077.4692792892456,21.661111411046807
7.510666703287198,957.6763683500744,10.71147966242139
7.511404651065535,1074.5987510681152,22.288664592270916
7.511945893425566,969.4474254789807,11.335177185753768
7.512191844974809,1075.520956993103,22.06890802338581
7.512979038884083,1090.6721096038818,22.36615714388746
7.513225083563934,970.0511837913876,11.623283254329811
7.513766232793357,1113.0878591537476,38.15199037728376
7.514504273702302,975.0997997465588,12.16691976164085
7.514553426702632,1106.866542816162,34.66668163756828
7.515340620611906,1092.1026792526245,26.374909251357632
7.515783463840671,972.7953098842075,12.577848957154123
7.51612781452118,1090.616587638855,19.103100575168373
7.516915008430455,1102.522931098938,17.816789160120816
7.517062653979038,978.8713117327009,12.914720806660092
7.517702202339729,1107.3674297332764,19.083921636164447
7.518341844117407,978.2115609305246,12.979319033860277
7.518489396249003,1117.451823234558,21.420869560311385
7.519276590158277,1115.055609703064,21.08968711286
7.519621034255774,986.2314177013579,12.857665147675563
7.520063784067552,1105.1144247055054,19.563928995410905
7.520850977976826,1103.100749015808,20.736405647470043
7.5209002243941425,985.9306873139881,12.501392650148196
7.5216381718861,1099.004147529602,23.50927163403329
7.522179414532511,991.1229684012277,12.439803548857585
7.522425365795374,1107.8668479919434,24.236794307409465
7.523212559704648,1099.6521320343018,21.949848579221726
7.5234586046708785,998.9827633812314,11.925004114428887
7.523999753613922,1107.2929677963257,23.20956493631133
7.524737794809247,1008.7637372698102,11.597417404748345
7.5247869475231965,1118.0632371902466,26.099668534593484
7.525574141432471,1134.2101306915283,28.25325667220772
7.526016984947614,1017.5486290341332,11.793743784176806
7.526361335341745,1158.0087852478027,23.520593785142367
7.527148529251019,1168.6077337265015,20.86971694218906
7.527296175085983,1018.3467567080543,12.014901011446579
7.528575365224351,1023.3692263648624,12.250882060418467
7.529854555362719,1036.528773716518,12.31168046772991
7.531133745501087,1044.964598156157,12.202717091858137
7.532412935639455,1049.5500822521392,12.237162303332438
7.533692125777823,1054.7888517833892,12.1865414086048
7.5349713159161915,1040.6397240048364,12.102310531154874
7.536250506054559,1038.4725341796875,12.212420290309531
7.5375296961929275,1042.4823448544457,12.641158363840338
7.538808886331295,1042.4077744256883,12.707380014322498
7.540088076469663,1050.4515816824776,12.826175344429256
7.541367266608032,1063.696277436756,12.856064885396092
7.542646456746399,1072.8724554152716,12.571256057958802
7.543925646884768,1077.5682169596355,12.18299400499945
7.545204837023135,1090.9512125651042,12.030577814257843
7.546484027161504,1096.8420119512648,11.99285881622164
7.547763217299872,1108.5774303617932,12.551373429107358
7.54904240743824,1111.710918608166,12.85801284583676
7.550321597576608,1117.0964994884673,13.49357984824981
7.551600787714976,1105.1619364420574,13.897675072025933
7.552879977853344,1107.199959891183,14.629002575613564
7.554159167991712,1090.6702110653832,14.10537863085101
7.55543835813008,1097.4051847912017,13.945864416025863
7.556717548268448,1107.4856407528832,13.573214453906616
7.557996738406816,1118.5457153320312,13.778238685651045
7.559275928545184,1120.8614356631324,13.61969642053912
7.560555118683553,1127.2442132859003,13.240570500906088
7.56183430882192,1136.2735246930804,13.01568586947681
7.563113498960289,1137.9358200799852,13.092035940155839
7.564392689098656,1148.1537184942335,13.660847895269237
7.5656718792370246,1147.0960896809895,13.819438493339065
7.566951069375392,1151.984116327195,14.31778842948914
7.5682302595137605,1150.2004888625372,14.353415916091345
7.569509449652129,1148.6197393508185,14.4548050669133
7.570788639790496,1155.3851347423736,13.810705248973738
7.572067829928865,1159.1636730375744,13.855982786388259
7.573347020067232,1162.5867280505952,13.135713250777037
7.574626210205601,1167.6737438383557,12.924302084709181
7.575905400343969,1171.8266979399182,12.653989666232468
7.577184590482337,1176.3970482235864,12.601938994962389
7.578463780620705,1186.6451241629463,12.945243709111741
7.579742970759073,1196.6466355096727,13.067713419848769
7.581022160897441,1212.6265520368304,13.494464067992002
7.5823013510358095,1208.4950183686756,13.576217597005819
7.583580541174177,1207.5264165969122,13.874040702400876
7.584859731312545,1195.5119047619048,13.755685750198827
7.586138921450913,1191.0404343377977,14.213667784937298
7.587418111589281,1181.9920247395833,14.130719630380918
7.58869730172765,1178.537388392857,14.018961572409193
7.589976491866017,1179.135974702381,13.693410956615368
7.591255682004386,1188.9703136625744,13.565103727383192
7.592534872142753,1199.4605073474702,13.358617421890674
7.593814062281122,1202.435259137835,13.332497371614059
7.59509325241949,1204.1685471307665,13.20897117590146
7.596372442557858,1215.0871640159971,13.379761502317798
7.597651632696226,1227.1820765904017,13.310799856152943
7.5989308228345935,1233.2464018322173,13.481403748827033
7.600210012972962,1239.4137776692708,13.945853325234465
7.60148920311133,1232.1434413364955,14.133227992317943
7.602768393249698,1234.0897739955358,14.785355860314011
7.604047583388066,1222.0756109328497,14.77043488400524
7.605326773526434,1225.5880650111608,14.821395545771857
7.606605963664802,1226.0539143880208,14.541761442665658
7.607885153803171,1230.336225237165,14.586831726567784
7.609164343941538,1229.0018194289435,14.10710898311207
7.610443534079907,1233.655305408296,13.98710126436426
7.611722724218274,1243.3134009951636,13.752632141723183
7.6130019143566425,1253.4598330543154,13.586299424820972
7.614281104495011,1251.9469633556548,13.291040360799622
7.6155602946333785,1258.147928873698,13.237404031727916
7.616839484771747,1263.2185668945312,13.79914014206865
7.618118674910114,1261.793980189732,13.927131053376838
7.619397865048483,1260.5337669735864,14.073543528764526
7.620677055186851,1252.939208984375,14.338720524338694
7.621956245325219,1253.2447974795386,14.831018909941653
7.623235435463587,1243.7307855515253,14.623307989518375
7.624514625601955,1245.069556826637,14.771193436929057
7.625793815740323,1237.382559640067,14.286603216120021
7.627073005878691,1242.5795840308779,14.249016240379454
7.628352196017059,1242.7101324172247,13.647026264250862
7.6296313861554275,1243.820048014323,13.694815321809044
7.630910576293795,1236.0258382161458,13.523363523459096
7.632189766432163,1244.5328746977307,13.815257207257154
7.633468956570531,1241.1399797712054,13.911037995679209
7.634748146708899,1241.7281959170386,13.792636774072387
7.636027336847268,1247.5164475213915,13.949642283692354
7.637306526985635,1247.6887265159971,14.123847733752
7.638585717124004,1237.4632103329614,14.321194521252137
7.639864907262371,1225.619117373512,14.474573270566975
7.64114409740074,1223.70556640625,14.749109834717762
7.642423287539108,1230.8407796223958,14.423962632233094
7.643702477677476,1239.4891880580358,14.351873498505652
7.644981667815844,1253.967770531064,14.127551944535407
7.6462608579542115,1266.557352701823,14.314331601546293
7.64754004809258,1249.4538981119792,14.32819034918257
7.648819238230948,1240.6375238327753,14.288282292818261
7.650098428369316,1229.2178635370165,14.143376558559435
7.651377618507684,1224.751700265067,14.010365163991747
7.652656808646052,1205.4367181687128,13.549725414916256
7.65393599878442,1196.122823079427,13.84148602521794
7.655215188922789,1182.0169474283855,13.691679893952527
7.656494379061156,1160.8126656668526,13.57536041665146
7.657773569199525,1161.3934733072917,13.720180990234716
7.659052759337892,1165.275591169085,14.373421845913093
7.6603319494762605,1151.2069847470239,13.891445207861537
7.661611139614629,1155.4477597191221,13.702127334923587
7.662890329752996,1148.7957356770833,13.394273205552246
7.664169519891365,1135.510265531994,13.06903412754106
7.665448710029732,1141.023684547061,13.090465680545773
7.666727900168101,1132.4293968563989,13.186994052726012
7.668007090306469,1130.8707653227307,13.235435784225935
7.669286280444837,1128.7634742373511,13.120628615681323
7.670565470583205,1119.4227629162017,12.996698990655533
7.671844660721573,1115.108407156808,13.161686065618065
7.673123850859941,1117.231426420666,13.504200287018131
7.6744030409983095,1108.1650027320497,13.460754009925157
7.675682231136677,1105.8968287876673,13.412624318968872
7.676961421275045,1102.2729070754278,13.29233768532948
7.678240611413413,1099.340330578032,13.149189667556662
7.679519801551781,1100.8083757672991,12.852883183237868
7.680798991690149,1093.983401343936,12.502825158571321
7.682078181828517,1086.8101733979724,12.565165874490884
7.683357371966886,1080.5352027529761,12.580931730613473
7.684636562105253,1081.6861194428943,12.74446212101557
7.685915752243622,1085.7200302850633,12.981889359132458
7.687194942381989,1086.4888102213542,12.713888903849885
7.688474132520358,1079.2214093889509,12.904228483382141
7.689753322658726,1071.0255490257628,13.050289866478922
7.6910325127970935,1066.1531125023253,13.159455724758965
7.692311702935462,1059.2366638183594,12.992045880294413
7.6935908930738295,1061.8848775227864,12.953348848174972
7.694870083212198,1072.9685930524554,12.99824391470385
7.696149273350566,1080.7995053245909,12.792858998509141
7.697428463488934,1082.5618242536273,12.590157850446804
7.698707653627302,1075.8221929640997,12.269518446319749
7.69998684376567,1072.3243248349145,12.160364776053068
7.701266033904038,1079.0667259579614,12.233220362224973
7.702545224042407,1075.0657464890253,12.551174364630857
7.703824414180774,1078.5380684988838,12.934599783033025
7.7051036043191425,1078.7320018949963,13.268198933472036
7.70638279445751,1079.2882574172247,13.59375600891784
7.7076619845958785,1071.7564275832403,13.797530172882615
7.708941174734247,1078.9850739978608,13.782726005295139
7.710220364872614,1079.3529604957216,13.58095924617121
7.711499555010983,1084.0980050223213,13.297686983572781
7.71277874514935,1093.1767214820497,12.874824608019132
7.714057935287719,1098.5751647949219,12.372599026431645
7.715337125426087,1102.4756963820685,12.090687562199367
7.716616315564455,1099.5895211356026,11.764271493611425
7.717895505702823,1107.7757626488096,11.671001674406138
7.719174695841191,1113.530786423456,11.662694920230477
7.720453885979559,1110.6810389927455,11.902986751156382
7.7217330761179275,1103.469707670666,12.240063156668564
7.723012266256295,1105.295921688988,12.780296920282845
7.724291456394663,1097.989762079148,13.519504452132088
7.725570646533031,1100.377184186663,13.89123255328941
7.726849836671399,1097.3331197102864,14.410113901703792
7.728129026809768,1110.3936128162202,14.52966899500046
7.729408216948135,1110.7857666015625,14.378390040888203
7.730687407086504,1122.2620500837054,14.080581691189508
7.731966597224871,1118.1879170735676,13.372287836493523
7.73324578736324,1125.1434384300596,12.57571441979418
7.734524977501608,1130.7484726678758,11.979475882037688
7.735804167639976,1132.1935657319568,11.559738218917307
7.737083357778344,1129.5178702218193,11.397360396054763
7.7383625479167115,1128.545882452102,11.496371528581571
7.73964173805508,1129.764161609468,11.757041694901904
7.7409209281934475,1123.6189938499815,12.234971157170177
7.742200118331816,1121.2904285249256,12.714497027605505
7.743479308470184,1127.9790576753162,13.345062666640281
7.744758498608552,1127.0272158668154,13.85334662062814
7.74603768874692,1122.179722377232,13.987554597715482
7.747316878885288,1133.0660574776787,14.013710493245835
7.748596069023656,1126.9586995442708,13.693372786995749
7.749875259162025,1134.9190339587983,13.501912727700518
7.751154449300392,1128.488522484189,13.023787843036288
7.7524336394387605,1131.2362147739955,12.786537546063661
7.753712829577128,1142.4757617768787,12.7639324774772
7.7549920197154965,1145.9227527436756,12.593129478702465
7.756271209853865,1125.0206778390068,12.279750493695259
7.757550399992232,1120.5725838797432,12.458110447856074
7.758829590130601,1130.0582086472284,12.808164521274863
7.760108780268968,1129.8198721749443,13.019838728053552
7.761387970407337,1121.494131905692,13.200174112427286
7.762667160545705,1114.000746954055,13.513108190161445
7.763946350684073,1114.8438851492745,13.579220386004312
7.765225540822441,1133.6070033482142,13.636401016320894
7.766504730960809,1133.9168788364955,13.235654445619685
7.767783921099177,1132.2469322567895,12.73744252877599
7.7690631112375454,1140.5450018019903,12.208678631507691
7.770342301375913,1137.9271429152716,11.89043778247814
7.771621491514281,1135.4359058198474,11.554406964714756
7.772900681652649,1131.4285220191591,11.42739737021488
7.774179871791017,1136.087411063058,11.546070924110282
7.775459061929386,1132.8790399460565,11.808631197751653
7.776738252067753,1127.018296014695,12.177838798613001
7.778017442206122,1122.5324372791108,12.441319760081026
7.779296632344489,1114.0101289295014,12.694079060880313
7.780575822482858,1102.8500453404017,12.992449285240738
7.781855012621226,1107.6165713355654,13.369367486782844
7.783134202759594,1109.665508451916,13.64417491449877
7.784413392897962,1105.15821765718,13.862468853266108
7.7856925830363295,1111.2590157645088,13.761638578204602
7.786971773174698,1120.7853175571986,13.521819987505566
7.788250963313066,1112.7036903018043,13.122274739594387
7.789530153451434,1117.3328188941591,12.889401360197455
7.790809343589802,1119.3217482793898,12.58333742508743
7.79208853372817,1120.3877912248884,12.25554020534709
7.793367723866538,1112.7684137253534,12.141163128298558
7.794646914004907,1107.8304428827196,11.932421360577058
7.795926104143274,1104.8897516159784,11.910678582586781
7.7972052942816426,1099.0346577962239,12.067056390830277
7.79848448442001,1096.6239100864955,12.302302702787804
7.7997636745583785,1093.2517395019531,12.389897015354812
7.801042864696746,1094.811023530506,12.672580431808179
7.802322054835114,1090.5046604701452,12.837416693694374
7.803601244973483,1099.8801967075892,13.155563339413186
7.80488043511185,1098.0140802292597,13.209763820085069
7.806159625250219,1099.9373474121094,13.036855774255084
7.807438815388586,1102.2269563220796,12.996788880723319
7.808718005526955,1108.6775483630952,13.085628660343202
7.809997195665323,1104.9987168085008,13.091397283657985
7.811276385803691,1096.8326038178943,13.1499003523752
7.812555575942059,1092.9007960728236,13.221313693049005
7.813834766080427,1093.5109383719307,13.402350543597409
7.815113956218795,1091.186054048084,13.32968394749145
7.816393146357163,1081.3009265718006,13.176389089240741
7.817672336495531,1083.9219941638764,13.032746480764253
7.818951526633899,1079.8850911458333,12.926986879981257
7.820230716772267,1084.8602977934338,12.806157394403744
7.821509906910635,1091.4298008510045,12.699525744263717
7.822789097049004,1100.0334690638952,12.583557907216667
7.824068287187371,1099.5226992652529,12.41488586921189
7.82534747732574,1096.2568766276042,12.463266631169747
7.826626667464107,1092.8990304129463,12.464910301972315
7.827905857602476,1088.991915748233,12.684885829257613
7.829185047740844,1095.494896298363,12.904086503532088
7.8304642378792115,1091.4601542154949,13.128273048237515
7.83174342801758,1084.6021161760602,13.28476607178314
7.8330226181559475,1086.3923703148253,13.44059792780512
7.834301808294316,1084.298127673921,13.406323158409508
7.835580998432684,1084.5479997907366,13.386354865276243
7.836860188571052,1085.6854843866258,13.135903962632362
7.83813937870942,1088.1122581845239,13.031048122697246
7.839418568847788,1092.0426781063989,12.853782464297701
7.840697758986156,1098.14359828404,12.622887564935349
7.841976949124525,1097.1151893252418,12.3954258729154
7.843256139262892,1101.636211576916,12.284378152809373
7.8445353294012605,1099.222169421968,12.136856292189618
7.845814519539628,1102.6234130859375,12.34068125510991
7.8470937096779965,1098.2947387695312,12.441034670373071
7.848372899816365,1095.6183050246466,12.701870147955113
7.849652089954732,1082.5382821219307,12.92368714960421
7.850931280093101,1080.7300356910341,13.288072718363289
7.852210470231468,1082.24120367141,13.498322375180239
7.853489660369837,1083.4945300874256,13.614625727916463
7.854768850508205,1083.4227890741258,13.6235105507165
7.856048040646573,1085.5796261742003,13.427345345696729
7.857327230784941,1083.18607875279,13.21525717259279
7.858606420923309,1085.4701160249256,12.899874063582963
7.859885611061677,1082.5267726353236,12.772192795240525
7.861164801200045,1077.5188787551153,12.491180294725423
7.862443991338413,1073.2770269484747,12.610088132393544
7.863723181476781,1075.632561093285,12.742388337379198
7.865002371615149,1072.0982898530506,12.758590933749206
7.866281561753517,1076.9348740350633,13.015732297627958
7.867560751891885,1067.7994733537946,13.257678851986329
7.868839942030253,1063.3543178013392,13.413546926313629
7.870119132168622,1058.3226027715773,13.471835901391046
7.871398322306989,1047.5099559965588,13.402442059324395
7.872677512445358,1041.8077494303386,13.389158283026479
7.873956702583725,1042.4757690429688,13.348609930694753
7.875235892722094,1043.3730919247582,12.997367318416114
7.876515082860462,1034.9190993536085,12.687986866842415
7.8777942729988295,1032.724321637835,12.469999338364689
7.879073463137198,1031.3084251767114,12.30920485000441
7.8803526532755654,1031.6452128092449,12.24675221615517
7.881631843413934,1028.7621489025298,12.275798876672647
7.882911033552302,1024.0792803083148,12.360526715134778
7.88419022369067,1019.1120082310268,12.36886215054042
7.885469413829038,1017.3541448683966,12.565244647956991
7.886748603967406,1002.4808335077195,12.595273832115282
7.888027794105774,996.5192071823847,12.688531138811502
7.889306984244143,990.0052780877976,12.704081996587103
7.89058617438251,987.3191891624814,12.91217900152413
7.8918653645208785,981.3055884951636,12.719827121450669
7.893144554659246,980.96242414202,12.76667688566661
7.894423744797614,979.3421253022693,12.737142509796987
7.895702934935983,981.0474112374442,12.26016674895851
7.89698212507435,980.7451462518601,12.213793000306751
7.898261315212719,982.1751767113095,12.157433516211583
7.899540505351086,975.3426310221354,12.187688129918046
7.900819695489455,970.347428094773,12.188147560417477
7.902098885627823,971.4839143298921,12.364407971745116
7.903378075766191,956.6512712751116,13.022037176576937
7.904657265904559,950.6986592610677,12.860831973161396
7.905936456042927,948.6524164109003,13.07312815321181
7.907215646181295,945.5684523809524,13.037076422217808
7.908494836319663,944.3836437406994,13.01237254145817
7.909774026458031,940.769775390625,12.813936645235945
7.911053216596399,940.8455578031994,12.395138564500163
7.912332406734767,938.9859008789062,12.143380899961343
7.913611596873135,931.8214925130209,11.774665053988091
7.914890787011504,932.7931765601749,11.4799411174677
7.916169977149871,924.971919468471,11.254715451840536
7.91744916728824,922.7679341634115,11.128660226638793
7.918728357426607,921.1475844610305,11.051893005921096
7.920007547564976,919.716048467727,11.180483916022302
7.921286737703343,907.7118123372396,11.29439106029752
7.9225659278417115,905.6561947777158,11.547518712095544
7.92384511798008,904.2381969633557,11.758772856952007
7.9251243081184475,896.7276538667224,11.908088581396362
7.926403498256816,895.7903892880395,12.047971228393182
7.927682688395183,891.6812104724702,11.999668857504961
7.928961878533552,891.8541346958706,12.005341355516245
7.93024106867192,883.2771315801712,11.815832249655548
7.931520258810288,882.2087547665551,11.572851903828257
7.932799448948656,888.7067086356027,11.453183797126949
7.934078639087024,880.031754266648,11.317735023629131
7.935357829225392,880.1512683686756,11.240620519991795
7.9366370193637605,878.1835792178199,11.392444794613793
7.937916209502128,876.5308024088541,11.52566569015979
7.9391953996404965,873.3621564592634,11.779214579496418
7.940474589778864,871.9304867699033,12.04963000492552
7.941753779917232,865.8561197916666,12.458578811420598
7.943032970055601,856.8687133789062,12.7003709639706
7.944312160193968,854.8731035505023,12.820433463347245
7.945591350332337,848.0446515764509,12.908987507162063
7.946870540470704,846.1100158691406,12.888115402488353
7.948149730609073,848.2054951985677,12.701385392781805
7.949428920747441,841.2186540876116,12.38811842979222
7.950708110885809,836.3712797619048,12.001938311750708
7.951987301024177,829.6905183337983,11.659706343418259
7.953266491162545,824.884015764509,11.344999705938095
7.954545681300913,826.3900204613095,11.261051445689276
7.955824871439281,834.1780351911273,11.258102812114528
7.957104061577649,821.9311189197358,11.18259941278709
7.958383251716017,821.7337341308594,11.39374614228288
7.959662441854385,823.6394275483631,11.48166495405852
7.960941631992753,812.0661170596168,11.693646471789588
7.962220822131122,804.9133751278832,11.755217168393475
7.963500012269489,805.9006841750372,11.953372981535148
7.964779202407858,808.363275437128,11.919091014245614
7.966058392546225,807.2832757859003,11.897150143360788
7.967337582684594,801.9034990583148,11.504007549573307
7.968616772822962,798.3257795061384,11.186960970011276
7.9698959629613295,791.1911708286831,10.781691961330147
7.971175153099698,792.2945760091146,10.5442332585039
7.9724543432380655,789.5837097167969,10.365143887751282
7.973733533376434,787.8729887462798,10.412431474811187
7.975012723514802,788.6794564383371,10.374762963106754
7.97629191365317,790.9500354585193,10.557319096126605
7.977571103791538,779.79883539109,10.734324706769003
7.978850293929906,774.113537016369,10.962734420875899
7.980129484068274,778.2209022158668,11.270290681232373
7.981408674206642,779.4833577473959,11.574476977429063
7.98268786434501,777.3150751023065,11.709443897356191
7.9839670544833785,780.7563680013021,11.971047141143833
7.985246244621746,775.6114153180804,11.783076707687378
7.9865254347601145,775.3231477283296,11.591487761377062
7.987804624898482,765.4777439662388,11.224257954835679
7.98908381503685,767.9036095028832,10.946581590787764
7.990363005175219,762.0042303176153,10.592262897314118
7.991642195313586,760.212880452474,10.463680187319243
7.992921385451955,760.045408703032,10.40555610936018
7.994200575590322,761.3188985188802,10.482581604351894
7.995479765728691,752.0522809709821,10.511067151146731
7.996758955867059,748.195306687128,10.566786429221898
7.998038146005427,740.2174319312686,10.622815954806695
7.999317336143795,740.0059233165923,10.771985358786281
8.000596526282163,742.3924851190476,10.814294977675747
8.001875716420532,744.1704334077381,10.795725749679264
8.0031549065589,740.2441377185639,10.739712334628853
8.004434096697267,739.2073611304874,10.562321275668866
8.005713286835634,734.7452770414807,10.182547195851342
8.006992476974004,735.2882080078125,10.042333462240064
8.008271667112371,733.9200206938244,9.663048596657934
8.009550857250739,731.2941414969308,9.6525906910599
8.010830047389108,730.4500223795573,9.556969521911242
8.012109237527476,729.5345081147693,9.515486358700159
8.013388427665843,723.0781540643601,9.500590172953181
8.01466761780421,719.3753705705915,9.687631256920291
8.01594680794258,715.2583095005581,9.901113344709685
8.017225998080947,714.5015345982143,10.203080362009553
8.018505188219315,711.2694818405878,10.395877324461592
8.019784378357684,721.1667160760788,10.51120240685483
8.021063568496052,772.5894383021763,10.931629129322298
8.02234275863442,883.356427873884,11.373638616394606
8.023621948772789,962.956320626395,11.91422925125146
8.024901138911156,867.5953049432663,11.182564178626235
8.026180329049524,765.175043015253,10.321009772407841
8.027459519187891,723.0860174269903,9.966427212879191
8.02873870932626,709.9361673990885,9.842486480961691
8.030017899464628,698.5994219098773,9.884375077439733
8.031297089602996,693.4993010021392,10.019556567318444
8.032576279741365,690.1006353469122,10.156149596949362
8.033855469879732,688.1658906482514,10.404811274571685
8.0351346600181,680.3416660853794,10.548125546830246
8.03641385015647,681.0032639276413,10.821466911448429
8.037693040294837,680.761247907366,11.051766177330022
8.038972230433204,682.1834803989956,11.24287707504959
8.040251420571572,681.6529134114584,11.201017624816323
8.041530610709941,680.3244439987909,11.135596091681597
8.042809800848309,679.1829310825893,10.90393074117986
8.044088990986676,676.1600428989956,10.643913343530782
8.045368181125045,674.2308335077195,10.333075131457964
8.046647371263413,666.2761433919271,10.175013395385381
8.04792656140178,664.1152750651041,10.108961131135413
8.04920575154015,664.1979123070126,9.986373616045515
8.050484941678517,663.5030285063244,10.06511109459228
8.051764131816885,664.3742385137649,10.218946453721465
8.053043321955252,665.7495945521763,10.34818739204951
8.054322512093622,658.9438985188802,10.479725631304653
8.05560170223199,651.1541195824033,10.59514614898054
8.056880892370357,648.9842790876116,10.747125482567228
8.058160082508726,651.2894374302456,10.709566792521171
8.059439272647094,651.4290393647693,10.709575159534607
8.060718462785461,651.9209231422061,10.505732641234442
8.06199765292383,650.2682727632068,10.177809582051182
8.063276843062198,652.6287551153274,9.893903780394245
8.064556033200565,650.3142613002232,9.618626568614653
8.065835223338933,641.7376113164993,9.36112677081341
8.067114413477302,636.1307518368676,9.226690714537442
8.06839360361567,637.1473301478794,9.195485738955693
8.069672793754037,635.8261253720239,9.235813817414074
8.070951983892407,642.608896891276,9.379421079519066
8.072231174030774,631.8516177222842,9.456171827666866
8.073510364169142,635.0776236397879,9.736396503104588
8.07478955430751,629.7052060081845,9.90448287112378
8.076068744445879,626.7550804501489,10.011782000592282
8.077347934584246,623.6024852934338,10.002644735296778
8.078627124722614,626.0320768810454,9.995930594738342
8.079906314860983,630.7505783807663,9.936661294935453
8.08118550499935,628.5296965099517,9.850177042194314
8.082464695137718,625.5065365745908,9.540517056618045
8.083743885276087,625.1292826334635,9.437534939394235
8.085023075414455,618.5762212844122,9.201364647628008
8.086302265552822,618.1757318405878,9.155134814231612
8.08758145569119,617.8108651297433,9.068061639983977
8.088860645829559,617.1534511021206,9.157187653690565
8.090139835967927,612.2370358421689,9.291910721278402
8.091419026106294,610.1205502464658,9.506268753208463
8.092698216244663,610.8817618233817,9.727728354909209
8.093977406383031,608.1397181919643,9.95876178003079
8.095256596521399,605.681384858631,10.071714805347249
8.096535786659768,603.244639078776,10.172398156587183
8.097814976798135,605.3652489071801,10.093767846844738
8.099094166936503,607.8120204380581,10.020496038426469
8.10037335707487,606.65479242234,9.790461002058548
8.10165254721324,608.7919602167038,9.679538575452927
8.102931737351607,601.3504449753534,9.359057476042542
8.104210927489975,600.292720249721,9.299714724388782
8.105490117628344,599.1241106305804,9.144588140826079
8.106769307766712,597.3883419945126,9.15148980739474
8.108048497905079,591.7401224772135,9.288255831958223
8.109327688043448,591.8570905412946,9.491393879175497
8.110606878181816,595.4851713634673,9.767416045668849
8.111886068320183,593.3118969145276,10.023577770682618
8.113165258458551,598.1349530901227,10.37793622734237
8.11444444859692,604.0421723865327,10.52864751640376
8.115723638735288,601.476340157645,10.67255583740824
8.117002828873655,606.5795113699777,10.718828956873248
8.118282019012025,598.9015575590588,10.577790162478369
8.119561209150392,599.6707734607514,10.323528869936005
8.12084039928876,602.4277954101562,10.08780614286541
8.122119589427129,594.9063066755023,9.811163131691178
8.123398779565496,591.5477527436756,9.566098547019472
8.124677969703864,590.5417393275669,9.549546265125121
8.125957159842232,589.0015680222284,9.57838161235814
8.1272363499806,586.3695315406436,9.726287677358957
8.128515540118968,585.716795421782,9.905906283851646
8.129794730257336,582.7133222307477,10.178283464571463
8.131073920395705,579.5725330171131,10.363252189508794
8.132353110534073,582.8175513857886,10.774105899530753
8.13363230067244,581.9441528320312,10.911751284275331
8.134911490810808,585.697987874349,11.010405300952664
8.136190680949177,589.3933555966332,11.015653130062322
8.137469871087545,585.2733924502418,10.799463723742665
8.138749061225912,582.4138328915551,10.538469637647431
8.140028251364281,585.1787298293341,10.383651401056495
8.141307441502649,577.713630312965,9.90391615110204
8.142586631641016,575.747574579148,9.74339402216682
8.143865821779386,577.9952145531064,9.539816498185434
8.145145011917753,582.6148899623325,9.702404150671704
8.14642420205612,581.0982273646763,9.680729925901439
8.147703392194488,571.3142903645834,9.66135214818587
8.148982582332858,575.4574454171317,9.983550611699892
8.150261772471225,572.9307527087983,10.167914725659962
8.151540962609593,572.3586919875372,10.513859843977073
8.152820152747962,576.5299726213727,10.816819588939632
8.15409934288633,577.5170113699777,10.839164365052788
8.155378533024697,580.4208432152158,10.927239701779918
8.156657723163066,572.2383262997582,10.724309480682203
8.157936913301434,577.5643891834077,10.400016578461202
8.159216103439801,571.953390938895,10.073536661604722
8.160495293578169,567.7819199335007,9.782438327814939
8.161774483716538,571.1507408505395,9.535391530171818
8.163053673854906,571.468021937779,9.290476008624122
8.164332863993273,568.7557191394624,9.1131214509148
8.165612054131643,572.3982514880952,9.197942729974994
8.16689124427001,572.7227812267486,9.325093886341847
8.168170434408378,567.508034842355,9.463030358282907
8.169449624546747,554.448492140997,9.692284569364602
8.170728814685114,564.2249915713355,10.121830298852936
8.172008004823482,567.7761085146949,10.489135178346258
8.17328719496185,571.1103254045759,10.614520623038288
8.174566385100219,566.302241734096,10.69234030874952
8.175845575238586,568.9266953241257,10.481031240747296
8.177124765376954,568.9073776971726,10.304554165939285
8.178403955515323,567.5056442987351,10.06317072965917
8.17968314565369,566.9291730608259,9.769660840029283
8.180962335792058,568.8935677664621,9.58158258758667
8.182241525930428,561.704334077381,9.320821954257612
8.183520716068795,565.9017435709635,9.317712116636322
8.184799906207163,569.8172956194196,9.255201932415986
8.18607909634553,567.0218200683594,9.359639429271432
8.1873582864839,563.9059317452567,9.643583667599938
8.188637476622267,561.4644077845982,9.873817249221807
8.189916666760634,563.9279407319568,10.212839178945938
8.191195856899004,561.1981419154575,10.378960671899609
8.192475047037371,560.9036501929874,10.628265638965898
8.193754237175739,564.6786179315476,10.772892857369369
8.195033427314106,563.2079598563058,10.813925247842382
8.196312617452476,560.2881854829334,10.661032680027493
8.197591807590843,564.4014151436942,10.400781917102263
8.19887099772921,569.899913969494,10.148760538720895
8.20015018786758,565.4107869466146,9.805802161895162
8.201429378005948,566.9399995349702,9.53573891241006
8.202708568144315,567.9207661946615,9.354989658778974
8.203987758282684,565.6133815220425,9.154523587710997
8.205266948421052,566.7703472319104,9.151515250689277
8.20654613855942,567.1077837262835,9.177755542750358
8.207825328697787,567.6603037516276,9.368706081439154
8.209104518836156,568.5200573149182,9.585977550048876
8.210383708974524,567.1835588727679,9.756049950526785
8.211662899112891,567.7502848307291,9.93796255363289
8.21294208925126,559.3788408551898,9.993963356719297
8.214221279389628,565.9748883928571,10.083310894337606
8.215500469527996,569.563703264509,10.111534976391525
8.216779659666365,566.8711693173364,9.979044949329344
8.218058849804732,567.1461305164155,9.613947261270878
8.2193380399431,562.4343922932943,9.2545577983082
8.220617230081467,564.5397484188989,9.131002345208923
8.221896420219837,564.6129317510696,8.944435126429331
8.223175610358204,560.3647896902902,8.789794542249147
8.224454800496572,563.1539175851004,8.757261674013195
8.225733990634941,571.5572967529297,8.788910684905861
8.227013180773309,571.5787593296596,9.002448988370412
8.228292370911676,566.3608732677642,9.110399035849962
8.229571561050046,564.2196640741257,9.355233636492763
8.230850751188413,568.2046784900483,9.699114423118697
8.23212994132678,568.876957484654,9.932069982891397
8.233409131465148,566.5412059965588,9.976877677198596
8.234688321603517,559.5518057686942,10.113915584127138
8.235967511741885,561.0732676188151,10.105216998462371
8.237246701880252,560.7221628824869,9.900099330292637
8.238525892018622,565.4964018322173,9.578490976789656
8.23980508215699,568.5578976585751,9.358277698395112
8.241084272295357,565.0145852225168,8.98646023265253
8.242363462433726,566.2255496070499,8.819082033272451
8.243642652572094,566.0909932454427,8.753084401533998
8.244921842710461,567.7301127115885,8.767531840753344
8.246201032848829,569.3130551292783,8.73328237086451
8.247480222987198,569.554691859654,8.879492122856963
8.248759413125565,573.2321450369699,9.138841616124841
8.250038603263933,564.8207818894159,9.283398508856546
8.251317793402302,564.0777355375744,9.544722778026411
8.25259698354067,570.01512945266,9.747371201405661
8.253876173679037,568.8398161388579,10.021077854956498
8.255155363817405,568.0225495837983,10.115489411276
8.256434553955774,567.1881314232236,9.812187524427753
8.257713744094142,568.7303096226284,9.702069980678042
8.25899293423251,567.5652625674293,9.531356726715833
8.260272124370879,566.2456788562592,9.251840687078694
8.261551314509246,564.3321322486514,9.136030074243928
8.262830504647614,571.2653997512091,9.049304472323358
8.264109694785983,567.1371038527716,8.974616361660837
8.26538888492435,571.6544007800874,9.093023582577304
8.266668075062718,571.4371555873325,9.168257308606725
8.267947265201085,574.2612580798921,9.497734610672833
8.269226455339455,577.5248819986979,9.831542531955588
8.270505645477822,572.5184202648345,9.955279657798574
8.27178483561619,570.2154926118396,10.32470647805759
8.27306402575456,568.8858562651135,10.553668707440703
8.274343215892927,574.2805524553571,10.598676429458402
8.275622406031294,570.728769938151,10.569936226913002
8.276901596169663,565.3376944405692,10.49981962899429
8.278180786308031,571.5085216703869,10.543367347282091
8.279459976446399,569.690675281343,10.211601391967168
8.280739166584766,575.8256341843378,9.922783720588356
8.282018356723135,575.6991213843936,9.685473410865926
8.283297546861503,579.2084597632999,9.438047383500372
8.28457673699987,581.1240772065662,9.369720114925016
8.28585592713824,584.3116702125186,9.26318852901631
8.287135117276607,586.9425630115327,9.261067278453119
8.288414307414975,582.4474821544829,9.25201046109042
8.289693497553344,578.3459719703311,9.307738946242898
8.290972687691712,579.973859514509,9.45408846159147
8.292251877830079,581.3853701636905,9.625242106598279
8.293531067968447,577.5098818824405,9.703448124209586
8.294810258106816,574.6506812686011,9.65280879032869
8.296089448245183,576.7089698428199,9.597105012366619
8.297368638383551,582.4550185430618,9.539837323157563
8.29864782852192,584.9569266183036,9.2985414044834
8.299927018660288,586.2389787946429,9.095225570814257
8.301206208798655,586.2262282598587,8.973604107554186
8.302485398937025,590.5217750186011,8.789382103483327
8.303764589075392,591.0391046433222,8.91812080620346
8.30504377921376,592.3919125511533,8.840621206977774
8.306322969352127,599.5515470958892,9.059880024216838
8.307602159490497,600.2347165062314,9.323593019329625
8.308881349628864,600.7349664597284,9.361506884602136
8.310160539767232,603.2528323218936,9.697475298636475
8.3114397299056,600.9007248651413,9.957717732701328
8.312718920043968,596.6560291108631,10.220013290691481
8.313998110182336,594.6236732119605,10.288529860751906
8.315277300320703,596.5150030226935,10.246861273274655
8.316556490459073,592.7470223563058,10.203962020242663
8.31783568059744,596.8480151948474,9.997712188340707
8.319114870735808,597.1181219191778,9.759071431834354
8.320394060874177,596.9770914713541,9.391922168505497
8.321673251012545,596.9196486700149,9.142043813473467
8.322952441150912,593.6449454171317,8.934569778863525
8.324231631289281,596.3033214750744,8.818205835074753
8.325510821427649,598.347413562593,8.824613945302177
8.326790011566017,598.6514471144903,8.924749997400806
8.328069201704384,600.9115237281436,9.197916890839041
8.329348391842753,596.7668951125372,9.376064982598923
8.33062758198112,598.1369963146392,9.782991695661373
8.331906772119488,598.955306280227,10.103336316664164
8.333185962257858,593.1659589494977,10.412807780856745
8.334465152396225,589.4028669084821,10.584150097809598
8.335744342534593,592.625232514881,10.741699246200152
8.337023532672962,592.7905941917783,10.598301345985332
8.33830272281133,590.4346284412202,10.463010474981896
8.339581912949697,588.0733439127604,10.343167544840437
8.340861103088065,587.3545445033482,10.09193122956402
8.342140293226434,591.900874546596,9.921122643991295
8.343419483364801,587.5783153715588,9.645597380063165
8.344698673503169,590.4565865652902,9.40075903438713
8.345977863641538,594.7403128487723,9.206835565285157
8.347257053779906,594.1117364792597,9.18224088788115
8.348536243918273,591.4893391927084,9.157740042506317
8.349815434056643,595.2079518636068,9.358130442818743
8.35109462419501,596.5663146972656,9.336309459381033
8.352373814333378,593.0440441313244,9.558833775250564
8.353653004471745,585.5095832461402,9.608438739973185
8.354932194610114,582.2523847307477,9.670061684068518
8.356211384748482,583.7739664713541,9.784994514805122
8.35749057488685,588.7144891648065,9.922888310370674
8.358769765025219,588.5472353980655,9.744750214153266
8.360048955163586,591.126204717727,9.768298093682906
8.361328145301954,588.8350815545945,9.467709662482827
8.362607335440321,585.9644208635602,9.18199812547516
8.36388652557869,582.6729910714286,9.005360700319237
8.365165715717058,582.914290655227,9.014036078389148
8.366444905855426,586.6418951125372,8.97191967975859
8.367724095993795,583.0099516369048,9.026630955562702
8.369003286132163,586.8465619768415,9.287823487436336
8.37028247627053,582.2637997581845,9.479312702440291
8.3715616664089,581.6186174665179,9.768652872208955
8.372840856547267,583.557633172898,10.034631502552154
8.374120046685634,583.2718999953497,10.300245698197902
8.375399236824002,578.3319600423177,10.461457219485808
8.376678426962371,582.8599359421503,10.85362766603492
8.377957617100739,579.9523954845611,10.675659568581034
8.379236807239106,583.4629138764881,10.742918571189033
8.380515997377476,587.293946765718,10.463523154468453
8.381795187515843,586.9886169433594,10.283921273692108
8.38307437765421,585.029045468285,9.878788788416177
8.38435356779258,589.5086422874814,9.692236880575203
8.385632757930948,589.6107381184896,9.360379776603665
8.386911948069315,586.3368501209077,9.202444438396824
8.388191138207683,581.0564691452753,9.094624093993955
8.389470328346052,579.2351379394531,9.13081039362571
8.39074951848442,583.5453345889136,9.295008941935286
8.392028708622787,583.007319859096,9.393302248198898
8.393307898761156,583.2708057221912,9.76713085875583
8.394587088899524,583.888914562407,10.19806522557099
8.395866279037891,577.3968963623047,10.536865558986534
8.39714546917626,574.1028217134021,10.608766132150807
8.398424659314628,576.8964247930618,10.817550053914163
8.399703849452996,581.91506086077,10.90832995461101
8.400983039591363,584.5671909877232,10.95335913301821
8.402262229729732,575.0183991931733,10.597573579389973
8.4035414198681,586.0821881975446,10.509619127895133
8.404820610006468,585.0013456798736,10.023546233382326
8.406099800144837,587.2956397646949,9.74238689666262
8.407378990283204,589.9577317010788,9.287889601768228
8.408658180421572,589.112547374907,9.060349799712252
8.409937370559941,583.3135862804595,8.81084594613451
8.411216560698309,583.7431335449219,8.910585606626519
8.412495750836676,588.852794828869,9.208910574140376
8.413774940975044,586.5813656761533,9.429800461752565
8.415054131113413,588.9515700567337,9.721746522526187
8.41633332125178,583.5485403878348,10.083638961707818
8.417612511390148,587.024415515718,10.399214037546788
8.418891701528517,579.3450971330915,10.679975156324659
8.420170891666885,585.9054841541108,10.926329238758438
8.421450081805252,584.4169137137277,10.79240519554859
8.42272927194362,587.5607183547247,10.627745779032162
8.42400846208199,591.7097502208892,10.419677434434153
8.425287652220357,599.1318170456659,10.258093626982697
8.426566842358724,594.8332606724331,10.057845395743898
8.427846032497094,592.7470674060639,9.752208944312082
8.429125222635461,595.7947344098773,9.68378572028114
8.430404412773829,596.7560119628906,9.57427742461038
8.431683602912198,597.7549365815662,9.413775291494215
8.432962793050566,599.8430786132812,9.341075591663698
8.434241983188933,600.1443597702753,9.507434869387856
8.4355211733273,605.8871198381696,9.677114504756917
8.43680036346567,608.7287830171131,10.078930287598988
8.438079553604037,600.768570672898,10.325146058510882
8.439358743742405,601.1246337890625,10.692715382193539
8.440637933880774,599.455816359747,10.879013712501381
8.441917124019142,608.6927359444754,10.934731378792408
8.44319631415751,612.1734764462426,10.866055277260571
8.444475504295879,619.5851513090588,10.786584735481954
8.445754694434246,622.4169776553199,10.738884813361791
8.447033884572614,621.1902654738653,10.489511032028721
8.448313074710981,614.3634367443267,10.280760567275578
8.44959226484935,615.4136701311384,10.145295200102355
8.450871454987718,610.8309398832776,9.976849101885136
8.452150645126085,623.1585984002976,9.903736275897057
8.453429835264455,621.672857375372,9.932641861433387
8.454709025402822,621.8166736421131,9.924255983006327
8.45598821554119,626.7546691894531,10.218754348067705
8.45726740567956,618.8975568498884,10.050618906309332
8.458546595817927,622.1669892810639,10.28028659467902
8.459825785956294,623.1889212472098,10.411486966899208
8.461104976094662,624.9379098074777,10.65001713602789
8.462384166233031,630.2270987374442,10.678776870428624
8.463663356371399,635.8180411202567,10.596281425000464
8.464942546509766,633.9285132998511,10.47609125955171
8.466221736648135,637.6942516508557,10.158515274046414
8.467500926786503,641.1933898925781,9.883035564240746
8.46878011692487,646.6302490234375,9.70740237205805
8.47005930706324,643.2486543201264,9.570414336787904
8.471338497201607,636.0750528971354,9.463968017945842
8.472617687339975,635.04979742141,9.484115507794256
8.473896877478342,640.3422517322358,9.645969184919986
8.475176067616712,635.3013102213541,9.869828478158304
8.47645525775508,642.1598496210007,10.231894136751253
8.477734447893447,647.2863900320871,10.651440358884184
8.479013638031816,649.3920244489398,10.914813808249745
8.480292828170183,641.1585170200893,11.052265565540411
8.481572018308551,641.1659589494977,11.071633067333053
8.482851208446919,642.6998857770648,11.08934563669492
8.484130398585288,651.7762567429315,11.091731253672306
8.485409588723655,658.7936314174107,10.952620577259907
8.486688778862023,656.9318150111607,10.692411337174716
8.487967969000392,660.1350809733073,10.487966677586591
8.48924715913876,664.3654974074591,10.213776312227868
8.490526349277127,666.6708475748698,10.03877934421576
8.491805539415497,660.9682529994419,9.784215024598847
8.493084729553864,656.5499238513764,9.64643069220028
8.494363919692232,662.5270545596168,9.636892927229356
8.4956431098306,669.14453851609,9.579077266436594
8.496922299968968,674.7271496000744,9.76545258790972
8.498201490107336,681.8019496372768,9.90044001153392
8.499480680245703,687.337175641741,10.259617671477324
8.500759870384073,685.4703601655506,10.484846042950032
8.50203906052244,687.87989007859,10.610070836568998
8.503318250660808,684.4561142694382,10.631745967165198
8.504597440799177,675.4413931710379,10.777652225929709
8.505876630937545,680.7933843703497,10.927124182199407
8.507155821075912,690.3576863606771,11.055006749433252
8.50843501121428,698.902105422247,11.059347075995067
8.509714201352649,703.23876953125,11.033006849963805
8.510993391491017,704.92922101702,11.031592654858002
8.512272581629384,699.2365635463169,10.46269011030836
8.513551771767753,705.3740089053199,10.16537628610848
8.51483096190612,708.1902305966332,9.877726288894372
8.516110152044488,707.685041155134,9.749292761988796
8.517389342182858,705.5245259602865,9.71857440811629
8.518668532321225,706.7030625116257,9.981219220689635
8.519947722459593,712.4337390718006,10.026053305167228
8.52122691259796,718.8663039434524,10.418418881246389
8.52250610273633,719.1278424944196,10.566604084477158
8.523785292874697,714.121587844122,10.94761072530053
8.525064483013065,713.3664013090588,11.19976912111049
8.526343673151434,717.4996396019345,11.3992078987674
8.527622863289801,712.0420837402344,11.421720446979682
8.528902053428169,715.7142072405134,11.409233055284897
8.530181243566538,723.4823419480097,11.206345394297992
8.531460433704906,729.4398454938616,10.833398003617175
8.53185387741788,607.1794408681442,8.463309554230063
8.532739623843273,734.8251095726376,10.47745541936559
8.53313306755625,608.3394800302933,8.344157221144382
8.53401881398164,733.4766831170945,10.144166247267275
8.534412257694617,605.4862558793048,8.327110462623759
8.53529800412001,726.0188366117932,9.837902987439128
8.535691447832985,606.401395836655,8.03061215191658
8.536577194258378,731.2031627836682,9.645686375100833
8.536970637971354,603.7140490473533,7.669496529199119
8.537856384396745,730.8250616164435,9.724575614885815
8.538249828109722,605.5262015206473,7.794731177793997
8.539135574535115,728.532220749628,9.803859094220691
8.53952901824809,605.4591923927774,7.97383758245297
8.540414764673482,734.0842532203311,9.997103077543402
8.540808208386457,602.8717016103317,7.85347346885362
8.54169395481185,738.4052443731399,10.32704348811649
8.542087398524826,611.4393572126116,7.836516317599953
8.542973144950217,733.3730890183222,10.525862018753832
8.543366588663194,621.0121285574777,7.925388064654619
8.544252335088586,741.4182637532552,10.871515928112135
8.544645778801561,621.0812166175064,8.445746630360654
8.545531525226954,736.7225894019717,11.003789017544172
8.54592496893993,625.143471231266,8.682761678413467
8.546810715365321,727.625472295852,11.025900388544095
8.547204159078298,624.1086014728157,8.427374535946063
8.54808990550369,727.2816263834635,11.013414746730868
8.548483349216665,627.2187761579241,8.469249869233938
8.549369095642058,737.294437953404,11.144312785916032
8.549762539355035,626.9999564034598,8.647512745100721
8.550648285780426,739.14797101702,11.034800613251683
8.551041729493402,628.6153352698501,9.127988389875735
8.551927475918795,748.443609328497,11.022657219553892
8.55232091963177,628.489763532366,8.733183021172023
8.553206666057163,751.2752714611236,11.02598824430369
8.553600109770137,629.0694816745057,8.308248142323695
8.55448585619553,745.6408197312128,10.923751311695604
8.554879299908507,620.994646344866,8.140519587145045
8.555765046333898,750.5254545665923,10.8433640848682
8.556158490046874,622.7976746851084,8.52888466539642
8.557044236472267,746.0965241931733,10.745295785805117
8.557437680185242,622.3286606146365,8.407517854273808
8.558323426610634,739.7897135416666,10.476038466338503
8.558716870323611,620.8215581154336,7.755536732519794
8.559602616749002,742.1670314243862,10.199409583873086
8.559996060461978,616.4296102718431,7.563892771217873
8.560881806887371,743.8260062081473,10.1008974685771
8.561275250600346,616.6826358717315,7.897519696406969
8.562160997025739,746.5119367327009,10.093597627740817
8.562554440738715,623.955595055405,8.307187969849744
8.563440187164106,750.0758114769345,10.14890932121969
8.563833630877083,631.1151783223055,8.07946700066626
8.564719377302476,748.3638494582403,10.067941788737823
8.56511282101545,631.0931072624362,7.73019176895075
8.565998567440843,759.6667887369791,10.09481347810903
8.566392011153818,626.7979537029655,7.991933466489332
8.56727775757921,759.4484383719308,10.211105975894862
8.567671201292187,626.4345566107303,8.831208034776681
8.568556947717578,747.7778567359561,10.373951948948424
8.568950391430555,630.7780886280293,8.998441568289708
8.569836137855948,747.8321518670945,10.93973220916628
8.570229581568922,628.6036215023119,8.375265980314994
8.571115327994315,748.9293358212426,11.303392305445005
8.571508771707292,628.4129053232621,8.153615671776333
8.572394518132683,751.5730663481213,11.701913624311794
8.572787961845659,630.1775811643016,8.803560610489752
8.573673708271052,744.2793550037202,11.787784008988348
8.574067151984027,629.5398385184152,9.251187091587695
8.57495289840942,754.4089500790551,11.701814776095345
8.575346342122396,636.7882590780453,8.67087416902356
8.576232088547787,752.1080845424107,11.40589772514258
8.576625532260763,635.5905412946429,8.015108151974806
8.577511278686156,755.2295677548364,10.906225200275953
8.577904722399131,631.482083067602,7.9886007813578
8.578790468824524,756.5617152622768,10.488420063017125
8.579183912537498,623.6234018753986,8.456104359725066
8.580069658962891,762.4036690848214,10.143955237910676
8.580463102675868,617.8440850705516,8.295434003245498
8.581348849101259,756.0238458542597,9.868895521927431
8.581742292814235,619.9245705117985,7.496135003556547
8.582628039239628,745.9785475957962,9.712894518074986
8.583021482952603,626.3342310068558,7.394744145950908
8.583907229377996,746.1456080845425,9.818099647821377
8.584300673090972,633.3940043546716,7.9248378722911905
8.585186419516363,749.4163774762835,9.881461175698592
8.58557986322934,633.2313369439572,8.468271542768678
8.586465609654732,751.4351167224702,10.043286193145335
8.586859053367707,637.1813852738361,8.318394403523786
8.5877447997931,745.3303716750372,10.243104530347258
8.588138243506075,636.6056418905453,7.794885688730834
8.589023989931468,753.4524507068452,10.690679349467906
8.589417433644444,630.3803984972895,8.031173581453839
8.590303180069837,752.0379914783296,11.144639248220532
8.590696623782812,630.9143415178571,8.774139990302613
8.591582370208204,749.2235281808036,11.324495063661105
8.591975813921179,633.2743181501116,9.00152539360801
8.592861560346572,748.662370954241,11.313062830547617
8.593255004059548,636.2542375837054,8.536378746294137
8.59414075048494,751.1856747581845,11.26203463973978
8.594534194197916,640.7265699736926,8.257376390625671
8.595419940623309,754.366694859096,11.266570713620688
8.595813384336283,637.291165098852,8.651679763301987
8.596699130761676,762.6084420340402,11.081978603131772
8.597092574474653,642.3180429886798,9.188032351921098
8.597978320900044,765.8418332054501,11.061255499235589
8.59837176461302,637.6197497309471,8.684704918753633
8.599257511038413,765.507824125744,10.890265738498817
8.599650954751388,635.5629970005581,8.004913286568149
8.60053670117678,767.238021123977,10.7148989386687
8.600930144889755,636.5999307437819,7.8240552394483
8.601815891315148,760.2727181570871,10.470846166393454
8.602209335028125,637.6319841657366,8.320573934206685
8.603095081453516,755.9146016438802,10.031289894096378
8.603488525166492,638.5247590979751,8.430027316559054
8.604374271591885,754.7187906901041,10.0007993691301
8.60476771530486,637.5474031409439,7.834077640352634
8.605653461730252,752.9923008510044,9.980817781965081
8.606046905443229,634.4354372608418,7.478401201789872
8.60693265186862,743.6307314918155,10.02075721880024
8.607326095581596,633.2141698720504,7.953087681623183
8.60821184200699,745.7210083007812,10.029414205091868
8.608605285719964,632.2127386599171,8.49201950473404
8.609491032145357,749.8624543689546,10.103451635234439
8.609884475858333,632.8032239018654,8.440293129861583
8.610770222283724,751.3085080101376,10.081474006944527
8.6111636659967,633.8729036292251,7.904484092978224
8.612049412422094,751.5420168922061,10.322821696450205
8.612442856135068,629.4342414700255,8.011480982965317
8.613328602560461,752.7667875744048,10.699501079345913
8.613722046273436,634.0681787607621,8.68677153448466
8.614607792698829,754.0442766462054,10.970630953296132
8.615001236411805,629.9113171635842,8.519153632452712
8.615886982837196,748.5718645368304,11.352158260508372
8.616280426550173,630.3749962631537,7.946207233166774
8.617166172975566,742.1362580798921,11.592172150453079
8.61755961668854,632.2910654496173,7.692927642917089
8.618445363113933,741.9243745349702,11.724464177179504
8.61883880682691,630.7503824039381,8.26009301387074
8.6197245532523,746.5051414853051,11.662454884037002
8.620117996965277,635.599290497449,8.721606284592234
8.62100374339067,745.0509047735305,11.472957952763043
8.621397187103645,632.4707616689254,8.012131905640054
8.622282933529037,751.0038161504837,11.163062516305963
8.622676377242014,631.531804298868,7.281194181782722
8.623562123667405,742.6327500116257,10.521933906827515
8.623955567380381,634.0004284917092,7.651573157605393
8.624841313805774,744.396238781157,10.06672577861101
8.625234757518749,630.1842277682557,8.489891445813182
8.626120503944142,734.1438482375372,9.690136722174945
8.626513947657116,625.123920051419,8.285756745694053
8.62739969408251,722.5143897646949,9.40203681037914
8.627793137795486,623.9137099908322,7.403039309020531
8.628678884220877,720.5037783668155,9.413048751041982
8.629072327933853,616.742356903699,7.233701804116948
8.629958074359246,722.7410743350074,9.52928640590377
8.63035151807222,616.024675641741,8.020544213671986
8.63163070821059,618.3962726203763,8.670898500851697
8.632909898348958,616.9940970284598,8.289766479767007
8.634189088487325,613.8756178252551,7.608073384311147
8.635468278625694,612.855270697146,8.000289435965545
8.636747468764062,616.8559258908641,8.930315148093158
8.63802665890243,615.954983458227,9.001752490919602
8.639305849040797,615.8971283581792,8.181868265281166
8.640585039179166,618.8263225944675,7.842987288264851
8.641864229317534,620.8851019411671,8.346321683799035
8.643143419455901,620.9708675462373,8.829386022132757
8.64442260959427,613.0149523676658,8.211892061791094
8.645701799732638,614.1156230070153,7.431862504505189
8.646980989871006,611.1875971580039,7.41740293934791
8.648260180009373,603.9002710459183,7.903275354211644
8.649539370147743,598.6652296416613,8.06966439823987
8.65081856028611,595.6384352080676,7.5562871587510285
8.652097750424478,597.7950414540817,7.16606722892433
8.653376940562847,599.3955003388074,7.589712638232355
8.654656130701214,596.2080613739637,8.203383791831534
8.655935320839582,592.7765627491231,8.242534549188663
8.657214510977951,585.7967479472258,7.87956353372892
8.658493701116319,586.8978246572067,7.552758550873144
8.659772891254686,582.3681615712692,7.98708083066543
8.661052081393054,579.5095277124522,8.46122942497995
8.662331271531423,584.4001801159917,8.423124282392502
8.66361046166979,584.6367212412308,7.806737970381601
8.664889651808158,581.9604404994419,7.389290089207887
8.666168841946527,575.9033626634248,7.784028744024708
8.667448032084895,568.1038594148597,7.967839956719631
8.668727222223263,569.8304567920918,7.7391957411051004
8.670006412361632,564.7204241071429,7.152225342778581
8.6712856025,562.8456034757653,7.075427135228089
8.672564792638367,559.429423429528,7.58155842236597
8.673843982776734,557.3905490174585,7.853576465341611
8.675123172915104,557.6435397401148,7.656074652638086
8.676402363053471,553.5289916992188,7.417969752409596
8.677681553191839,550.0956296336894,7.615982341206891
8.678960743330208,551.5599851024394,8.102132966209137
8.680239933468576,546.9512491031569,8.279226374565454
8.681519123606943,542.615544533243,7.888835139001847
8.682798313745312,540.5508435307717,7.644716957635087
8.68407750388368,537.0162129304847,7.974726195387361
8.685356694022047,534.6403858418367,7.939598839413423
8.686635884160415,527.4516987703284,7.553162640112715
8.687915074298784,528.8191715162627,7.264263398434272
8.689194264437152,527.7745672731984,7.110834708045175
8.69047345457552,531.0340688277264,7.166469709790423
8.691752644713889,524.8094283123405,6.879328586836084
8.693031834852256,519.0213672871492,6.729247819038047
8.694311024990624,523.1842016103317,6.852071333040779
8.695590215128993,523.8045567103794,7.24531587147819
8.69686940526736,514.3618612484056,7.153700105267513
8.698148595405728,514.7464749083227,6.932475629127692
8.699427785544096,511.1432893714126,7.271909218961571
8.700706975682465,511.51728415975765,7.770603575342378
8.701986165820832,508.439565230389,7.697999350736628
8.7032653559592,504.0585750657685,7.317048037187656
8.70454454609757,506.467698700574,7.25317494199836
8.705823736235937,501.0603139449139,7.818863935944905
8.707102926374304,497.3511601662149,7.996544991132941
8.708382116512672,492.4375186842315,7.522672917102927
8.709661306651041,493.30946568080356,6.891111869838025
8.710940496789409,491.22027587890625,6.984694132941174
8.712219686927776,486.56618951291455,7.464384843300709
8.713498877066145,485.6279545998087,7.4362225840172895
8.714778067204513,483.4811831104512,6.810991617482946
8.71605725734288,484.2264952367666,6.434799860464435
8.71733644748125,480.89732267418685,6.766236625496097
8.718615637619617,480.8959948481346,7.329372419995948
8.719894827757985,485.68167176538583,7.440047190263792
8.721174017896352,485.0642077387596,7.052946202800252
8.722453208034722,478.9784303003428,6.787882178531175
8.72373239817309,475.85700521663745,7.419653755860235
8.725011588311457,473.58357954998405,7.849305641686322
8.726290778449826,477.1562387894611,7.857901712657813
8.727569968588194,471.23661212531886,7.277743873299731
8.728849158726561,467.1732183962452,7.0090198804170045
8.73012834886493,467.1429181780134,7.520053237654652
8.731407539003298,467.3063989756059,7.598768432357127
8.732686729141665,467.13338361467635,7.442514535198449
8.733965919280033,463.433217574139,6.895311672370492
8.735245109418402,459.13279692980706,6.612163526446733
8.73652429955677,452.1427593620456,6.767538650161877
8.737803489695137,451.375835807956,6.8655937691955975
8.739082679833507,451.9121766382334,6.8403351536990975
8.740361869971874,446.817270707111,6.532029412871667
8.741641060110242,448.32243004623723,6.401321913547055
8.742920250248611,445.2316489706234,6.628018795713077
8.744199440386978,447.69931279396525,7.012694470824726
8.745478630525346,451.72188583685426,7.267380392164189
8.746757820663714,450.1931793835698,7.02201726704735
8.748037010802083,455.2042535275829,6.94775458313828
8.74931620094045,450.9776081941566,7.252126035093134
8.750595391078818,448.3758993343431,7.606212522825018
8.751874581217187,447.8674453423948,7.64112206504908
8.753153771355555,441.8225944674745,7.154750788002707
8.754432961493922,442.2425836057079,6.976453041972044
8.755712151632292,446.570668746014,7.081061724496096
8.756991341770659,453.20907156808033,7.258388791907046
8.758270531909027,460.49453423947705,7.15086612429509
8.759549722047394,440.9868948800223,6.527219798104664
8.760828912185763,426.89731084084025,6.337342407468098
8.762108102324131,419.8098399882414,6.504194662608126
8.763387292462498,416.6853949099171,6.706918675937942
8.764666482600868,418.0093919403699,6.623101213236379
8.765945672739235,417.0380628936145,6.474995352860442
8.767224862877603,418.94121193399235,6.662184367725608
8.76850405301597,416.24249205297355,6.980731792832785
8.76978324315434,417.4796335648517,7.133894555894823
8.771062433292707,422.3323519959742,7.239572459456128
8.772341623431075,419.830988669882,7.221231129147902
8.773620813569444,421.8229195731027,7.507660502795308
8.774900003707812,415.6789687798948,7.423487702414159
8.776179193846179,411.741529815051,7.194714580533208
8.777458383984548,409.2475112603635,7.046367858138218
8.778737574122916,401.0158884476642,6.872430032310127
8.780016764261283,397.75967469507333,6.799191708512598
8.781295954399651,392.4473771075813,6.508579367585408
8.78257514453802,387.47228567940846,6.186929576762563
8.783854334676388,384.63621365294165,6.097504400163291
8.785133524814755,381.7463677853954,6.190680682346705
8.786412714953125,379.05652353714925,6.259107112007025
8.787691905091492,381.6792434380979,6.32988091461124
8.78897109522986,382.7594174754863,6.096308356160755
8.790250285368229,386.5225282007334,6.352664641263228
8.791529475506596,386.703960807956,6.667586144046103
8.792808665644964,392.3088491011639,6.8743193110560465
8.794087855783332,391.1477598852041,6.886112604409275
8.7953670459217,387.4075622558594,6.948145346525065
8.796646236060068,388.3768048967634,7.130633152035019
8.797925426198436,382.9286081742267,7.122937829863811
8.799204616336805,380.74661690848217,6.969020664885574
8.800483806475173,376.08944266183033,6.896028411277712
8.80176299661354,371.5085150271046,6.637191707880879
8.80304218675191,369.93276728415975,6.419816070030172
8.804321376890277,365.068396743463,6.220692533149363
8.805600567028645,363.2064626265545,6.195840898236903
8.806879757167012,355.85499354771207,6.071179721741438
8.808158947305381,354.2189804388552,6.009285557473724
8.809438137443749,355.29930955536514,5.947991783446896
8.810717327582116,354.3053414481027,5.8056110085699455
8.811996517720486,357.41439321089763,5.897833533393523
8.813275707858853,357.2265413245376,6.32800161931786
8.81455489799722,365.7110851054289,6.843968510254065
8.81583408813559,356.7972337372449,6.467076963381668
8.817113278273958,357.5190903021365,6.4046045211636615
8.818392468412325,361.2007246990593,6.725159250158181
8.819671658550693,353.82399080237565,7.1257425674593975
8.820950848689062,360.7894990882095,7.28593856760819
8.82223003882743,353.9971338388871,6.718398949181178
8.823509228965797,348.29702385104434,6.364485110785459
8.824788419104166,347.001821089764,6.393083071643103
8.826067609242534,343.1793511838329,6.620039123106271
8.827346799380901,337.80965688277263,6.410004572270803
8.828625989519269,335.22111978336255,5.879677012466883
8.829905179657638,332.95961091956315,5.591442336722558
8.831184369796006,333.79594452527107,5.674037344637963
8.832463559934373,329.207308399434,5.999544179517393
8.833742750072743,334.1997375488281,5.970700024073698
8.83502194021111,335.7163764797911,5.8038467458152905
8.836301130349478,333.4487416792889,5.7368714431969385
8.837580320487847,334.78104571906886,5.9735720396005885
8.838859510626214,333.8026048309949,6.503464623279141
8.840138700764582,333.7044110979353,6.678470541812793
8.84141789090295,333.67618233816967,6.409076256588204
8.842697081041319,330.2833955725845,6.207020509408409
8.843976271179686,329.86869095782845,6.267796320674306
8.845255461318054,328.7088074976084,6.5948732678663236
8.846534651456423,332.5985786282286,6.758719919637991
8.84781384159479,325.590191276706,6.371777257621047
8.849093031733158,326.3797457948023,5.9171388773634845
8.850372221871528,322.4899017956792,5.571317987972038
8.851651412009895,318.4121872259646,5.690433267714725
8.852930602148263,317.95789197026465,5.856227690068389
8.85420979228663,310.4583379005899,5.575778705205145
8.855488982425,313.7286383181202,5.355680606516877
8.856768172563367,313.48490127252074,5.229987931284998
8.858047362701734,311.05950803172834,5.414576968767971
8.859326552840104,310.727684176698,5.932658244596113
8.860605742978471,310.3495944276148,6.110837334292287
8.861884933116839,312.7256737533881,5.874706340286431
8.863164123255208,311.83509234992823,5.685501546656374
8.864443313393576,314.80295111208545,6.077526766756837
8.865722503531943,318.33781900211255,6.750685214078137
8.86700169367031,321.6152163135762,6.912627019234797
8.86828088380868,323.6357116699219,6.428687033200215
8.869560073947047,325.2385945222816,6.028967370226098
8.870839264085415,320.56765497947225,6.095714916870777
8.872118454223784,316.8587004992427,6.568912033146265
8.873397644362152,314.37696869519294,6.570240013148327
8.87467683450052,309.3781445561623,5.79791817017172
8.875956024638889,305.28699228714925,5.332575141501828
8.877235214777256,300.8715602329799,5.379716513856326
8.878514404915624,297.01510993801816,5.8171667041847
8.879793595053991,298.7387707768654,6.115373314144951
8.88107278519236,300.3264857700893,5.658138692571655
8.882351975330728,298.47761255381056,5.226819761727892
8.883631165469096,301.2509223782286,5.41889608335256
8.884910355607465,299.7636594188457,6.04414715637177
8.886189545745832,302.0021941515864,6.710154793651762
8.8874687358842,305.9293287627551,6.462487933884708
8.888747926022567,304.2424833336655,5.890153922813807
8.890027116160937,309.165672457948,5.887525303964943
8.891306306299304,309.7091363400829,6.28149299626414
8.892585496437672,305.1664933185188,6.723166397290546
8.893864686576041,304.23395958725285,6.511869752115997
8.895143876714409,297.3747639558753,5.668127679852561
8.896423066852776,299.2883444027025,5.404325640658366
8.897702256991145,296.90789794921875,5.491141160429602
8.898981447129513,292.8160661969866,5.799988362329881
8.90026063726788,291.43700237663427,5.678301915207825
8.901539827406248,286.115243094308,5.14403539570312
8.902819017544617,286.3395479163345,4.932791663113088
8.904098207682985,284.7311482332191,5.0488818567592855
8.905377397821352,286.47830013352996,5.6384104266027295
8.906656587959722,290.4508143833705,6.063513666169524
8.90793577809809,291.79435138313136,5.79076174218373
8.909214968236457,296.127404037787,5.449472948641761
8.910494158374826,297.3606586067044,5.445524146868821
8.911773348513194,298.98129646145566,6.0676877547114865
8.913052538651561,299.5233415876116,6.655970790854972
8.914331728789929,298.3370249222736,6.472452551360954
8.915610918928298,299.66568117725603,5.980044623880966
8.916890109066665,295.7610666703205,5.559928549613857
8.918169299205033,296.275841537787,5.875518498958637
8.919448489343402,291.69674246651783,6.164325728751333
8.92072767948177,285.20280176279493,5.928808644432104
8.922006869620137,282.0828116280692,5.535035925126748
8.923286059758507,277.16058723294003,5.062041563788639
8.924565249896874,276.26083311742667,5.117585418377414
8.925844440035242,273.36607454261,5.435165868929173
8.92712363017361,269.7239062250877,5.5743968745312005
8.928402820311979,269.2378253547513,5.328834021910462
8.929682010450346,272.98690671336897,5.25162665951154
8.930961200588714,276.7251892089844,5.371720840326538
8.932240390727083,276.99723535654493,5.787177859695865
8.93351958086545,278.08907645089283,6.01434222706627
8.934798771003818,278.2748575015944,5.987452072316608
8.936077961142187,276.31901207748723,5.884550282693564
8.937357151280555,278.4020634865274,5.944247689566725
8.938636341418922,276.4384946239238,6.061885738315046
8.93991553155729,278.3122683155293,6.21071382429511
8.941194721695659,274.76226432955997,5.899187136901311
8.942473911834027,272.0335325902822,5.764873114487795
8.943753101972394,270.6935455945073,5.656726733003067
8.945032292110763,269.3852794413664,5.568533609511616
8.946311482249131,267.39177408023755,5.519070282838168
8.947590672387499,265.72280510104434,5.231386116090587
8.948869862525866,262.435344462492,5.106190051025716
8.950149052664235,264.41738206513077,5.322349623070629
8.951428242802603,264.3281654825016,5.371694334018027
8.95270743294097,263.4898575763313,5.53564911538973
8.95398662307934,263.5832974180883,5.410283894604523
8.955265813217707,265.7168996382733,5.404885680456964
8.956545003356075,266.83160026705997,5.6012499542937775
8.957824193494444,265.7010280064174,5.842285177341429
8.959103383632812,265.05145201391105,6.0261922265966215
8.960382573771179,269.2066071179448,6.077295598341461
8.961661763909547,264.91180482202645,5.834124773044583
8.962940954047916,264.7343961754624,5.734898386199828
8.964220144186283,266.9904342962771,5.950798922134583
8.965499334324651,265.28284251933195,5.9581526157661875
8.96677852446302,265.12580840441643,5.905825484984688
8.968057714601388,255.40671336894133,5.492133175923372
8.969336904739755,253.09359928053252,5.127141720034529
8.970616094878125,257.15244838169644,5.198242211919029
8.971895285016492,256.32622232242505,5.361273692104802
8.97317447515486,256.3902394820233,5.377390722648351
8.974453665293227,256.9741086375957,5.382395570801072
8.975732855431596,256.6108298788265,5.168041407900856
8.977012045569964,257.7258313237404,5.193345050929109
8.978291235708332,260.3714338030134,5.384551840052957
8.9795704258467,264.5661913813377,5.842201840643268
8.980849615985068,266.25483298788265,6.16903425696601
8.982128806123436,277.1318901217714,6.173850112144224
8.983407996261805,291.4227189044563,5.933930050863447
8.984687186400173,313.15051082688933,6.0899621861544855
8.98596637653854,360.52604083625636,6.562843358456666
8.987245566676908,492.6167839205995,7.815433118946274
8.988524756815277,720.3543900470345,9.632449622993986
8.989803946953645,796.5270759426818,9.88154594330972
8.991083137092012,593.5431070133131,7.675979850428995
8.992362327230381,397.6875585439254,6.286678800927655
8.993641517368749,306.74452302893815,5.875070978934498
8.994920707507116,269.5708524742905,5.642471435218851
8.996199897645486,259.16142553212694,5.469776648214008
8.997479087783853,251.64399376694038,5.019328950906307
8.99875827792222,248.74756855867346,5.0907732636411875
9.000037468060588,249.8622006786113,5.405963583594616
9.001316658198958,251.30433374521684,5.628930930367671
9.002595848337325,251.26893709143815,5.674465469085825
9.003875038475693,252.76970563616072,5.589319998637831
9.005154228614062,252.46131741270727,5.597224220000089
9.00643341875243,253.13318493901465,6.011145810051155
9.007712608890797,253.07714719188456,6.120418130094317
9.008991799029165,252.19103007413904,6.108939251996297
9.010270989167534,253.24210653499682,6.034180267614424
9.011550179305901,253.29145470444038,5.865965175936379
9.012829369444269,250.34705150370695,5.8625336359021
9.014108559582638,248.43220364317602,5.758708996923435
9.015387749721006,248.24273307955994,5.542360915486133
9.016666939859373,245.7184610172194,5.3073150159323
9.017946129997743,242.89118770677217,5.298334342929528
9.01922532013611,242.80398933254943,5.285034012554108
9.020504510274478,242.14360015246334,5.380876894057815
9.021783700412845,239.86070780851404,5.305125957890438
9.023062890551214,243.45054470762915,5.197316876963655
9.024342080689582,246.04781014578683,5.313727953727355
9.02562127082795,244.70571961694833,5.502773838582328
9.026900460966319,246.49370279117505,5.742463435521743
9.028179651104686,245.7364118926379,5.91161749901496
9.029458841243054,249.32150891362403,5.941058539203981
9.030738031381423,253.32826014927454,6.0563709207143175
9.03201722151979,255.60454574896366,6.266344171700644
9.033296411658158,254.4391205456792,6.205365130372928
9.034575601796526,257.7794849629305,6.221514513737278
9.035854791934895,254.7063766790896,6.027780215036845
9.037133982073263,251.8341948840083,5.906293037451219
9.03841317221163,249.38508792799345,5.737601939257388
9.03969236235,248.71107576331315,5.630016217888767
9.040971552488367,242.6650396853077,5.405068880075057
9.042250742626734,239.35565621512276,5.306331663097085
9.043529932765104,238.63366668078365,5.2657199460593835
9.044809122903471,237.23799164441166,5.312692818467714
9.046088313041839,240.12529645647322,5.459400258318449
9.047367503180206,240.9124687350526,5.370386916842211
9.048646693318576,243.42723612882654,5.357097518609113
9.049925883456943,243.64741702955595,5.647064075954477
9.05120507359531,244.8339641337492,5.868528949224082
9.05248426373368,250.66273155990913,6.224544611992561
9.053763453872048,251.24522680165816,6.116188850765616
9.055042644010415,252.839665626993,6.025924405523937
9.056321834148784,251.69621245715084,6.055114654479341
9.057601024287152,251.74420228296395,6.240678552842061
9.05888021442552,250.4138893594547,6.3645887640422565
9.060159404563887,248.1695481903699,6.24503656534558
9.061438594702256,246.04739348742427,5.828517453915926
9.062717784840624,241.18880509357064,5.446516708056456
9.063996974978991,240.52060403629224,5.4429350182072955
9.06527616511736,236.87582895707112,5.4935026754737954
9.066555355255728,235.33689568967236,5.458471048981001
9.067834545394096,233.5723599803691,5.309087613125949
9.069113735532463,229.50924776038346,5.1109308106129525
9.070392925670832,231.14165481255978,5.110471555705135
9.0716721158092,232.8870145836655,5.382495624610351
9.072951305947567,234.95527150679607,5.519249428776306
9.074230496085937,235.57615817323023,5.617006966223015
9.075509686224304,242.47226512675383,5.891450875664194
9.076788876362672,244.72126116071428,5.994843812007697
9.078068066501041,241.6664852220185,6.225162613441756
9.079347256639409,244.96525449168925,6.151158744679535
9.080626446777776,245.1307693792849,6.178004279108572
9.081905636916144,245.6817695461974,6.256111639590428
9.083184827054513,241.75271295041455,6.199384058569281
9.08446401719288,239.2467137550821,6.081656265749686
9.085743207331248,237.5093252999442,5.913033458137675
9.087022397469617,234.7218363236408,5.595155318056352
9.088301587607985,233.99603582888233,5.400364515701773
9.089580777746352,228.83803854183276,5.460297693560659
9.090859967884722,229.30132682955994,5.642897535578347
9.09213915802309,227.6482920743981,5.4814748804308175
9.093418348161457,226.8439184694874,5.202093809281465
9.094697538299824,228.53268308055644,4.9806431659270105
9.095976728438194,226.43538338797433,5.033861963551883
9.097255918576561,231.29250506965482,5.650895396647569
9.098535108714929,233.38759379484216,6.121073358523895
9.099814298853298,234.54273114885603,6.136323232519677
9.101093488991665,239.76818536252392,5.992657402390793
9.102372679130033,238.58661791743066,5.783820315968726
9.103651869268402,242.6197441256776,6.1217084267170865
9.10493105940677,241.9929311324139,6.801708253905778
9.106210249545137,241.0233559121891,6.974284548168864
9.107489439683505,239.73775684590242,6.492724534459174
9.108768629821874,237.623990428691,5.786820337214705
9.110047819960242,235.4479644152583,5.562546441831997
9.11132701009861,234.63365765007174,5.656065616001306
9.112606200236979,232.1112720723055,5.97430140751904
9.113885390375346,225.84638136260364,5.871322337174711
9.115164580513714,227.89782932826452,5.4636608933930555
9.116443770652083,228.19031695930326,5.016414032108695
9.11772296079045,224.3852028360172,4.924339728044657
9.119002150928818,227.88790613291215,5.279687300751461
9.120281341067185,227.01415548519213,5.671321506951749
9.121560531205555,232.90757440060986,5.973022140411975
9.122839721343922,232.65548114387357,5.874683112990104
9.12411891148229,234.2060375602878,5.69259474077562
9.12539810162066,234.2641707439812,5.69913923897359
9.126677291759027,236.80924489546794,5.936147997019483
9.127956481897394,239.3248253647162,6.534487591201485
9.129235672035762,237.2791704450335,6.946828155861528
9.130514862174131,235.4233292560188,6.778101377294284
9.131794052312499,235.36063805404976,6.238500792215014
9.133073242450866,232.42970742984693,5.772033425147712
9.134352432589235,230.94149967115752,5.820989579332231
9.135631622727603,230.8308158407406,5.987294355810098
9.13691081286597,230.7951569849131,6.166504244631875
9.13819000300434,225.87097261389908,5.984795147702917
9.139469193142707,226.33950618821748,5.453367277973662
9.140748383281075,226.3764371288066,5.113095908910437
9.142027573419442,225.66069902692522,4.900220781862175
9.143306763557812,225.79345204878825,5.120018407897489
9.144585953696179,227.31713244379785,5.701514023822266
9.145865143834547,228.80189358458227,6.078343217505284
9.147144333972916,228.3083773243184,5.749558686288798
9.148423524111283,231.4499128692004,5.581821411922348
9.149702714249651,233.4612834696867,5.509272374992479
9.15098190438802,233.22711617606026,5.857482397161147
9.152261094526388,235.19918262715242,6.626206985142826
9.153540284664755,239.2041576151945,7.0051700160756365
9.154819474803123,240.13562572245695,6.6391893839552365
9.156098664941492,240.6736512476084,6.16769764002488
9.15737785507986,240.57318270936304,5.7866778739440745
9.158657045218227,237.65778459821428,5.816461353872088
9.159936235356597,234.07626654177295,6.142274375568716
9.161215425494964,234.0513645094268,6.253214796970164
9.162494615633332,229.84009411870215,5.912059171700609
9.1637738057717,227.46157307527503,5.339308857652663
9.165052995910068,223.13520719567123,5.011890787037964
9.166332186048436,222.01975078972018,5.060467450232689
9.167611376186803,222.0448994539222,5.411943503031993
9.168890566325173,220.4042953179807,5.703394937088255
9.17016975646354,227.52768567143653,5.618162727975076
9.171448946601908,227.6633173105668,5.40452191371759
9.172728136740277,233.41806092554208,5.461107822795467
9.174007326878645,234.8464174854512,5.661813492034789
9.175286517017012,239.6910415960818,6.193109311557265
9.17656570715538,238.7121918347417,6.42300666575341
9.177844897293749,240.71614572953206,6.390918930447202
9.179124087432116,243.58681939572705,6.3241782909319655
9.180403277570484,240.05887961874203,6.170000556310221
9.181682467708853,241.44612464126274,6.215148781393659
9.18296165784722,239.28281916404256,6.1349918554397505
9.184240847985588,237.0838339669364,6.169133516660522
9.185520038123958,234.91124242665816,5.955336815393853
9.186799228262325,233.9021668726084,5.6055539046473015
9.188078418400693,228.96548991300622,5.394122416986835
9.18935760853906,225.18791292151627,5.303289411362926
9.19063679867743,226.1645336540378,5.319718646119504
9.191915988815797,224.09717637665418,5.39037683065361
9.193195178954165,225.07083659269372,5.351444282624373
9.194474369092534,228.08014974788745,5.3026865629372235
9.195753559230901,229.51567825005978,5.2710870432622805
9.197032749369269,231.3481940444635,5.456656377786038
9.198311939507638,231.46201993981185,5.629054790179836
9.199591129646006,237.44954510124361,6.115399597803468
9.200870319784373,236.39136582977918,6.299921881419058
9.20214950992274,240.64316294144612,6.166447928103663
9.20342870006111,242.3001979905732,6.130513556577085
9.204707890199478,242.36159655512597,6.096979960451961
9.205987080337845,242.37959850077726,6.148457218822156
9.207266270476214,240.4008894939812,6.237607888780575
9.208545460614582,241.93714624521684,6.454785992970734
9.20982465075295,235.73936991788904,6.047444709158352
9.211103840891319,231.84842261489555,5.629078471763389
9.212383031029686,231.10038570481905,5.305660463201712
9.213662221168054,228.19581448301977,5.209159455037762
9.214941411306421,226.55783579300862,5.40152578433379
9.21622060144479,221.94483511788505,5.6662321207984645
9.217499791583158,219.76632036481584,5.656551912831467
9.218778981721526,220.9490066839724,5.3911485338287655
9.220058171859895,223.17639876385124,5.209706277304275
9.221337361998263,227.94230091328524,5.217185321991015
9.22261655213663,230.73182989626514,5.4969440972690435
9.223895742275,231.06724143514828,5.999811089156729
9.225174932413367,234.80855887276786,6.458483328230427
9.226454122551734,238.80759570063378,6.384653352836552
9.227733312690102,238.66818704410474,6.147697133702061
9.229012502828471,242.12879974988041,6.1100974061959334
9.230291692966839,242.0299807178731,6.160861966120834
9.231570883105206,237.70696242974728,6.353082071970251
9.232850073243576,237.58065515634965,6.41598109690332
9.234129263381943,235.41303704709424,6.205709277227092
9.23540845352031,234.93719544702645,5.986095237434603
9.236687643658678,227.8300323486328,5.620814651352435
9.237966833797048,227.53938760562818,5.426426482239024
9.239246023935415,228.08945698640784,5.430367323277638
9.240525214073783,226.16436238191565,5.424294253784624
9.241804404212152,228.58841534050143,5.445684737861722
9.24308359435052,226.95672669702645,5.325888732691815
9.244362784488887,225.66755551707988,5.142814116248147
9.245641974627256,225.28520296057877,5.246791291243621
9.246921164765624,225.04765101841517,5.3622673014115785
9.248200354903991,230.07893589564733,5.606703835068998
9.249479545042359,229.3565075932717,5.824510917406245
9.250758735180728,234.21017954300862,5.996398022037834
9.252037925319096,233.28855864855709,6.026098690274387
9.253317115457463,236.45708792550224,6.032290851083009
9.254596305595832,234.38071519501355,6.029562383764635
9.2558754957342,235.21606632154814,6.136117340473935
9.257154685872568,233.5804891780931,6.046537835532133
9.258433876010937,230.69084852568957,5.931359804738947
9.259713066149304,231.11502822564572,5.821691666161138
9.260992256287672,227.83490301638233,5.594928656663306
9.26227144642604,224.7670179094587,5.442371926288659
9.263550636564409,220.44910010512993,5.281371617975514
9.264829826702776,220.98842169314014,5.325189838132744
9.266109016841144,219.94070372289542,5.33482215558579
9.267388206979513,219.73869635134326,5.308170755884073
9.26866739711788,223.00773278061226,5.2559129428931035
9.269946587256248,221.83980824996013,5.115285507669809
9.271225777394617,224.61652638960857,5.2203474785996695
9.272504967532985,221.10167896504305,5.45642022403905
9.273784157671352,222.50488063267298,5.777865346573758
9.27506334780972,220.7736352414501,5.8661753387727735
9.27634253794809,222.65387180873327,6.037704306685575
9.277621728086457,222.3633584781569,5.870812180168729
9.278900918224824,224.60291554976482,5.797011050182556
9.280180108363194,227.12991301867427,5.930057076204909
9.281459298501561,223.89879748286035,6.177014362900171
9.282738488639929,227.95576757314254,6.191836121747001
9.284017678778298,223.06589648188378,5.922625014689232
9.285296868916666,222.2806486791494,5.683449272217418
9.286576059055033,219.78387202048788,5.360915895944874
9.2878552491934,218.77575372189892,5.3015797876973965
9.28913443933177,221.3936820516781,5.496801529618677
9.290413629470137,218.09101462850765,5.580558639030237
9.291692819608505,219.60183528977998,5.494538458200875
9.292972009746874,217.59977846729512,5.342930298719753
9.294251199885242,219.70284224529655,5.309355103050524
9.29553039002361,220.7904058962452,5.169255115335993
9.296809580161977,220.28619633888712,5.353910862664843
9.298088770300346,221.90301887356506,5.749138757971961
9.299367960438714,219.45708356584822,6.025543879381654
9.300647150577081,225.53002213458626,6.139079167034085
9.30192634071545,224.4098183768136,6.1228412855225
9.303205530853818,224.17187157455757,6.041484629791777
9.304484720992185,223.81137614347497,5.986554671210902
9.305763911130555,228.03001497229752,6.083151876949308
9.307043101268922,225.55407372299507,6.128327136632996
9.30832229140729,220.7248541384327,6.189797451851785
9.309601481545657,222.96889168875558,6.020393094731536
9.310880671684027,222.52390460578764,5.844290970405899
9.312159861822394,222.32554190499442,5.6149059279550375
9.313439051960762,219.35862700793209,5.320512708673577
9.314718242099131,220.3348043013592,5.146268006003294
9.315997432237499,218.58304393534758,5.19735965334595
9.317276622375866,217.56135932766662,5.269875091377031
9.318555812514235,218.35218717613998,5.341058849248489
9.319835002652603,218.28938791703206,5.514794033608307
9.32111419279097,219.62512113610092,5.583983885497792
9.322393382929338,218.54318050462373,5.424555426421707
9.323672573067707,222.62149608378508,5.54472236917749
9.324951763206075,222.29793252750318,5.612437694864959
9.326230953344442,223.5370667126714,5.911124218065364
9.327510143482812,221.71951729910714,6.169613420120484
9.32878933362118,221.96958331672514,6.4401768040384555
9.330068523759547,228.76698178661113,6.396849932947429
9.331347713897916,224.37093991649394,5.980129223452443
9.332626904036283,228.9133764772999,5.78100450048995
9.333906094174651,224.73667129205197,5.687213332464693
9.335185284313019,223.89342078384087,5.722970631247317
9.336464474451388,222.03281573860014,5.770545877999159
9.337743664589755,217.80585090481506,5.72755566322133
9.339022854728123,217.105506118463,5.507268604273299
9.340302044866492,211.76650066764986,5.145743962920148
9.34158123500486,215.61315264020647,5.109752244479883
9.342860425143227,215.32457686443718,5.126021702892837
9.344139615281597,220.56541567432637,5.212145926290968
9.345418805419964,216.8302375637755,5.411228553080202
9.346697995558332,219.62016981475207,5.623630479582615
9.347977185696699,221.74897828394052,5.88820235867712
9.349256375835068,221.28295587033642,5.905806060514557
9.350535565973436,222.9812618956274,5.934356448700215
9.351814756111803,223.65547647281568,6.054920310742794
9.353093946250173,228.64983258928572,6.309078190469124
9.35437313638854,228.35186331612724,6.050493655457833
9.355652326526908,231.21020320970186,6.292749780980844
9.356931516665275,232.16815278968033,6.584887416307983
9.358210706803645,228.85328176070232,6.5056469582395495
9.359489896942012,231.10487241161113,6.274387678826599
9.36076908708038,223.52803288673869,5.9254254155319765
9.362048277218749,221.31948696837134,5.510803112337539
9.363327467357117,220.33596926319356,5.239459130810626
9.364606657495484,219.79626807387993,5.2402322861421355
9.365885847633853,219.28321122150032,5.396542589311109
9.36716503777222,213.216304234096,5.5950463912767505
9.368444227910588,214.41152798399634,5.527740955924677
9.369723418048956,211.4114713084941,5.355293246480271
9.371002608187325,215.03900395607462,5.131124004696973
9.372281798325693,215.45769391741072,4.992484235715137
9.37356098846406,217.7181854248047,5.20223583630375
9.37484017860243,220.02171107700892,5.7539960050922065
9.376119368740797,220.57058902662627,6.2454108605315115
9.377398558879165,227.41990848463408,6.46933067876025
9.378677749017534,227.58816870864555,6.6227362565207235
9.379956939155901,229.84672172702088,6.384204027933891
9.381236129294269,230.5691808583785,6.025158967958272
9.382515319432637,232.28354348941724,6.00477401439738
9.383794509571006,232.34309760891662,6.238355400308159
9.385073699709373,227.31300011459663,6.416609170337753
9.38635288984774,231.26759930046236,6.4239423563953455
9.38763207998611,229.48492898746412,6.123917133154227
9.388911270124478,224.36640805614238,5.808641826178166
9.390190460262845,215.84063347018494,5.366819733183999
9.391469650401215,210.28091337242904,5.159110414079367
9.392748840539582,211.0394638995735,5.154311963616622
9.39402803067795,209.25077944385762,5.312663604956189
9.395307220816317,209.47294243014588,5.492333905381776
9.396586410954686,209.9161968620456,5.5939011617940935
9.397865601093054,214.1937367964764,5.654663849910586
9.399144791231421,217.81940600336816,5.734272060861367
9.40042398136979,220.94624453174825,5.865424861828552
9.401703171508158,221.28485636808435,5.968309224825699
9.402982361646526,221.65675385144291,6.153414106861496
9.404261551784895,224.44195494359855,6.457864500745735
9.405540741923263,227.75901358468192,6.7816510722611705
9.40681993206163,231.5403177689533,6.909056519448908
9.408099122199998,230.9308244354871,6.715365580297056
9.409378312338367,236.34300761320154,6.575639737660476
9.410657502476734,235.2686154112524,6.3422472270137815
9.411936692615102,228.5348071662747,5.946972077109892
9.413215882753471,221.36735410106425,5.890518969549587
9.414495072891839,215.18709766621492,5.8345061243549186
9.415774263030206,214.7232463603117,5.870875113510405
9.417053453168574,211.76230636908085,5.6773908737051135
9.418332643306943,208.6898289894571,5.378197392697556
9.41961183344531,209.40025703274475,5.204638626604159
9.420891023583678,212.76892899493782,5.153209632167146
9.422170213722048,211.70696865782446,5.161195345246591
9.423449403860415,211.5614290821309,5.459134724040514
9.424728593998783,217.0206906065649,5.960014921363966
9.426007784137152,218.5708390839246,6.22310787785128
9.42728697427552,222.38609313964844,6.20563933899073
9.428566164413887,222.76704593580595,6.0583292547215155
9.429845354552254,222.04196696378747,6.060071711405218
9.431124544690624,227.41462738659916,6.211979978775722
9.432403734828991,231.1035657610212,6.616008325566818
9.433682924967359,231.81817689233895,7.142783934792342
9.434962115105728,231.96502031598772,7.245857025735056
9.436241305244096,230.60781268684232,6.987891805199543
9.437520495382463,225.95726137745137,6.358328942199109
9.438799685520832,222.82266173070792,5.890760266900629
9.4400788756592,218.5615063102878,5.559626249628101
9.441358065797568,218.34964798907845,5.60374741831085
9.442637255935935,216.41323696837134,5.7904396513066905
9.443916446074304,215.10521215322066,5.894608347291569
9.445195636212672,209.3281751360212,5.743300550054492
9.44647482635104,208.35751498475366,5.402546060034277
9.447754016489409,211.26434077048788,5.140163064888356
9.449033206627776,212.9533264782964,5.109521554353832
9.450312396766144,216.94213026397082,5.321880377539034
9.451591586904513,219.4300686583227,5.639531239944422
9.45287077704288,217.24327461086975,6.054365773998676
9.454149967181248,219.77733191665337,6.388393426827413
9.455429157319616,223.62288774762834,6.71529575947517
9.456708347457985,227.57646366041533,6.7250937298774165
9.457987537596352,221.09623095454003,6.40278327630536
9.45926672773472,225.11076136997767,6.526586579428463
9.46054591787309,224.47160526197783,6.463251769907526
9.461825108011457,225.35148340341996,6.486343851351289
9.463104298149824,224.5587787238919,6.628062090543496
9.464383488288194,221.2021499945193,6.678472716827093
9.465662678426561,221.62308548907845,6.40095286943445
9.466941868564929,214.29093901965084,6.083104442917885
9.468221058703296,214.00366397779814,5.704445556493773
9.469500248841666,213.98315709950973,5.510934783732604
9.470779438980033,213.1323301354233,5.331532654156635
9.4720586291184,210.68559451979033,5.1504051338597545
9.47333781925677,211.27078807597258,5.217838398577373
9.474617009395137,211.19361566037549,5.5250740899054245
9.475896199533505,212.3591405128946,5.770765737897309
9.477175389671872,214.6857371427575,5.84391980762466
9.478454579810242,215.1467524937221,6.0283259885146885
9.47973376994861,217.4174714380381,6.025882677795159
9.481012960086977,214.02213801169881,5.947942768698164
9.482292150225346,217.81415168606506,6.128915167506766
9.483571340363714,220.12246174715003,6.569269305441512
9.484850530502081,220.96259416852678,7.006057567858371
9.48612972064045,222.26658786073023,7.139798149594559
9.487408910778818,220.80119946538184,7.091692924043778
9.488688100917186,220.26755912936463,6.722623917260263
9.489967291055553,217.85036764339526,6.344740863803599
9.491246481193922,219.24675392617985,6.178762542957087
9.49252567133229,221.97960865254305,5.9876991043846095
9.493804861470657,215.15853290168607,5.986792384015336
9.495084051609027,215.03999546595983,5.976421176088707
9.496363241747394,212.5155689473055,5.895218474832712
9.497642431885762,209.3759781195193,5.583523116078484
9.498921622024131,209.94270200145488,5.322939277093351
9.500200812162499,209.95117094078842,5.174712620307735
9.501480002300866,211.28443317024076,5.218145413532477
9.502759192439234,213.59330936354033,5.352425541393843
9.504038382577603,216.5877797652264,5.8309629518515145
9.50531757271597,217.92631842165576,6.107222196778239
9.506596762854338,222.32217531788106,6.459823743754263
9.507875952992707,217.58958528479752,6.219065869502214
9.509155143131075,219.7736545484893,6.218596359765206
9.510434333269442,223.90981432856347,6.289186852789872
9.511713523407812,225.32311762595663,6.43001538431926
9.51299271354618,227.19846733248963,6.794493347578444
9.514271903684547,221.55374207788583,6.8225595257514255
9.515551093822914,232.66159991828764,7.022651601853427
9.516830283961283,233.7100926613321,6.869169771166145
9.518109474099651,233.0932355608259,6.502032766673719
9.519388664238019,232.79166739327567,6.013989392873971
9.520667854376388,229.91947905871334,5.792639906055167
9.521947044514755,226.05928382095024,5.654228710905502
9.523226234653123,218.5730407092036,5.496964789437093
9.524505424791492,217.2479353924187,5.5509251017197485
9.52578461492986,214.39493669782365,5.566577283470246
9.527063805068227,214.66939217703683,5.497256488719817
9.528342995206595,212.60860022720024,5.417343149968696
9.529622185344964,214.67870782346142,5.461387220862634
9.530901375483332,217.19261543118225,5.512126207626967
9.5321805656217,218.69515617526307,5.662797608932454
9.533459755760068,221.77517139668367,5.796977069541924
9.534738945898436,223.90067182268416,6.179788621752809
9.536018136036803,227.45027129504146,6.550476766644925
9.537297326175171,232.3020925716478,6.821804182772069
9.53857651631354,235.2371922707071,6.957630774838364
9.539855706451908,234.45796110192123,6.89798178463959
9.541134896590275,235.29154501155932,6.632665506286946
9.542414086728645,231.89415289431201,6.271676636776955
9.543693276867012,232.2928121138592,6.113862365102536
9.54497246700538,236.1107162164182,6.03850070708872
9.546251657143749,232.83608821946748,6.049047542517142
9.547530847282117,228.39874174156967,6.177670469418342
9.548810037420484,222.36796382981905,6.139049165074446
9.550089227558852,227.73010347327408,6.0291979788470575
9.551368417697221,221.65822741450097,5.716866085485166
9.552647607835588,219.38884968660315,5.386708860925559
9.553926797973956,218.5982846629863,5.068132567741074
9.555205988112325,216.68768590810348,4.966150259523484
9.556485178250693,217.49493875308912,5.182328523897044
9.55776436838906,219.50167317293128,5.578873663789446
9.55904355852743,223.36921442771444,6.015495331185898
9.560322748665797,223.65175862215003,6.265784465462148
9.561601938804165,227.25990669094787,6.424565015422266
9.562881128942532,226.46563409299267,6.561155663575084
9.564160319080901,231.68653527084663,6.3436838954414965
9.565439509219269,234.74938653439892,6.222303510057234
9.566718699357637,233.4380144391741,6.279356116333901
9.567997889496006,233.37013057786592,6.48065402667419
9.569277079634373,232.55364180584343,6.633550950233742
9.57055626977274,232.31858296297034,6.687081703595919
9.57183545991111,229.8593516447106,6.5274086839031344
9.573114650049478,225.23833107461735,6.402728938905034
9.574393840187845,221.94275182607223,6.041075772155435
9.575673030326213,222.978306673011,5.725978473402778
9.576952220464582,215.3024348044882,5.580767670478023
9.57823141060295,210.44956067143653,5.342270184310092
9.579510600741317,208.74526946398677,5.246560145631258
9.580789790879686,208.68963093660315,5.3072014288091856
9.582068981018054,210.37975856236048,5.307433025328165
9.583348171156421,207.1405786008251,5.408870989743615
9.58462736129479,214.6895820461974,5.614524796011906
9.585906551433158,218.1214599609375,5.910986108103638
9.587185741571526,222.5104799854512,6.035279564415297
9.588464931709893,226.01799322634326,6.130246357660854
9.589744121848263,229.53095759177694,6.1741547270223975
9.59102331198663,230.06725887376436,6.3119864205989655
9.592302502124998,236.30658737494022,6.438705708402153
9.593581692263367,239.26213634257414,6.555940078399119
9.594860882401735,231.99255153111048,6.562916356627945
9.596140072540102,232.45829368124203,6.886405099240798
9.59741926267847,231.58495626644213,6.832916937727602
9.598698452816839,228.5358145577567,6.527541003686569
9.599977642955206,228.17467794612963,6.278600084428682
9.601256833093574,223.6806161063058,5.957605902901691
9.602536023231943,219.88655681999361,5.800088603041043
9.60381521337031,226.92473555584343,6.641103756892149
9.605094403508678,219.49181879783163,5.393592397018288
9.606373593647048,211.17739463339046,5.307271456406993
9.607652783785415,211.92178407007333,5.3997830819372
9.608931973923783,210.92613562759087,5.486924052102421
9.61021116406215,218.09637793716118,5.601416683003488
9.61149035420052,215.55856105259485,5.561242886356392
9.612769544338887,216.7857351497728,5.646495939713602
9.614048734477254,218.65810752401546,5.983509527015821
9.615327924615624,219.15182121432557,6.056010471432355
9.616607114753991,226.1570761544364,6.058442847988322
9.617886304892359,226.6316300995496,6.12708577453958
9.619165495030728,230.4689318598533,6.259709269347627
9.620444685169096,230.2058616171078,6.461874677449883
9.621723875307463,228.2561813665896,6.631169565131875
9.62300306544583,226.3559389698262,6.586620115630044
9.6242822555842,228.60886305205676,6.611114508120429
9.625561445722568,226.0435327023876,6.4693394522798435
9.626840635860935,221.10591156628666,6.3764261631027495
9.628119825999304,222.0330091203962,6.078517160216289
9.629399016137672,218.81329345703125,5.629308159475831
9.63067820627604,220.7403878971022,5.4923938268636405
9.631957396414409,220.84667999890385,5.421676052870089
9.633236586552776,214.637662303691,5.430156011039758
9.634515776691144,213.62552066725127,5.512127778815727
9.635794966829511,215.5949925013951,5.563281784550811
9.63707415696788,221.6847194749482,5.671193019327817
9.638353347106248,224.28780754245057,5.786038374394148
9.639632537244616,224.80346928810587,5.677207795959949
9.640911727382985,225.44145358338648,5.580155391897777
9.642190917521352,228.42057395467953,5.713519690344429
9.64347010765972,230.1680624825614,5.992026650414063
9.64474929779809,226.60970695651307,6.259660784112917
9.646028487936457,231.43062762824857,6.685533576460201
9.647307678074824,230.3479766845703,6.83564700225531
9.648586868213192,228.38419482172753,6.749643973775979
9.649866058351561,225.03245637854752,6.634902560365872
9.651145248489929,230.01875056052694,6.630609558301222
9.652424438628296,229.320239942901,6.569107405130576
9.653703628766666,225.31936334103955,6.154638831856548
9.654982818905033,225.7407899194834,5.983179707994057
9.6562620090434,231.16231583575814,6.121901568042129
9.657541199181768,244.60928282445792,6.173892182078158
9.658820389320137,283.9457640355947,6.423689418902394
9.660099579458505,393.72123749402107,6.948317825542381
9.661378769596872,595.7679405990912,8.157026382014237
9.662657959735242,755.6072101203763,9.384217317965811
9.66393714987361,673.8464031608737,8.713802912074295
9.665216340011977,456.7441599320392,7.114689821134692
9.666495530150346,317.84935215541293,6.2793791680929
9.667774720288714,267.4983389718192,6.077589400664775
9.669053910427081,246.9010607661033,6.0346273119741545
9.670333100565449,235.16377507423869,6.180065794873209
9.671612290703818,230.58117021833147,6.329157481597092
9.672891480842186,221.5042410091478,6.419814393024146
9.674170670980553,223.05132091288664,6.728514846907873
9.675449861118922,223.20852256307796,6.778792193189002
9.67672905125729,222.5051749093192,6.8402267939396095
9.678008241395657,225.05218879544006,6.739967860427218
9.679287431534027,224.05343191964286,6.455673770272669
9.680566621672394,224.14234114666374,6.290764785978579
9.681845811810762,223.38866564692285,6.214265193082056
9.68312500194913,220.48104484713807,6.0858786106553655
9.684404192087499,222.59323649503747,6.034625288732113
9.685683382225866,218.10127071458467,6.132408966646392
9.686962572364234,212.7011382433833,6.162024443911601
9.688241762502603,210.13111566037549,6.016513544775438
9.68952095264097,211.09299484564335,5.637302238010771
9.690800142779338,210.89798471878987,5.588111568379568
9.692079332917707,210.17634333396444,5.401691442528757
9.693358523056075,213.7141683150311,5.351894225499213
9.694637713194442,214.34917745784838,5.4513820459878675
9.69591690333281,213.2627731634646,5.598187690857426
9.69719609347118,214.45602043307557,5.963354876325361
9.698475283609547,217.15451641472018,6.413285306554464
9.699754473747914,216.62254115513392,6.667495349919774
9.701033663886284,216.65992612254863,6.905404653909872
9.702312854024651,219.48390073192363,6.874471288101941
9.703592044163019,222.6173650001993,6.659279269636305
9.704871234301388,224.33308971171476,6.556093612825531
9.706150424439755,219.63710177674585,6.364756711973105
9.707429614578123,220.75112665915975,6.374239725209223
9.70870880471649,224.10234630351164,6.569567270675979
9.70998799485486,223.01724679129464,6.511708868011607
9.711267184993227,222.72813913773518,6.448245655544526
9.712546375131595,217.08863145477918,6.416385491902279
9.713825565269964,216.21623416822783,6.157119532000377
9.715104755408332,216.4199159583267,5.8698432983085
9.7163839455467,213.46817203443877,5.650868145914159
9.717663135685067,212.00884231255978,5.475061335241999
9.718942325823436,215.14859911860253,5.525288680849475
9.720221515961804,213.93393785126355,5.707375389893476
9.721500706100171,215.36333481146366,5.729133427441295
9.72277989623854,219.00329807826452,5.9994291289957715
9.724059086376908,219.9959109559351,6.062633143072534
9.725338276515275,218.54798204071668,6.223464122443969
9.726617466653645,219.35853514379386,6.37252939316461
9.727896656792012,216.04246583276864,6.4825240181969646
9.72917584693038,221.23980183504065,6.478837819810519
9.730455037068747,225.7450851129026,6.7696408017737175
9.731734227207117,225.5428930788624,6.926597566083519
9.733013417345484,225.1759272984096,7.19995757431809
9.734292607483852,224.65926470075334,6.919018198943445
9.735571797622221,228.70512701540576,6.86271221410805
9.736850987760588,223.79367532535474,6.8319514566309785
9.738130177898956,224.68279375348772,6.739604515829867
9.739409368037325,222.63077840999682,6.64493940781545
9.740688558175693,220.36635574029415,6.452476114058399
9.74196774831406,221.52991532306282,6.323643843044673
9.743246938452428,217.23288555534518,6.116266417858915
9.744526128590797,216.13503872618384,5.846917728368587
9.745805318729165,213.28807067871094,5.602938518388608
9.747084508867532,212.2520325329839,5.443260246768937
9.748363699005901,211.11626667879065,5.417088283209082
9.749642889144269,212.2075706014828,5.458653430171519
9.750922079282637,214.7686319156569,5.640204871746082
9.752201269421006,218.17560468401228,6.03617764897092
9.753480459559373,217.05375328842476,6.442635129110704
9.754759649697741,218.06437122578524,6.742328930810343
9.756038839836108,221.02076347506775,7.116682939452331
9.757318029974478,224.81569220095264,6.959825152107813
9.758597220112845,228.16326001225684,6.934525968495188
9.759876410251213,229.73961592693718,6.709342052928138
9.761155600389582,229.8872549874442,6.555171779877071
9.76243479052795,230.29246085030692,6.643021433718831
9.763713980666317,227.2267459168726,6.7251182930392295
9.764993170804686,226.47210381955517,6.871441821614389
9.766272360943054,229.43125448421557,7.061049846947995
9.767551551081421,226.81742983448262,7.196283380269736
9.768830741219789,223.76281177754305,6.994151997425796
9.770109931358158,220.90638514927454,6.669619547068413
9.771389121496526,220.36953766491948,6.345334942336799
9.772668311634893,214.21096428073182,5.931996515049608
9.773947501773263,211.67232996103715,5.612371221726326
9.77522669191163,208.34987500249122,5.368178669700185
9.776505882049998,206.67799595424108,5.346993557157838
9.777785072188365,205.7609122140067,5.431138051858737
9.779064262326735,210.84107223822147,5.780840097815778
9.780343452465102,213.9587290238361,6.108871077466038
9.78162264260347,220.86982913893095,6.427143731310529
9.782901832741839,222.2630023567044,6.7032911925682415
9.784181022880206,222.6334228515625,6.806913734932631
9.785460213018574,228.03115595603475,6.94505470030559
9.786739403156943,226.73673139299666,7.06928575366734
9.78801859329531,231.9353640809351,7.201113859234283
9.789297783433678,235.41570795798788,7.209819862256833
9.790576973572046,235.83769693180005,7.35972608711602
9.791856163710415,234.16583905901228,7.362268389677228
9.793135353848783,233.88970137615593,7.085906837621282
9.79441454398715,232.275252050283,6.953319413804772
9.79569373412552,229.9545904665577,6.791456961440125
9.796972924263887,224.58338990503427,6.603446376074373
9.798252114402255,223.61097717285156,6.528109701336704
9.799531304540624,221.43082256706393,6.320465464546129
9.800810494678991,218.5605244539222,6.209417114774896
9.802089684817359,216.95716266242826,6.116784901506717
9.803368874955726,213.62913637745137,6.1345126333343165
9.804648065094096,215.74427141462053,5.990488454126581
9.805927255232463,212.68554126973055,5.9470073316590275
9.80720644537083,217.92200952646684,5.784440678485613
9.8084856355092,218.69131967972737,5.685275213190287
9.809764825647568,220.07477273746412,5.837691017493165
9.811044015785935,222.8378479626714,6.044649727037863
9.812323205924304,224.6609073561065,6.359695903779069
9.813602396062672,228.24780584841358,6.692386421095933
9.81488158620104,231.0239534961934,7.0546645771572845
9.816160776339407,237.2617240438656,7.4574679444627465
9.817439966477776,233.4636576127033,7.593549852038095
9.818719156616144,234.39833162268815,7.528490322267127
9.819998346754511,230.78913474569515,7.590880392248091
9.82127753689288,232.0396062111368,7.296630775242546
9.822556727031248,228.39419586804448,7.052556460593805
9.823835917169616,229.9589401556521,6.922428592000047
9.825115107307985,231.08455299844547,6.786245364008542
9.826394297446353,231.22696296536193,6.769718044032658
9.82767348758472,225.9260029695472,6.576746729234592
9.828952677723088,219.7104274204799,6.4513067786003395
9.830231867861457,217.13554724868462,6.259109249530756
9.831511057999824,211.46258389219946,6.00821261896487
9.832790248138192,213.20619232800541,5.791383173597245
9.834069438276561,217.26456934091996,5.776551016590998
9.835348628414929,219.76050956881775,5.783882834780928
9.836627818553296,217.57445510552853,5.807190254832088
9.837907008691664,220.19269764180086,6.014084319056088
9.839186198830033,221.00689417002152,6.2569902693134445
9.8404653889684,223.69873918805803,6.538779591547566
9.841744579106768,222.63443055444833,6.813787359360724
9.843023769245137,225.40997470155054,7.1553669078451785
9.844302959383505,228.47138727927694,7.421871437464477
9.845582149521872,230.6141821413624,7.408771117599733
9.846861339660242,235.93906044473454,7.363445092256118
9.84814052979861,231.379779426419,7.169779203521545
9.849419719936977,230.14838549555566,7.180223483831529
9.850403858906908,257.3970162527902,6.192035681273259
9.850698910075344,231.16194806780135,7.3276326018542575
9.851683049045276,257.1516353062221,5.615863985367494
9.851978100213714,233.79119623923788,7.310362112270844
9.852962239183645,254.46206737699964,5.665377179289164
9.853257290352081,234.75374805683992,7.264848925645645
9.854241429322013,248.5362781343006,5.742746940095323
9.854536480490449,232.7142402493224,7.358709348916436
9.85552061946038,249.3871623447963,5.244430234961252
9.855815670628818,238.29568107760682,7.265354071021379
9.85679980959875,248.2436290922619,5.298203373654506
9.857094860767186,235.8777895557637,6.9621525706926235
9.858078999737117,246.60604676746186,5.463830780536137
9.858374050905553,230.68804557955994,6.737799142577457
9.859358189875485,249.7982882545108,5.108216865363434
9.859653241043922,225.28840979751274,6.364712927337919
9.860637380013852,249.31739116850355,5.17195225275859
9.86093243118229,222.3390932667012,6.090147239670247
9.861916570152221,252.32851918538412,5.5176823637479115
9.862211621320657,222.3411102294922,5.843385761068875
9.863195760290589,255.14059084937685,5.383410833446432
9.863490811459025,220.28660147530692,5.650368124295504
9.864474950428956,253.02588689894904,5.439426335023653
9.864770001597394,220.80002609564335,5.63930325408164
9.865754140567326,255.02622876848494,5.810120242955305
9.866049191735762,222.43774507483658,5.69824428341256
9.867033330705693,260.0496539161319,5.776808739285297
9.86732838187413,225.2118953782685,5.963552447181743
9.86831252084406,257.84546806698756,5.863946010904237
9.868607572012499,223.21208969427616,6.14095965516587
9.86959171098243,258.4985449654715,6.32882253974146
9.869886762150866,224.57641196737484,6.4390565974067915
9.870870901120798,263.4335196358817,6.303341016466863
9.871165952289234,226.01925814881616,6.687516710162344
9.872150091259165,260.2897466023763,6.2389492249278025
9.872445142427603,222.86216891541773,6.785942905280691
9.873429281397533,259.70109412783665,6.473601118613647
9.87372433256597,225.90007112464127,7.012093340660614
9.874708471535902,262.5657519385928,6.396221702318995
9.875003522704338,231.1395188934949,7.217374423331809
9.87598766167427,262.5913104102725,6.19095657743266
9.876282712842706,228.1663360595703,7.361168073743392
9.877266851812637,261.82254391624815,6.386745040313229
9.877561902981075,231.39427465322066,7.483987333611014
9.878546041951006,264.0625962756929,6.223259490192087
9.878841093119442,235.0802886340083,7.505499690301901
9.879825232089374,258.27410852341427,5.925437498016102
9.88012028325781,231.3917887162189,7.412867842097366
9.881104422227741,254.33725520542689,5.899619481592667
9.88139947339618,235.31952433683435,7.4107865849702
9.882383612366109,250.87896474202475,5.706411577137843
9.882678663534547,231.7568465252312,7.182553365096435
9.883662802504478,246.86181422642298,5.440368152351699
9.883957853672914,229.06515129245057,7.009642109654992
9.884941992642846,245.09342484247117,5.384197659127368
9.885237043811284,227.07531925123564,6.712989174420362
9.886221182781213,242.98639206659226,5.589001400225008
9.886516233949651,228.77311644262198,6.521970169614466
9.887500372919583,243.38553437732514,5.135644278984078
9.887795424088019,227.4339172986089,6.326980030843216
9.88877956305795,248.41444978259858,5.093261313903576
9.889074614226386,227.4182203643176,6.214563277494168
9.890058753196318,252.08580634707496,5.193709488486583
9.890353804364755,224.38281592544243,6.066935428747273
9.891337943334687,250.7352578299386,5.285883305229352
9.891632994503123,221.07041028081153,6.0136401655262075
9.892617133473054,251.6748293922061,5.283980896934377
9.89291218464149,222.40440119529256,5.996450141168155
9.893896323611422,256.1362773350307,5.464865812407653
9.89419137477986,217.79035607162788,6.0505881500838665
9.89517551374979,255.26026880173455,5.720756759137707
9.895470564918227,219.66382832429846,6.1992563157160925
9.896454703888159,255.17071860177177,5.6860938343858205
9.896749755056595,219.55891293895488,6.150163755738582
9.897733894026526,259.5948449997675,5.85151919928009
9.898028945194962,224.28373593700175,6.172326614771219
9.899013084164894,258.8231975010463,6.204177486700845
9.899308135333332,223.9949524548589,6.239748302850755
9.900292274303263,257.9631514776321,6.081805746957097
9.9005873254717,225.3154857401945,6.348828440406013
9.90157146444163,260.00358145577565,6.117690389546137
9.901866515610067,221.9400314019651,6.359848296059573
9.902850654579998,257.37403179350355,6.46482147981359
9.903145705748436,222.9820497473892,6.468290852309002
9.904129844718367,257.2919722057524,6.202817874421011
9.904424895886804,225.86768917161592,6.6555122717063675
9.905409034856735,260.33462996709915,5.970944364031228
9.905704086025171,230.24339730398995,6.974563569092225
9.906688224995102,260.7434554327102,6.380441844354923
9.90698327616354,232.39234612912549,7.265253948752655
9.90796741513347,260.6511935279483,6.069094972023748
9.908262466301908,233.94054957798548,7.483923857655787
9.90924660527184,255.94620295933314,5.683577942456179
9.909541656440275,235.82138217225366,7.70368611835705
9.910525795410207,253.66673678443544,6.08514234027948
9.910820846578643,232.54486987055566,7.859296915950385
9.911804985548574,251.11890811011904,5.5879683815568155
9.912100036717012,230.33592006138392,7.587366317239857
9.913084175686944,248.97174508231026,5.165043863709117
9.91337922685538,229.31061662946428,7.482370065331182
9.914363365825311,246.63900357200987,5.662939711372215
9.914658416993747,228.9814543432119,7.239554588216184
9.915642555963679,249.77196321033296,5.288403682026941
9.915937607132117,225.4444595648318,6.8674594861981655
9.916921746102048,247.93112182617188,4.872655785705132
9.917216797270484,222.5145444286113,6.532832332543585
9.918200936240416,245.6661674862816,5.391225684482886
9.918495987408852,220.97047517737565,6.11993156554756
9.919480126378783,245.12933276948473,5.270524241511637
9.919775177547221,221.5964302530094,5.935238009031827
9.92075931651715,246.7865716843378,4.8293317908579185
9.921054367685588,220.45353075922753,5.746242337939347
9.92203850665552,249.57759711855934,5.499338036928344
9.922333557823956,219.35804779675541,5.729857465751093
9.923317696793887,251.0790307181222,5.619751383377381
9.923612747962324,219.68553691007654,5.851916437103648
9.924596886932255,253.7469754900251,5.148223742627935
9.924891938100693,218.47223180654098,5.8199133249524655
9.925876077070624,256.9703648885091,5.904766070626351
9.92617112823906,215.28688796685665,5.933925339477835
9.927155267208992,257.6322722662063,6.209713802444924
9.927450318377428,218.6717348682637,6.077181175748308
9.92843445734736,258.2946566627139,5.589074763926414
9.928729508515797,225.05671006806043,6.266120317110882
9.929713647485729,261.03486996605284,6.294275093858447
9.930008698654165,222.47062029157365,6.3735930556002875
9.930992837624096,260.49644615536647,6.5715081668851445
9.931287888792532,227.25212128308354,6.655616001085655
9.932272027762464,263.0637417747861,5.843691344617838
9.932567078930902,225.69311865981743,6.930156476286108
9.933551217900831,264.7475077311198,6.460043153053667
9.933846269069269,226.11630249023438,6.9463199187125735
9.9348304080392,259.11471593947635,6.5881709941088795
9.935125459207637,231.4415965177575,7.118028783310572
9.936109598177568,259.92782520112536,5.775274740343998
9.936404649346004,232.86219943299585,7.179331659702639
9.937388788315936,262.39133998325894,6.048128956951585
9.937683839484373,236.00945515535315,7.3873024576856166
9.938667978454305,259.4398073468889,6.35001655768331
9.938963029622741,234.3984209955955,7.395742470786714
9.939947168592672,255.79734765915643,5.436032368181723
9.940242219761108,235.44947908362565,7.468957691496499
9.94122635873104,256.1460215250651,5.56844980202245
9.941521409899478,231.76882778868384,7.4517164976702315
9.942505548869407,250.36895715622674,5.830994894843767
9.942800600037845,233.73290174834582,7.230246281926334
9.943784739007777,247.2562993367513,5.005060936416886
9.944079790176213,227.5420214594627,7.044282422520112
9.945063929146144,247.67086428687685,5.071858519862549
9.945358980314582,225.83858723543128,6.773018345415146
9.946343119284512,243.61091831752233,5.456008614117109
9.94663817045295,224.17228947853556,6.551155146846914
9.947622309422881,243.7409907749721,4.898365918147861
9.947917360591317,224.12100157445792,6.435834129486665
9.948901499561249,246.2980208623977,4.911351990187729
9.949196550729685,221.40488885373486,6.217577163639748
9.950180689699616,245.08921704973494,5.447093642834458
9.950475740868054,220.20689610072546,6.116248776773249
9.951459879837985,247.46256328764417,5.092353664214413
9.951754931006422,216.9824010109415,6.04360844505056
9.952739069976353,253.39065806070963,5.0774928113983036
9.953034121144789,218.3728977125518,5.96481619512401
9.95401826011472,257.79742431640625,5.853092179472122
9.954313311283158,217.31941098582988,5.904914787346973
9.955297450253088,256.70393625895184,5.537041662369549
9.955592501421526,217.72195963956872,5.940818186975517
9.956576640391457,258.9581564040411,5.4604993559031945
9.956871691559893,222.56217894262198,5.971190958555566
9.957855830529825,254.27105240594773,6.196430583733656
9.958150881698261,222.61577902034838,6.082502067454782
9.959135020668192,256.8832717168899,6.015699417196149
9.95943007183663,225.7066703329281,6.084851997260361
9.960414210806562,261.87235768636066,5.716863672097658
9.960709261974998,225.23305651606347,6.1723209031530955
9.96169340094493,259.97739664713544,6.544502717845266
9.961988452113365,230.40958762655453,6.360913352251458
9.962972591083297,260.10603913806733,6.291689580332924
9.963267642251735,232.1256209392937,6.701533529645224
9.964251781221666,261.41626812162855,5.784603167540782
9.964546832390102,231.34711067044006,6.825448644389593
9.965530971360034,256.5605864751907,6.385849642190422
9.96582602252847,236.71560170699138,7.1363378519860925
9.966810161498401,255.73641023181733,6.1624722020164615
9.967105212666839,236.22038424744898,7.28488627319519
9.968089351636769,255.83396802629744,5.460983540688963
9.968384402805206,239.75878283442285,7.560690818757722
9.969368541775138,253.0238974434989,5.978359641642987
9.970647731913505,255.17405010405042,5.87071837428553
9.971926922051873,254.19637770879837,5.0544675286987095
9.973206112190242,246.58194732666016,5.51775367434929
9.97448530232861,246.77249835786364,5.512499652236153
9.975764492466977,247.07342601957777,4.757640755799569
9.977043682605347,245.85443478538878,5.201531429056972
9.978322872743714,252.06780787876673,5.382660595232419
9.979602062882082,253.91221654982795,4.7444035281827786
9.98088125302045,251.85321190243675,5.231514999791325
9.982160443158818,255.91125161307198,5.569847345212432
9.983439633297186,256.6504607427688,4.9304652131160625
9.984718823435554,256.38065374465214,5.451443884832576
9.985998013573923,259.0833718436105,6.025552728302291
9.98727720371229,259.7585725330171,5.334989416142675
9.988556393850658,260.16041128976,5.783655184904439
9.989835583989027,263.21202668689546,6.455653097317949
9.991114774127395,261.86216953822543,5.6779992590746895
9.992393964265762,260.797972542899,5.921283043172312
9.99367315440413,264.3884339105515,6.588159129614208
9.994952344542499,263.2747268676758,5.7808839032240105
9.996231534680867,260.58814421154204,5.775553754327382
9.997510724819234,262.9634820847284,6.487247633430708
9.998789914957603,256.61722673688615,5.531964091324629
10.000069105095971,256.0459918067569,5.392476715655399
10.001348295234338,260.18833414713544,5.89976837051051
10.002627485372706,253.68372635614304,5.188126307544601
10.003906675511075,252.46366192045667,4.954953027773943
10.005185865649443,256.6008253551665,5.479753806916498
10.00646505578781,252.36103021530877,5.057313241109486
10.00774424592618,253.55621374221076,4.800502633969866
10.009023436064547,254.30195835658483,5.389338172972813
10.010302626202915,253.8611101422991,5.165493029775847
10.011581816341284,257.32025037493025,4.9165516990638025
10.012861006479651,258.64429764520554,5.537579479925163
10.014140196618019,256.35017358689083,5.577614165992166
10.015419386756387,260.6388993036179,5.252742368862097
10.016698576894756,264.7923576718285,5.838972479094735
10.017977767033123,261.1092947097052,6.032038395775429
10.019256957171491,264.1324688139416,5.637416017894068
10.02053614730986,266.9347675868443,6.1694609373687275
10.021815337448228,265.6165259225028,6.370553029493065
10.023094527586595,265.0036163330078,5.878312449868975
10.024373717724965,264.886721656436,6.012717020145071
10.025652907863332,267.2145360310872,6.268812246945779
10.0269320980017,268.09329913911364,5.750493121417925
10.028211288140067,265.53059823172435,5.6462690173646255
10.029490478278436,260.9416275024414,5.872209684030654
10.030769668416804,262.42564864385696,5.457564755089865
10.032048858555171,254.10509490966797,5.175526255159579
10.03332804869354,254.1941397530692,5.392763967903759
10.034607238831908,256.92271314348494,5.182017351468079
10.035886428970276,255.4322524297805,4.9294181999597235
10.037165619108645,256.647823878697,5.151765060353343
10.038444809247013,257.23233831496464,5.152992323873999
10.03972399938538,257.09239269438245,4.907235605408195
10.041003189523748,259.95779382614865,5.170059981170294
10.042282379662117,265.5528873261951,5.359413765692218
10.043561569800485,266.13345482235866,5.209440022224224
10.044840759938852,263.5978745960054,5.430024346680263
10.046119950077221,264.4072828746977,5.699224149030903
10.047399140215589,266.44290597098217,5.613207724338203
10.048678330353956,267.1274730137416,5.742671258859659
10.049957520492326,271.0397901989165,6.036197875547225
10.051236710630693,265.2991009666806,5.850868594649599
10.05251590076906,266.7319346836635,6.027392773342372
10.053795090907428,268.4034852527437,6.049855170414793
10.055074281045798,268.7904030936105,5.975647421691152
10.056353471184165,267.9752992902483,5.86889273318434
10.057632661322533,266.6703149704706,5.862596791085423
10.058911851460902,264.03677949451264,5.596576574218177
10.06019104159927,263.9447312127976,5.700175960725127
10.061470231737637,261.53302692231676,5.4588072271840495
10.062749421876005,263.3140131632487,5.348591624691626
10.064028612014374,263.81443968273345,5.439348924296324
10.065307802152741,259.8692372639974,5.252527715954507
10.066586992291109,260.41251990908665,5.093715750824931
10.067866182429478,262.55911836170014,5.402387822483292
10.069145372567846,263.169803801037,5.310128685856522
10.070424562706213,262.0005060831706,4.94584772362945
10.071703752844583,265.83018893287294,5.485985228870971
10.07298294298295,264.28646087646484,5.5723284567253275
10.074262133121318,268.542481195359,5.119343549966251
10.075541323259685,273.66255151657833,5.71521800230011
10.076820513398054,270.5400619506836,5.963979930126585
10.078099703536422,272.2703646705264,5.405287192628269
10.07937889367479,271.5328140258789,5.840707857958935
10.080658083813159,268.57719058082216,6.24293068097527
10.081937273951526,272.7386990501767,5.575481544706964
10.083216464089894,274.4682664417085,5.8302245449445405
10.084495654228263,269.67799232119603,6.307004999383897
10.08577484436663,273.1435376121884,5.5860664667553905
10.087054034504998,273.21197582426527,5.547554253922428
10.088333224643366,270.54882267543246,6.078414028795834
10.089612414781735,271.3691577003116,5.524006078819168
10.090891604920103,267.6566859654018,5.255923935928256
10.09217079505847,265.19063531784786,5.717443792001525
10.09344998519684,266.7954581124442,5.348271114953776
10.094729175335207,263.43538992745533,4.922593886350093
10.096008365473574,263.2268327985491,5.4756034312409705
10.097287555611944,261.44927869524275,5.387859340955045
10.098566745750311,260.92919921875,4.9033118952617585
10.099845935888679,263.5094775245303,5.305056014830335
10.101125126027046,268.4911960420154,5.584103645917311
10.102404316165416,266.21603102911087,5.173626252918983
10.103683506303783,269.1762706211635,5.4487650296762205
10.10496269644215,274.1572734287807,5.821958679998744
10.10624188658052,271.43081447056363,5.529843932529913
10.107521076718887,271.4633062453497,5.620261018248413
10.108800266857255,272.32056318010603,6.043876100040572
10.110079456995624,268.40411086309524,5.942233922312693
10.111358647133992,269.4357274373372,5.788446497634412
10.11263783727236,273.4802536737351,6.154239685644065
10.113917027410727,270.09295036679225,6.225928542083956
10.115196217549096,275.8440486363002,5.97698683544227
10.116475407687464,274.8570520310175,5.990240653406829
10.117754597825831,268.9389259701683,6.080005489054211
10.1190337879642,271.75868334089006,5.8508522688364994
10.120312978102568,267.3928691319057,5.5782628139703805
10.121592168240936,263.2619272867839,5.812506508593316
10.122871358379303,264.19809868222194,5.742751675794622
10.124150548517672,259.46990857805525,5.2734630926364705
10.12542973865604,258.52674502418154,5.374901173404472
10.126708928794407,264.9574777512323,5.576994922951797
10.127988118932777,263.532103402274,5.086041171571452
10.129267309071144,263.61912318638394,5.187613314942374
10.130546499209512,266.92652275448756,5.550448099408309
10.131825689347881,261.9238132295154,5.223690297693502
10.133104879486249,265.70951080322266,5.22377834153132
10.134384069624616,270.8739340645926,5.82266570171513
10.135663259762984,268.18829963320775,5.562128986368891
10.136942449901353,270.4450970604306,5.423113829080043
10.13822164003972,272.0903676350911,5.9453840310911765
10.139500830178088,269.7067565917969,5.806451130007043
10.140780020316457,272.945431300572,5.695382755194032
10.142059210454825,276.7914385114397,6.053711729779601
10.143338400593192,270.8746635800316,6.137063140234025
10.144617590731562,273.19601077125185,5.848145775570183
10.14589678086993,270.9376667567662,5.903420731275016
10.147175971008297,266.58611842564176,6.0187265152847855
10.148455161146664,268.0724174862816,5.873349877144093
10.149734351285034,267.0721010480608,5.666031831171004
10.151013541423401,264.00330970400853,5.580524242458838
10.152292731561769,265.9028552827381,5.570033928577585
10.153571921700138,263.06651269821896,5.358704803020024
10.154851111838505,262.8760928199405,5.300215783385542
10.156130301976873,264.45696621849424,5.457594462262214
10.157409492115242,261.50001126243956,5.32261036165345
10.15868868225361,259.022710164388,5.238324961728606
10.159967872391977,262.8937250773112,5.4316815841049095
10.161247062530345,264.4643031529018,5.4096793514870685
10.162526252668714,266.80616287958054,5.320168250867783
10.163805442807082,264.9893315633138,5.536004553952104
10.16508463294545,261.24664015997024,5.711280083630757
10.166363823083818,265.9702664329892,5.625350284497152
10.167643013222186,268.0831607636951,5.77636238308418
10.168922203360554,265.15028490339006,6.0545972025935875
10.170201393498923,267.03338005429225,6.001868680749053
10.17148058363729,269.0740011306036,5.9271127794872625
10.172759773775658,269.8901207333519,6.34077054981827
10.174038963914025,272.8082268124535,6.297976421812189
10.175318154052395,270.5821017310733,6.0873493656284525
10.176597344190762,272.69004422142393,6.276948080598221
10.17787653432913,269.5134557088216,6.138612494322796
10.179155724467499,266.8797127859933,5.797901300119256
10.180434914605867,267.47900644938153,5.8744257879129735
10.181714104744234,267.0252256847563,5.867336725493443
10.182993294882602,266.1119224911644,5.534929843434475
10.184272485020971,264.7452828543527,5.526098110644379
10.185551675159338,266.58184015183224,5.636840206396566
10.186830865297706,262.4270317440941,5.308632176169454
10.188110055436075,261.49058024088544,5.378524536856919
10.189389245574443,260.5327526274182,5.435305994611809
10.19066843571281,262.3626273018973,5.192666378277906
10.19194762585118,270.43771216982884,5.443702292490379
10.193226815989547,265.72534942626953,5.533663607222477
10.194506006127915,263.5146913074312,5.352001790994703
10.195785196266282,267.5911556425549,5.623238198167804
10.197064386404652,267.1908714657738,5.824641299907704
10.198343576543019,267.61416407993863,5.636850499395466
10.199622766681387,272.83048938569567,5.918815694017548
10.200901956819756,263.333007085891,6.060641568073218
10.202181146958123,265.5832054501488,6.003073675035018
10.203460337096491,269.2120023454939,6.036444636355967
10.20473952723486,269.0121507190523,6.328455004152695
10.206018717373228,271.29964447021484,6.121763040966222
10.207297907511595,270.7682818458194,5.990567500637915
10.208577097649963,267.5568284534273,6.26283710732694
10.209856287788332,269.7914940970285,6.122427803732208
10.2111354779267,271.6571771530878,5.6809815689421095
10.212414668065067,269.58432224818637,5.826296934260964
10.213693858203436,267.3477336338588,5.73081571413638
10.214973048341804,266.76099468412855,5.306083837093303
10.216252238480171,266.86674136207216,5.417150029391611
10.21753142861854,268.76085481189546,5.8018928453505865
10.218810618756908,262.5203141712007,5.204237518219699
10.220089808895276,262.5414795648484,5.186875321039518
10.221368999033643,266.59070005871,5.551885028647587
10.222648189172013,261.8165094284784,5.355534859818516
10.22392737931038,264.7131914411272,5.223035813118268
10.225206569448748,271.32259659540085,5.672807386416074
10.226485759587117,268.0132776896159,5.7495650628387285
10.227764949725485,272.28089505150206,5.610884295868457
10.229044139863852,276.0684189569382,5.989623146764834
10.230323330002221,269.6112314860026,6.204719792795094
10.231602520140589,272.4354760306222,6.0365175276139915
10.232881710278956,274.59352620442706,6.0742207464022675
10.234160900417324,271.20675114222934,6.474669536708263
10.235440090555693,279.7290725708008,6.401958808886126
10.23671928069406,279.92674146379744,6.266253544091431
10.237998470832428,276.9556568690709,6.532372071498758
10.239277660970798,280.8538491385324,6.668308498552273
10.240556851109165,274.628041948591,6.12058086265685
10.241836041247533,272.3817905244373,6.054608180632546
10.2431152313859,277.51800246465774,6.207085797252789
10.24439442152427,272.42030080159503,5.739795096619749
10.245673611662637,273.06129564557756,5.512572787984409
10.246952801801005,273.3771682012649,5.688276279169834
10.248231991939374,265.7772681826637,5.466874144491042
10.249511182077741,269.03883398146854,5.207254654840176
10.250790372216109,269.89503224690753,5.443896018931768
10.252069562354478,263.6714608328683,5.552260416870866
10.253348752492846,266.87806193033856,5.18858844244325
10.254627942631213,271.29334041050504,5.321007559844935
10.25590713276958,271.5960940406436,5.745881456969464
10.25718632290795,281.9716371808733,5.550512010537506
10.258465513046318,280.79378291538785,5.460255967303507
10.259744703184685,270.67358144124347,5.9926671955618325
10.261023893323054,278.8385645548503,6.055611733292764
10.262303083461422,277.21828206380206,5.649370881787873
10.26358227359979,275.7058741251628,6.392430243669247
10.264861463738159,284.1954095023019,6.572860752002619
10.266140653876526,279.9130339849563,5.867115563915409
10.267419844014894,277.95530192057294,6.334655165263194
10.268699034153261,284.44205293201264,6.6922412590768126
10.26997822429163,281.2936757405599,5.9143770916478795
10.271257414429998,278.7642604282924,5.86736922096898
10.272536604568366,280.1642819359189,6.369044766140623
10.273815794706735,276.4718584333147,5.756850367427609
10.275094984845103,278.80696469261534,5.391421867310609
10.27637417498347,274.6967653547014,5.972679455793118
10.27765336512184,271.3519436064221,5.72287392679107
10.278932555260207,274.27411106654574,4.994388889652154
10.280211745398574,271.09243738083615,5.422462757496075
10.281490935536942,263.7572250366211,5.586014844337984
10.282770125675311,268.89502679734005,4.968868985672613
10.284049315813679,269.68967982700894,5.073989302859332
10.285328505952046,267.61766924176897,5.705030935239228
10.286607696090416,274.9695329212007,5.4460069380687965
10.287886886228783,275.5136006673177,5.153421219190983
10.28916607636715,275.9751430693127,5.993666217834002
10.29044526650552,280.07381838843935,6.104483906851447
10.291724456643887,278.05853380475725,5.431572021445872
10.293003646782255,281.28497205461775,5.992347220295615
10.294282836920623,280.31075177873885,6.666851686056851
10.295562027058992,279.48900531587145,5.94947350497051
10.29684121719736,284.38412184942337,5.8852515497622795
10.298120407335727,285.20538947695775,6.8154284385940285
10.299399597474096,280.16858745756605,6.458771731659984
10.300678787612464,279.7772485642206,5.674390034710864
10.301957977750831,278.3788081577846,6.513076465702564
10.303237167889199,276.95806921096073,6.639491235500511
10.304516358027568,281.87762269519624,5.5595197548579955
10.305795548165936,282.3216843377976,5.725136077138323
10.307074738304303,276.9073046729678,6.317336267229054
10.308353928442672,278.6175032116118,5.52118429501754
10.30963311858104,275.33035641624815,5.053928987138829
10.310912308719407,271.9614915393648,5.738189332934387
10.312191498857777,278.2423807779948,5.6235181611366984
10.313470688996144,272.580081031436,4.796261171369877
10.314749879134512,271.88214692615327,5.250599108145359
10.31602906927288,279.3308563232422,5.850902450647583
10.317308259411249,275.42306736537387,5.150847560513055
10.318587449549616,278.69705163864865,5.065379962304241
10.319866639687984,283.24821508498417,5.9967623223713735
10.321145829826353,282.9592266991025,5.80849541690056
10.32242501996472,283.2428461710612,5.222158517411045
10.323704210103088,284.93633960542223,6.17144638011534
10.324983400241457,280.30442410423643,6.5328586787133345
10.326262590379825,287.8602778116862,5.717651994608781
10.327541780518192,288.98223876953125,6.114168974064384
10.32882097065656,289.59705643426804,6.921019211504104
10.33010016079493,294.7272186279297,6.36480903638878
10.331379350933297,293.03826867966427,5.940943581295393
10.332658541071664,290.820307413737,6.7268451310560415
10.333937731210034,295.4276333763486,6.571455897448074
10.335216921348401,288.51510729108537,5.675097029913996
10.336496111486769,286.4913867768787,6.025222211295129
10.337775301625138,288.3012157621838,6.367758707675658
10.339054491763505,284.8875943138486,5.588302766191239
10.340333681901873,283.3916193644206,5.423086677038103
10.34161287204024,287.50892384847003,5.870740482038767
10.34289206217861,286.2324999854678,5.558293196625217
10.344171252316977,284.7208898635138,5.210856464429666
10.345450442455345,286.5878735496884,5.441484930232846
10.346729632593714,285.00816490536647,5.33144057671672
10.348008822732082,284.4738958449591,5.095744964064279
10.34928801287045,285.9137536911737,5.274936685901556
10.350567203008818,283.62588973272415,5.44315572688985
10.351846393147186,285.4650442940848,5.366032065173614
10.353125583285554,284.5412357875279,5.502935568138296
10.354404773423921,286.5837827410017,5.852181445210067
10.35568396356229,289.0084973289853,5.784727755024666
10.356963153700658,291.49435642787387,5.944084948934476
10.358242343839025,292.0571975708008,6.361994945647706
10.359521533977395,292.8622788928804,6.327554586917424
10.360800724115762,294.45814514160156,6.350511716478255
10.36207991425413,292.7971674601237,6.589801614292068
10.363359104392497,295.00084904261996,6.331355723471928
10.364638294530867,297.4333256312779,6.385285141815097
10.365917484669234,295.38465881347656,6.472169242941586
10.367196674807602,297.31384531656903,6.2743374528016655
10.368475864945971,295.3605201357887,6.086044329442028
10.369755055084338,293.6806146530878,6.0009049136837875
10.371034245222706,293.3487250918434,5.980497785907913
10.372313435361075,293.0467965262277,5.76919096048272
10.373592625499443,294.3053966703869,5.5758404819417295
10.37487181563781,295.66944921584354,5.6449668685188605
10.376151005776178,293.107169741676,5.806895039803504
10.377430195914547,292.9304260980515,5.418734527801002
10.378709386052915,293.37813386462983,5.611145735732076
10.379988576191282,294.20841398693267,5.860175315429931
10.381267766329652,295.99916476295107,5.60267639291714
10.382546956468019,293.35079810732884,5.574588183881678
10.383826146606387,295.75248136974517,6.064515448199073
10.385105336744756,297.30683172316776,6.072711355231427
10.386384526883123,295.330560593378,5.9280534684020525
10.387663717021491,293.0470686412993,6.044470489858989
10.388942907159858,295.5174851190476,6.4598173790417555
10.390222097298228,296.5796864827474,6.324557106627754
10.391501287436595,297.3079325358073,6.0417191926635345
10.392780477574963,302.07918366931733,6.601817769069064
10.394059667713332,301.38518596830824,6.651845197666408
10.3953388578517,301.767097836449,6.116753098940844
10.396618047990067,304.35099211193267,6.422666696370742
10.397897238128436,301.166753133138,6.766293137256955
10.399176428266804,297.8879830496652,6.112929829125891
10.400455618405172,298.9241427466983,5.910399246258616
10.401734808543539,300.5563539777483,6.261477192114463
10.403013998681908,300.2639421735491,5.959681571627618
10.404293188820276,295.46087573823473,5.40732106894279
10.405572378958643,291.3429859706334,5.590913342898055
10.406851569097013,295.6203823997861,5.907060578240242
10.40813075923538,293.65580022902714,5.290872625601469
10.409409949373748,294.8239985874721,5.178291142602528
10.410689139512117,295.0763368152437,5.611264539741461
10.411968329650485,295.24251774379184,5.475482690533273
10.413247519788852,297.0707324800037,5.093192524892623
10.41452670992722,299.1109375726609,5.596311605260614
10.415805900065589,301.709845769973,5.781915747056635
10.417085090203956,302.66419183640255,5.421798285959095
10.418364280342324,303.7210355486189,5.6442884099417165
10.419643470480693,302.70653025309247,6.002882246536622
10.42092266061906,306.38406154087613,5.931551274810283
10.422201850757428,306.1772751581101,5.973532251052052
10.423481040895796,308.1810840425037,6.29379829932892
10.424760231034165,310.39844912574404,6.411559840479675
10.426039421172533,310.94723147437685,6.216822921421753
10.4273186113109,309.25558326357884,6.224767400321627
10.42859780144927,309.54260108584447,6.434964110727126
10.429876991587637,312.1369890485491,6.393250923142306
10.431156181726005,313.435059320359,6.144586773309349
10.432435371864374,309.9379170735677,6.137994384456162
10.433714562002741,307.0582457042876,5.979590273252515
10.434993752141109,308.6522754487537,5.826497287058001
10.436272942279476,307.54589698428197,5.7759467076944135
10.437552132417846,307.43206896100725,5.594271356418277
10.438831322556213,307.25435602097286,5.438807613863567
10.44011051269458,308.6795436314174,5.537249283468518
10.44138970283295,310.0762677873884,5.362234096398342
10.442668892971318,315.36372629801434,5.330729930218342
10.443948083109685,307.4777337937128,5.41876505991856
10.445227273248054,308.2894552321661,5.484427533760981
10.446506463386422,308.5738547188895,5.42702540143398
10.44778565352479,310.41033426920575,5.519083012179239
10.449064843663157,312.44808088030135,5.669170503039625
10.450344033801526,311.9964857555571,5.654254387973921
10.451623223939894,310.84467352004276,5.723220930301473
10.452902414078261,313.4492234729585,6.00721399738051
10.45418160421663,318.7130813598633,6.144708413545251
10.455460794354998,320.8468991234189,6.060182114819451
10.456739984493366,317.15254356747585,6.213621007812074
10.458019174631735,317.98099517822266,6.243491890001169
10.459298364770103,319.1995355515253,6.132237534482
10.46057755490847,319.33338564918154,6.229295272065878
10.461856745046838,320.1268397739955,6.2504213318519835
10.463135935185207,319.76195162818544,6.105053068652607
10.464415125323574,319.2527749197824,6.1257415124214685
10.465694315461942,317.96886771065846,6.085201110892064
10.466973505600311,314.16563415527344,5.819166136890405
10.468252695738679,311.8364305042085,5.766371563094798
10.469531885877046,316.33269573393324,5.871433899934698
10.470811076015416,312.4890372866676,5.676949258918633
10.472090266153783,311.4065497262137,5.502042789865225
10.47336945629215,316.22283753894624,5.620160751342242
10.474648646430518,315.0182796659924,5.663785402515096
10.475927836568887,315.24451918829055,5.454815314490323
10.477207026707255,316.9052160353888,5.59048583684397
10.478486216845623,318.06596810477123,5.866124709868336
10.479765406983992,318.97765386672245,5.668745877742368
10.48104459712236,320.6433330717541,5.633213204452384
10.482323787260727,324.77356392996654,5.9306671837926395
10.483602977399094,327.6251969110398,6.054003219122083
10.484882167537464,324.34651620047435,5.97919906832958
10.486161357675831,331.224612281436,6.233884745005466
10.487440547814199,335.90152268182663,6.491288276360538
10.488719737952568,340.5386468796503,6.479612011224964
10.489998928090936,344.3126714797247,6.460510014197215
10.491278118229303,346.5941808791388,6.601901980110525
10.492557308367672,347.494385492234,6.5490551970857815
10.49383649850604,350.4526941208612,6.494411520512762
10.495115688644407,359.0255671909877,6.505997843327625
10.496394878782775,373.15045093354723,6.443817189908692
10.497674068921144,397.5108867826916,6.57221837826169
10.498953259059512,430.66051301502046,6.712241398624271
10.50023244919788,483.78384544735866,6.769848493537841
10.501511639336249,529.7048688616071,7.073010644752102
10.502790829474616,538.2267579578217,7.285289498964295
10.504070019612984,528.8202100481305,6.888149157711002
10.505349209751353,532.5577508835565,6.728284485129738
10.50662839988972,548.2464243570963,7.122508407260401
10.507907590028088,544.9669182187035,7.069919421202768
10.509186780166456,506.4960196358817,6.738509842882054
10.510465970304825,445.90213303338913,6.424802468562246
10.511745160443192,398.18558683849517,6.360992905539442
10.51302435058156,368.4158419654483,6.101402309735649
10.51430354071993,358.20060584658665,6.102277065617127
10.515582730858297,350.45014227004276,6.592555100064052
10.516861920996664,345.6928035191127,6.290993732920217
10.518141111135034,347.48178027925036,6.173502563849446
10.519420301273401,349.2868441627139,6.474584443348567
10.520699491411769,346.60330490838913,6.689702762056631
10.521978681550136,349.84979175385973,6.473820226450563
10.523257871688505,346.24335298084077,6.401853933880265
10.524537061826873,345.41822596958707,6.635550042874452
10.52581625196524,347.5064878917876,6.537600002343978
10.52709544210361,350.7937527611142,6.295285354170148
10.528374632241977,349.90963163829986,6.505484661017783
10.529653822380345,346.0117885044643,6.4074018129145385
10.530933012518712,346.2436959402902,6.102698968353471
10.532212202657082,349.8977697463263,5.8890417979106715
10.53349139279545,349.3320050920759,6.1035087111088435
10.534770582933817,349.3249700637091,5.904091335222215
10.536049773072186,349.48479643322173,5.599594564013626
10.537328963210554,349.2269810267857,5.89422091808491
10.538608153348921,345.9805225190662,5.912158203008246
10.53988734348729,350.6092449369885,5.562461663511569
10.541166533625658,352.0812465122768,5.583025227586485
10.542445723764025,352.7058483305432,6.109037402682598
10.543724913902393,354.23238336472286,6.031187419083048
10.545004104040762,353.91915239606584,5.685389774767946
10.54628329417913,359.65819658551897,6.079498471418316
10.547562484317497,366.2586132231213,6.516834475673317
10.548841674455867,363.0909431094215,6.134652756324808
10.550120864594234,360.99949428013394,6.062976605166167
10.551400054732602,360.93147641136534,6.68061977039329
10.552679244870971,361.0873398553757,6.729334274262763
10.553958435009339,364.45833478655135,6.210531533349537
10.555237625147706,367.8120640345982,6.425489539081503
10.556516815286074,369.6446206229074,6.957950377537747
10.557796005424443,366.4019557407924,6.547261758477079
10.55907519556281,366.97480047316776,6.121801677266518
10.560354385701178,368.41446213495163,6.5088228634207175
10.561633575839547,366.1847163609096,6.737224458661286
10.562912765977915,365.5692574637277,6.117864588991904
10.564191956116282,365.43656558082216,5.930183647459592
10.565471146254652,366.31489635649183,6.450092344636363
10.566750336393019,362.1611851283482,6.234999520196522
10.568029526531387,366.51597377232144,5.694530017902764
10.569308716669754,371.12173607235866,5.803505127002671
10.570587906808123,370.76419939313615,6.231739635934098
10.571867096946491,372.1468229747954,6.052019066621217
10.573146287084858,371.9775063650949,5.590683628987829
10.574425477223228,370.08361961728053,5.883058390780595
10.575704667361595,372.1000794910249,6.455796249420896
10.576983857499963,372.755621047247,6.157645640876737
10.578263047638332,376.96209208170575,5.813409050034833
10.5795422377767,379.88392130533856,6.457006793956056
10.580821427915067,386.8265162876674,6.9807400397182295
10.582100618053435,384.7013586135138,6.38003318521962
10.583379808191804,385.43028477260043,6.147946147910465
10.584658998330172,383.39684041341144,7.03834047965007
10.585938188468539,384.48589579264325,7.19512685405031
10.587217378606908,390.8653724307106,6.304874710816236
10.588496568745276,390.7522466750372,6.506042896106535
10.589775758883643,388.8174772716704,7.568338561958266
10.591054949022011,387.966307867141,6.897534875000833
10.59233413916038,389.0192653111049,6.022480050184975
10.593613329298748,391.5943596249535,6.8347847942330535
10.594892519437115,390.0812559581938,7.247214207415725
10.596171709575485,386.3507239932106,6.191011026626565
10.597450899713852,385.61832464308964,5.75521769444362
10.59873008985222,385.725338890439,6.669280046027942
10.600009279990589,381.119381859189,6.626967976741612
10.601288470128956,382.95301528204055,5.58753002852486
10.602567660267324,381.65705144973026,5.769882659227849
10.603846850405692,381.7877902076358,6.655651782482964
10.60512604054406,379.9208984375,6.155640386534676
10.606405230682428,382.82193792433964,5.610451751998694
10.607684420820796,384.85909670875185,6.3808882864298155
10.608963610959165,384.5286610921224,6.819121130939329
10.610242801097533,385.22730945405505,6.225270390272615
10.6115219912359,384.212393624442,6.104508650287699
10.61280118137427,381.8229435511998,6.876961773739665
10.614080371512637,382.90315900530135,6.972034098381121
10.615359561651005,384.61759876069567,6.408072796025976
10.616638751789372,384.0686761765253,6.6512151954317575
10.617917941927741,383.6402079264323,7.395235161059118
10.619197132066109,382.5823887416295,7.1391717335752425
10.620476322204476,379.72156996954055,6.669767688521484
10.621755512342846,381.4801999046689,7.0576148352534664
10.623034702481213,378.46878996349517,7.367657538402702
10.62431389261958,378.4530755905878,6.912091426494709
10.62559308275795,379.54121471586683,6.6375105050875165
10.626872272896318,375.76868402390255,6.917606863363805
10.628151463034685,377.8245420910063,6.935416464401996
10.629430653173053,374.723147437686,6.472632023853869
10.630709843311422,369.9175771077474,6.293196311645812
10.63198903344979,369.88396708170575,6.42310104996473
10.633268223588157,370.1258254278274,6.4118807534600935
10.634547413726526,371.12967064267116,6.1041889958617634
10.635826603864894,371.4059818812779,6.222928549119616
10.637105794003261,362.1989964076451,6.362365944767155
10.63838498414163,363.3941345214844,6.198996477810772
10.639664174279998,365.8489285423642,6.046799994110965
10.640943364418366,363.071291242327,6.438314577203296
10.642222554556733,364.75299072265625,6.696332855079038
10.643501744695103,363.5913594563802,6.389149703059052
10.64478093483347,365.72520228794644,6.439907019095489
10.646060124971838,365.0516517275856,6.99377891375144
10.647339315110207,368.3840564546131,7.120214515110926
10.648618505248574,369.0011683872768,6.767793411578331
10.649897695386942,371.1769292922247,7.096528742706358
10.65117688552531,366.2606470017206,7.5696658833858335
10.652456075663679,366.82579258510043,7.24637161859525
10.653735265802046,366.91612025669644,6.985918596768168
10.655014455940414,364.19857206798736,7.468755389478493
10.656293646078783,366.2516494024368,7.60068299521264
10.65757283621715,366.62505885532926,6.966711802502481
10.658852026355518,363.59466334751676,6.825777584832787
10.660131216493888,364.7328374953497,7.122454057596393
10.661410406632255,362.6041746593657,6.903755598476527
10.662689596770623,358.9025682721819,6.330233246245638
10.66396878690899,359.53251284644716,6.383600572003695
10.66524797704736,355.99088323683964,6.671301054238557
10.666527167185727,359.2396618071057,6.305507272667782
10.667806357324094,358.84109933035717,5.881420600477324
10.669085547462464,354.13066827683224,6.181406615035563
10.670364737600831,355.44183422270277,6.390423438802893
10.671643927739199,357.1590518043155,5.8778922623176735
10.672923117877568,359.807373773484,5.791026757703876
10.674202308015936,360.20370338076634,6.516700276105906
10.675481498154303,361.42876979282926,6.600480010433293
10.67676068829267,368.71150570824034,6.15691018112031
10.67803987843104,375.021961757115,6.502111003308021
10.679319068569407,379.8527541387649,7.261642191661513
10.680598258707775,383.5698082333519,7.146404565155479
10.681877448846144,378.9034896123977,6.682239197716387
10.683156638984512,376.7451469784691,7.270699765904902
10.68443582912288,376.90084257579986,7.831910539327275
10.685715019261249,375.82533482142856,7.296044189351128
10.686994209399616,377.5259522937593,7.041434709971993
10.688273399537984,378.478515625,7.637322957025498
10.689552589676351,379.61656770252046,7.7434845123018015
10.69083177981472,377.45953877766925,7.096402656356609
10.692110969953088,377.5858321416946,7.064655191599859
10.693390160091456,379.6226377941313,7.395003637958066
10.694669350229825,381.4343094598679,7.166624522881418
10.695948540368192,376.7241399855841,6.6189893332687975
10.69722773050656,377.4981580461775,6.706028877368134
10.69850692064493,377.48434375581286,6.778068221693445
10.699786110783297,375.83878435407365,6.48542670077958
10.701065300921664,376.36520313081286,6.125480802357792
10.702344491060032,374.6249709356399,6.391311484596906
10.703623681198401,375.41776893252415,6.4342189880121
10.704902871336769,378.1814647856213,6.232931558905436
10.706182061475136,378.86653863816036,6.187911597387185
10.707461251613505,376.29234095982144,6.4015924735068905
10.708740441751873,379.7515789213635,6.653120889880702
10.71001963189024,380.5614238920666,6.439883261035661
10.711298822028608,385.0345727829706,6.530042359135839
10.712578012166977,387.93749055408296,6.979610497279233
10.713857202305345,385.772957938058,7.194696743708776
10.715136392443712,386.5604575020926,6.991203531795096
10.716415582582082,392.1031029110863,7.214369114862211
10.71769477272045,395.80731273832777,7.671650990148601
10.718973962858817,394.75909133184524,7.7277739959441565
10.720253152997186,397.9812222435361,7.37724787083693
10.721532343135554,398.8775155203683,7.584513454506697
10.722811533273921,394.71782865978423,7.8833137557564505
10.724090723412289,393.6076282319568,7.667890243790422
10.725369913550658,400.73277428036647,7.312763189238691
10.726649103689025,400.7750433058966,7.563138541734287
10.727928293827393,401.4157337007068,7.461339327440236
10.729207483965762,401.0140896751767,7.114763039139716
10.73048667410413,398.9218205043248,6.744307519924122
10.731765864242497,400.1503252301897,6.915037927534672
10.733045054380867,396.2200179327102,6.839973680427134
10.734324244519234,398.0468263171968,6.495147788166724
10.735603434657602,395.90672665550596,6.322189437470377
10.73688262479597,394.12375095912387,6.481502050432882
10.738161814934339,393.721932547433,6.467679357738346
10.739441005072706,391.32722545805433,6.192324399650439
10.740720195211074,391.7917269752139,6.36083257268638
10.741999385349443,392.85427638462613,6.668229004470117
10.74327857548781,393.67255437941776,6.689443404060261
10.744557765626178,397.5231686546689,6.494786998909891
10.745836955764547,401.6559310186477,6.897245968634684
10.747116145902915,399.73709687732514,7.303981949479747
10.748395336041282,396.84474400111606,7.0409828152304135
10.74967452617965,397.86197044735866,7.136882097698595
10.750953716318019,399.2186242966425,7.555554362732147
10.752232906456387,400.97205970400853,7.760573419528023
10.753512096594754,400.3701695033482,7.540767303065094
10.754791286733123,401.9155782063802,7.5771071744763026
10.756070476871491,399.53541419619603,7.953520912865418
10.757349667009859,392.169916788737,7.786903942911654
10.758628857148228,394.1580774216425,7.440224212690026
10.759908047286595,394.45561654227123,7.505228590080636
10.761187237424963,392.00728425525483,7.724789041359624
10.76246642756333,392.59591892787387,7.295221764054689
10.7637456177017,385.68024262927827,7.008181927681173
10.765024807840067,390.2652348109654,6.951583114683517
10.766303997978435,389.63425699869794,6.9424030975251
10.767583188116804,386.4559580485026,6.622156640247768
10.768862378255172,381.34095764160156,6.3847378697337085
10.770141568393539,377.3471919468471,6.532662450681654
10.771420758531907,378.52588907877606,6.413063250835018
10.772699948670276,379.9732404436384,6.27507317638254
10.773979138808643,379.1650230771019,6.375233880924433
10.775258328947011,373.67691839308964,6.551057887238333
10.77653751908538,372.8915332612537,6.5356988685676685
10.777816709223748,375.72774178641185,6.596236739847654
10.779095899362115,377.5157042003813,6.754818839462256
10.780375089500485,378.5727844238281,6.87753174878028
10.781654279638852,381.902091616676,7.03417442928413
10.78293346977722,378.8855903262184,7.121927825539698
10.784212659915587,379.038576398577,7.1707786546071235
10.785491850053956,380.0333201090495,7.330181594456612
10.786771040192324,381.1225832984561,7.498432907304695
10.788050230330692,379.23803347633,7.589516736921377
10.78932942046906,382.2200549897693,7.6174581926532206
10.790608610607428,381.86340767996654,7.603339779127259
10.791887800745796,382.42864699590774,7.668121796299199
10.793166990884165,382.1702888125465,7.5007558458093495
10.794446181022533,382.85838608514695,7.185674883966644
10.7957253711609,375.5223381405785,7.129234422428827
10.797004561299268,374.8015609014602,7.140135699777262
10.798283751437637,376.3508119128999,6.951811091019867
10.799562941576005,376.89908490862166,6.640071967602387
10.800842131714372,371.32832699730284,6.490467662738064
10.802121321852741,373.41532825288317,6.602987289555267
10.803400511991109,372.67137291317897,6.475022606145332
10.804679702129476,368.98203531901044,6.116446268730427
10.805958892267846,367.72514197939915,6.16400723500865
10.807238082406213,369.67737760997954,6.445253287448199
10.80851727254458,368.5050731840588,6.4071771971335805
10.809796462682948,369.37401689801897,6.162096658426902
10.811075652821318,370.15458606538317,6.3151087152796705
10.812354842959685,371.63152567545575,6.607088287319998
10.813634033098053,367.26931544712613,6.6765347287419505
10.814913223236422,368.80208405994233,6.597758891642015
10.81619241337479,370.2185523623512,6.7591620685853036
10.817471603513157,370.5493897937593,7.156362416069489
10.818750793651526,373.11841764904204,7.319125216762581
10.820029983789894,373.05966041201634,7.168676756644067
10.821309173928261,375.53191048758373,7.302164654257802
10.822588364066629,377.80304173060824,7.6534934443337335
10.823867554204998,376.715334937686,7.75853468838476
10.825146744343366,378.95135498046875,7.531641232153398
10.826425934481733,377.90282258533296,7.3142921257859035
10.827705124620103,373.715815226237,7.43290152643131
10.82898431475847,376.9792945498512,7.679735122243438
10.830263504896838,376.14884294782365,7.145909414474519
10.831542695035205,372.8397652762277,6.744659828470139
10.832821885173574,373.5169437953404,6.866601713783201
10.834101075311942,376.3971543085007,7.179265571625694
10.83538026545031,372.8112611316499,6.7175449686202615
10.836659455588679,371.5689464750744,6.120296429756443
10.837938645727046,372.00439598446803,6.331214494201363
10.839217835865414,370.49371846516925,6.80255330913164
10.840497026003783,368.8765658424014,6.39029959160163
10.84177621614215,366.9747314453125,5.775198865217225
10.843055406280518,368.35958281017486,6.202149256704171
10.844334596418886,370.08773367745533,6.817168771420111
10.845613786557255,372.7550295875186,6.584700698439787
10.846892976695623,375.2195935930525,6.012609580696081
10.84817216683399,375.9381125313895,6.599560308581845
10.84945135697236,376.79290989467074,7.379557655581608
10.850730547110727,376.7081240699405,7.022776713204873
10.852009737249094,377.7136557442801,6.4421780265254
10.853288927387464,380.48748270670575,7.156856598843963
10.854568117525831,382.2225646972656,7.985705739238918
10.855847307664199,382.9569571358817,7.5552744945741726
10.857126497802566,382.9211200532459,6.840022938765383
10.858405687940936,380.882563273112,7.399205887345628
10.859684878079303,378.7349889846075,8.269500054336174
10.86096406821767,384.552254086449,7.672913245120092
10.86224325835604,385.3020557221912,6.961726861976403
10.863522448494408,386.8527337937128,7.30607441592201
10.864801638632775,386.195066179548,7.831219016929194
10.866080828771144,385.25298781622024,7.269728375951114
10.867360018909512,387.2706080845424,6.557295383512809
10.86863920904788,387.7544940766834,6.811824199992997
10.869918399186247,383.4694061279297,7.136097691396882
10.871197589324616,387.0166771298363,6.720858223292251
10.872476779462984,388.000494094122,6.2118008217655944
10.873755969601351,385.29062906901044,6.402281795317262
10.87503515973972,384.82860892159596,6.7506054843475685
10.876314349878088,388.13050624302457,6.586401692608364
10.877593540016456,391.5069798060826,6.303365625456658
10.878872730154825,393.1778310139974,6.415888421943886
10.880151920293192,393.9557625906808,6.835857786910594
10.88143111043156,398.7420683361235,6.8698187628346385
10.882710300569927,400.5705137706938,6.69258842741869
10.883989490708297,397.02749779110866,6.730724124546858
10.885268680846664,398.44958350771947,7.141447285830344
10.886547870985032,398.90377008347286,7.40392221552102
10.887827061123401,399.36011105492,7.220462086038444
10.889106251261769,399.09471493675596,7.143641081033854
10.890385441400136,398.0631379627046,7.617167864759951
10.891664631538504,404.75606936500185,7.9228628963985
10.892943821676873,400.8076927548363,7.605670958602305
10.89422301181524,402.3069043840681,7.386263692989524
10.895502201953608,405.09960210890995,7.733242325246483
10.896781392091977,400.9314894903274,7.922734052962314
10.898060582230345,403.6161215645926,7.557187902438341
10.899339772368712,405.4537731352307,7.189346929890081
10.900618962507082,404.3965868268694,7.380999330784619
10.90189815264545,399.5139806838263,7.43879356073602
10.903177342783817,400.0234672909691,7.033116938195165
10.904456532922184,397.0141085670108,6.63197324767537
10.905735723060554,400.92323085239957,6.858039460100982
10.907014913198921,397.95049540201825,6.997041223781653
10.908294103337289,397.01976376488096,6.499039805421881
10.909573293475658,400.33038911365327,6.2055043449333205
10.910852483614025,402.257319132487,6.606940856141826
10.912131673752393,405.0148271833147,6.973066599095728
10.913410863890762,406.4596906389509,6.538988892618371
10.91469005402913,413.9280242919922,6.382102424509086
10.915969244167497,417.8733876546224,6.9082228983965175
10.917248434305865,424.35088820684524,7.27736108990517
10.918527624444234,428.1707356770833,6.898614457980599
10.919806814582602,426.87488519577755,6.708864516198368
10.92108600472097,430.0987577892485,7.442213406927173
10.922365194859339,435.15809050060454,7.8110206320923465
10.923644384997706,435.0600803920201,7.38366940236715
10.924923575136074,436.5673617408389,7.142419175946576
10.926202765274443,435.51211329868863,7.716031801463786
10.92748195541281,433.28174772716704,8.16138992626368
10.928761145551178,438.1051461356027,7.621862564188813
10.930040335689545,434.9699874151321,7.323967014701591
10.931319525827915,436.2548334030878,7.834512750322636
10.932598715966282,431.2196255638486,8.153361364817282
10.93387790610465,428.34792073567706,7.371231803225878
10.93515709624302,433.87955801827565,7.037671161234998
10.936436286381387,430.332028343564,7.369053071206075
10.937715476519754,432.65401567731584,7.573134233078381
10.938994666658123,431.5284234909784,6.907732276120683
10.940273856796491,431.2862745012556,6.640514604854005
10.941553046934859,430.03453209286647,6.890748967432704
10.942832237073226,427.55099124000185,7.159926874395099
10.944111427211595,430.6738462902251,6.7795168937903725
10.945390617349963,431.4965529668899,6.476025232869686
10.94666980748833,432.10863894508,6.696299991796708
10.9479489976267,432.94911121186755,7.064352895162587
10.949228187765067,436.0387130010696,6.95117619505005
10.950507377903435,436.04418000720796,6.805518336966329
10.951786568041802,441.49845304943267,6.823310418506591
10.953065758180172,446.036376226516,7.323289207030714
10.954344948318539,444.25403994605654,7.35477795430678
10.955624138456907,449.31341044108075,7.187864233903568
10.956903328595276,450.1107097807385,7.151608049837163
10.958182518733643,456.80669366745724,7.585545243743206
10.959461708872011,460.1584981282552,7.884344353597354
10.96074089901038,462.1206803094773,7.668486651551188
10.962020089148748,467.4472910563151,7.6051685173611
10.963299279287115,469.04908752441406,7.850046293385088
10.964578469425483,471.46390642438615,8.142125864856842
10.965857659563852,478.16960870651974,7.999041563994224
10.96713684970222,480.54769534156435,7.639170373184652
10.968416039840587,481.746082850865,7.631097143706949
10.969695229978957,482.1956162225632,7.990911812026063
10.970974420117324,492.79756309872585,7.779740732685484
10.972253610255692,497.6062636602493,7.2638797071848575
10.97353280039406,499.00850859142486,7.162072026173047
10.974811990532428,505.4364006405785,7.581025412724648
10.976091180670796,516.5999283563523,7.595071351156653
10.977370370809163,516.4341212681362,7.112309673166313
10.978649560947533,522.9625716436477,6.944001260918107
10.9799287510859,533.9770871117001,7.479287064109357
10.981207941224268,539.4447551908947,7.591593826231746
10.982487131362637,543.3039209275018,7.0639695488350975
10.983766321501005,549.4495152064732,6.987644283855664
10.985045511639372,555.4940112885974,7.615263043224075
10.986324701777741,558.077876499721,7.874443559469658
10.987603891916109,558.6363997686477,7.429400497516525
10.988883082054477,558.734847295852,7.295152542250221
10.990162272192844,561.5369211832682,8.007162347347245
10.991441462331213,566.6368698846726,8.437673380964418
10.99272065246958,568.5483747209821,7.893993798469994
10.993999842607948,573.6090116954986,7.736873149761629
10.995279032746318,578.0087004162017,8.551496665734781
10.996558222884685,580.5217866443452,8.90378724979839
10.997837413023053,586.0003146216983,8.38708382789114
10.999116603161422,587.0584055582682,8.099620641990505
11.00039579329979,596.6868823823474,8.781207502586854
11.001674983438157,599.2479996454148,9.063017124649708
11.002954173576525,604.336175827753,8.521562581352049
11.004233363714894,597.9129929315476,8.099077947694932
11.005512553853261,591.5803694952102,8.48702644491052
11.006791743991629,593.8057745070685,8.745772197935471
11.008070934129998,588.917967296782,8.102202172742487
11.009350124268366,589.3122878301712,7.6117285906464085
11.010629314406733,582.2232346307663,7.831461588581043
11.0119085045451,579.1906505766369,8.174813162360728
11.01318769468347,582.0642336890811,7.767870829006343
11.014466884821838,580.2081356956845,7.257996372290115
11.015746074960205,582.8913392566499,7.4938746012614175
11.017025265098574,576.6784253801618,7.915342676061219
11.018304455236942,568.3666599818638,7.716344044611555
11.01958364537531,571.8636736188616,7.318164969721969
11.020862835513679,577.7758505684989,7.5034802729618315
11.022142025652046,577.2559284028553,8.152164786919208
11.023421215790414,571.6041477748325,8.247855084873196
11.024700405928781,569.6324375697544,7.810347171497034
11.02597959606715,568.873763311477,7.793138660138849
11.027258786205518,573.1322181338355,8.41095404795654
11.028537976343886,574.875996180943,8.775473106711187
11.029817166482255,576.9276973179409,8.453749701292903
11.031096356620623,581.825693039667,8.314556200288036
11.03237554675899,581.0899425688244,8.666796608742503
11.03365473689736,577.0769704182943,9.155153470184803
11.034933927035727,577.6455594017392,8.97856335766328
11.036213117174094,575.036884852818,8.594188723776774
11.037492307312462,571.8465932210287,8.413016696412857
11.038771497450831,574.1888791038876,8.854314780249064
11.040050687589199,573.7241414388021,8.852960215824783
11.041329877727566,574.011484055292,8.411507760914224
11.042609067865936,570.8982325962612,7.8639332363786725
11.043888258004303,568.296867007301,8.135683393554906
11.04516744814267,566.9874267578125,8.381767438641047
11.04644663828104,566.3457728794643,8.036633387540352
11.047725828419408,562.1683284214565,7.467472261919312
11.049005018557775,553.4476042247954,7.462563780155554
11.050284208696143,547.4673665364584,7.871528356766717
11.051563398834512,544.5098448253814,7.8694559606289385
11.05284258897288,540.0033852713449,7.281244003765354
11.054121779111247,541.0767422630673,7.0615911682891594
11.055400969249616,536.8345424107143,7.4895200032262
11.056680159387984,538.6523982456753,7.894072623513415
11.057959349526351,535.3222278413318,7.610162938951671
11.05923853966472,535.0807923816499,7.205128319319286
11.060517729803088,536.4239305768695,7.7438799669309155
11.061796919941456,534.1235802060082,8.289253569346199
11.063076110079823,537.6476135253906,8.316492903673037
11.064355300218192,541.2579193115234,7.89844510300256
11.06563449035656,542.4844992501395,8.165511501611867
11.066913680494928,542.0223984491257,8.758784085232515
11.068192870633297,545.5336325509207,8.859483333299728
11.069472060771664,546.6531081426712,8.52455879898491
11.070751250910032,549.6420527866909,8.305570485591009
11.0720304410484,552.6994781494141,8.708174455835712
11.073309631186769,556.2105691092355,8.862740664065202
11.074588821325136,552.8333180745443,8.696811989921354
11.075868011463504,554.2333163306827,8.257466084472162
11.077147201601873,558.1005612327939,8.367289218209647
11.07842639174024,560.6256793794178,8.35777679932506
11.079705581878608,562.5199461437408,8.344278509133018
11.080984772016977,558.5831945510138,8.054541646098471
11.082263962155345,559.2483665829614,7.9114382527127365
11.083543152293712,557.3899325416202,7.722579398866899
11.08482234243208,553.4268173944382,7.652997051109573
11.08610153257045,552.4482094900949,7.709696543350667
11.087380722708817,549.5913514636811,7.568631802452785
11.088659912847184,545.7980208623977,7.342775368425603
11.089939102985554,545.2895246233259,7.209195318791211
11.091218293123921,545.6386108398438,7.660075687665489
11.092497483262289,550.3267938523065,7.757831880138985
11.093776673400658,551.2662956601098,7.7050178357177534
11.095055863539026,550.1810993012928,7.356560006500182
11.096335053677393,552.4270164853051,7.814959135165102
11.09761424381576,552.3519279843285,8.326351287092884
11.09889343395413,559.7154461088635,8.375734428398243
11.100172624092497,561.0295751662482,8.097566607879227
11.101451814230865,559.1281069800967,8.101573541452188
11.102731004369234,563.4757995605469,8.85465606059718
11.104010194507602,565.0918288457962,9.337390136365672
11.10528938464597,571.3165217808315,8.848141125033738
11.106568574784339,575.0560927618118,8.353698277074885
11.107847764922706,579.3994685581753,8.99701509687619
11.109126955061074,585.8756960914249,9.364818175051996
11.110406145199441,592.7865091959635,9.08550427525809
11.11168533533781,598.6602216448102,8.561542613201867
11.112964525476178,607.2879231770834,8.674669268948408
11.114243715614545,614.9770696730841,9.182543658596103
11.115522905752915,617.4890005929129,9.122544342484957
11.116802095891282,622.5033002580915,8.507344837070892
11.11808128602965,627.4647652762277,8.150234962101228
11.11936047616802,630.5923999604724,8.494695845155855
11.120639666306387,630.3455171130952,8.622289043804116
11.121918856444754,633.1715015229724,8.363489368773871
11.123198046583122,635.8191179547991,7.925058721934233
11.124477236721491,643.2043137323288,8.0457125261643
11.125756426859859,645.7507600330171,8.452635324374214
11.127035616998226,650.9887143089658,8.558981987430771
11.128314807136595,650.9469866071429,8.291033621806394
11.129593997274963,656.2125999813989,8.090148803182453
11.13087318741333,661.775400797526,8.455558733104382
11.132152377551698,667.3175601050967,8.993726628887384
11.133431567690067,669.9522835867746,8.96792804820704
11.134710757828435,680.6286926269531,8.756409714611284
11.135989947966802,689.8429085867746,8.786049890002152
11.137269138105172,697.8535882859003,9.446936811992176
11.13854832824354,702.9116501581101,9.937924095943748
11.139827518381907,716.5387064615885,9.78624116436429
11.141106708520276,733.510974702381,9.504129265277866
11.142385898658643,736.7980622791108,9.906485879252301
11.143665088797011,748.5372706821987,10.617792649612172
11.144944278935379,762.5931236630395,10.536100132974337
11.146223469073748,781.5544462658111,9.950707142574068
11.147502659212115,798.8674825032552,9.995543972582762
11.148781849350483,813.1182236444382,10.691445111485201
11.150061039488852,825.8302379789807,10.765720895712521
11.15134022962722,842.9530450730097,10.071822084597041
11.152619419765587,863.4505557105655,9.692201312178787
11.153898609903957,882.8966863723028,10.004680162459007
11.155177800042324,907.0441763741629,10.580288309016762
11.156456990180692,922.9088599795386,10.189090488052067
11.15773618031906,944.4779023670014,9.421968202649945
11.159015370457428,963.4051964169457,9.524655220503725
11.160294560595796,986.6016555059524,10.32024703941752
11.161573750734163,1007.545160202753,10.483221496780377
11.162852940872533,1025.1035417829241,9.685306443782585
11.1641321310109,1055.8621695382255,9.573942026311785
11.165411321149268,1079.536360967727,10.526186318827069
11.166690511287637,1106.7942824590773,11.149504478362935
11.167969701426005,1133.6659618559338,10.821751454183014
11.169248891564372,1165.5064900716145,10.25777536276431
11.17052808170274,1197.4264671688989,10.942081443783055
11.171807271841109,1224.6072678338915,12.062936971820463
11.173086461979477,1264.4466610863096,12.363722315431875
11.174365652117844,1296.181416829427,11.920042844923037
11.175644842256213,1317.9819946289062,11.932932800395342
11.17692403239458,1356.3164934430804,13.054535940489822
11.178203222532948,1380.6637631370909,13.861531959009712
11.179482412671318,1420.6573951357886,13.617962425770815
11.180761602809685,1462.3246779668898,13.108108909152405
11.182040792948053,1498.3459734235491,13.688013445114422
11.18331998308642,1528.8341122581846,14.638265917690953
11.18459917322479,1557.3563610258557,14.724144734726659
11.185878363363157,1590.999502999442,13.923055208225362
11.187157553501525,1629.2705659412202,13.733625607607163
11.188436743639894,1658.3052368164062,14.17197967191628
11.189715933778261,1686.2611607142858,14.586745789165604
11.190995123916629,1716.927998860677,14.356411496759566
11.192274314054997,1740.108883812314,13.704940432309522
11.193553504193366,1754.2447219122023,13.494223193095356
11.194832694331733,1762.5803745814733,13.814716790970312
11.1961118844701,1776.4596557617188,14.234539581242062
11.19739107460847,1777.1099708193824,13.952990217219476
11.198670264746838,1781.1268630254835,13.458461532129032
11.199949454885205,1778.4072004045759,13.137720973304653
11.201228645023575,1779.2393624441963,13.729101380618527
11.202507835161942,1778.0960954938616,14.31903302912045
11.20378702530031,1769.9884033203125,13.767620292891293
11.205066215438677,1761.2317824590773,13.203547033579941
11.206345405577046,1760.1526140485491,13.300829084677499
11.207624595715414,1749.3510102771577,14.512779157401313
11.208903785853781,1738.9574294317335,14.705072595641617
11.21018297599215,1730.3400704520088,13.845518061182302
11.211462166130518,1731.5448288690477,13.429995644213953
11.212741356268886,1723.5547485351562,14.271985059191083
11.214020546407255,1712.1194719587054,15.406589046708369
11.215299736545623,1714.762692406064,15.082467714197351
11.21657892668399,1706.8638596307665,14.207688130442525
11.217858116822358,1708.4822998046875,14.202740273767478
11.219137306960727,1717.3674607049852,15.832740045148904
11.220416497099094,1715.2223132905506,16.252524075955275
11.221695687237462,1722.30712890625,15.218646708040735
11.222974877375831,1720.5326160249256,14.20439894516524
11.224254067514199,1719.5289858863466,14.631067590533704
11.225533257652566,1722.838846842448,15.753144115908695
11.226812447790936,1724.072274344308,15.129309691151446
11.228091637929303,1726.1310628255208,13.797439388299201
11.22937082806767,1720.2092837379091,13.469964759344967
11.230650018206038,1711.3383847191221,14.226866286565258
11.231929208344408,1719.029087611607,14.6268577760143
11.233208398482775,1730.5984061104912,13.550688190877072
11.234487588621143,1731.385285877046,12.910813147944724
11.235766778759512,1724.863545735677,13.25749649287619
11.23704596889788,1719.6236601329986,14.030700595076643
11.238325159036247,1725.9703223818824,13.945307512160507
11.239604349174616,1723.8157406761534,12.910092736661149
11.240883539312984,1713.8569946289062,12.858772544125314
11.242162729451351,1711.2325613839287,13.57638124926292
11.243441919589719,1711.5321277436756,13.944806045494278
11.244721109728088,1699.8252854120165,13.524376097298207
11.246000299866456,1692.502165294829,13.037887964677957
11.247279490004823,1695.719479515439,13.346219851763191
11.248558680143192,1691.0535888671875,14.04987989524347
11.24983787028156,1679.2578299386162,14.07430902738702
11.251117060419928,1676.4839448474702,13.716930968726148
11.252396250558295,1670.1471237909227,13.752635985275022
11.253675440696664,1666.227271670387,14.245609741281637
11.254954630835032,1657.8606683640253,14.727149705974426
11.2562338209734,1647.2490990048364,14.523155994401407
11.257513011111769,1647.977739606585,14.142639977358922
11.258792201250136,1653.2108008975074,14.37930129450126
11.260071391388504,1652.5447591145833,14.715466809867966
11.261350581526873,1651.5214233398438,14.814316912534393
11.26262977166524,1659.2716006324404,14.469158095676379
11.263908961803608,1660.3943452380952,14.208085776127247
11.265188151941976,1656.9739612397693,14.212478149919175
11.266467342080345,1659.5316830589659,14.228032808112607
11.267746532218712,1652.1702357700892,14.220590210848664
11.26902572235708,1637.2996303013392,13.753482862778334
11.27030491249545,1631.2875598725818,13.358063649722917
11.271584102633817,1627.11372593471,13.0301110689768
11.272863292772184,1617.7032732282366,13.473671375827067
11.274142482910554,1606.066618419829,13.628188903468594
11.275421673048921,1600.0659005301338,13.1592774438472
11.276700863187289,1590.8956502278645,12.497410301543406
11.277980053325656,1588.2969418480284,12.499736134982193
11.279259243464026,1584.3408377511162,13.261742818851038
11.280538433602393,1578.307614281064,13.550806701877415
11.28181762374076,1572.3616739908855,13.015444636444416
11.28309681387913,1558.3523850213915,12.177716941073365
11.284376004017497,1543.6296008882068,12.55141599920339
11.285655194155865,1537.3196527390253,13.571605073219247
11.286934384294234,1525.1822364443824,13.806299230627241
11.288213574432602,1512.1918654668898,12.63653696552288
11.28949276457097,1502.702160063244,12.104722719178886
11.290771954709337,1493.9759347098213,13.318895177768837
11.292051144847706,1477.6715698242188,14.491177309852644
11.293330334986074,1468.8687424432665,13.954764380323834
11.294609525124441,1457.5482875279017,12.438914361714746
11.29588871526281,1455.6490507579986,12.338048256093735
11.297167905401178,1461.1334199451264,14.1674572100645
11.298447095539546,1442.4571329752605,14.840171789429116
11.299726285677915,1444.4081072126116,13.627952059094252
11.301005475816282,1440.6219714936756,12.211849881138447
11.30228466595465,1431.5292242140997,12.450962767316492
11.303563856093017,1439.3608136858259,13.925224815253475
11.304843046231387,1461.658223470052,14.272704620629689
11.306122236369754,1462.6676519484747,12.918921684391306
11.307401426508122,1448.3605201357886,11.647557171238095
11.308680616646491,1418.1644548688616,11.997491175099123
11.309959806784859,1388.8911307198662,12.89956221775083
11.311238996923226,1371.1152518136162,12.7478219795267
11.312518187061594,1352.972388857887,11.610095282650931
11.313797377199963,1344.5416288829986,10.86661699854571
11.31507656733833,1338.6187831333705,11.471925839660278
11.316355757476698,1332.324936639695,12.215983202371701
11.317634947615067,1322.0203741164435,11.969673973490606
11.318914137753435,1315.010250999814,11.259414494219683
11.320193327891802,1310.272004627046,10.96261871650146
11.321472518030172,1302.0499819800966,11.542803241152974
11.32275170816854,1294.702180408296,12.04317760874754
11.324030898306907,1295.0093761625744,12.092807879356355
11.325310088445272,1281.8528297061011,11.72627991599236
11.326589278583642,1275.6134381975446,11.54381682796308
11.32786846872201,1264.1440604073662,11.967479514255503
11.329147658860377,1255.4961983816963,12.408343078405236
11.330426848998746,1250.5448550269716,12.632624475541377
11.331706039137114,1247.174546014695,12.589904111990426
11.332985229275481,1236.2847144717261,12.058034838930679
11.33426441941385,1228.0256870814733,12.29560303906413
11.335543609552218,1223.3143601190477,12.832217937886895
11.336822799690585,1214.0643601190477,12.987037283356514
11.338101989828953,1206.0044555664062,12.687227533919101
11.339381179967322,1205.5784883045014,11.913977828999638
11.34066037010569,1204.2426234654017,11.987613112845297
11.341939560244057,1198.439964657738,12.43645685133623
11.343218750382427,1188.8863176618304,12.56270099632859
11.344497940520794,1181.965087890625,12.05597373000502
11.345777130659162,1172.4364507765997,11.09900765108169
11.347056320797531,1165.5061878022693,11.070316412849644
11.348335510935899,1163.73237827846,11.44204514286911
11.349614701074266,1159.5467238653273,11.590386611879897
11.350893891212634,1149.4344569614955,11.103603099218304
11.352173081351003,1144.0709315708705,10.321044709749767
11.35345227148937,1145.7767304920014,10.44820496364996
11.354731461627738,1138.3007056826636,10.911807361195367
11.356010651766107,1133.006801060268,11.090215025805513
11.357289841904475,1136.794942220052,10.642911735332254
11.358569032042842,1137.6217840285528,10.267490630709792
11.359848222181212,1139.1077226911273,10.790226643524813
11.36112741231958,1137.0789678664435,11.117265170366087
11.362406602457947,1131.6005103701636,11.101117719807446
11.363685792596314,1133.2532377697173,10.811588316533351
11.364964982734683,1133.9635126023065,10.763249636116594
11.366244172873051,1125.8531784784227,11.3087914905846
11.366342530422019,839.4450853135851,7.939051517920729
11.367523363011419,1125.0140729631696,11.554668370436104
11.36880251139566,835.2357008192274,8.23564316080191
11.368802553149788,1126.5136079334077,11.585632523342444
11.370081743288155,1116.9940795898438,11.482401157942782
11.371262492369302,830.0519680447048,7.965216233068236
11.371360933426523,1119.3126249767486,11.597598356589174
11.37264012356489,1118.648914155506,12.020333935215959
11.373722473342943,821.8508843315972,7.830676681561159
11.37391931370326,1102.5670878092449,11.805543837335053
11.375198503841627,1092.430155436198,11.710847845112289
11.376182454316584,815.3244323730469,7.43431063224552
11.376477693979995,1091.3863612583705,11.739482027044938
11.377756884118364,1092.8711431594122,11.947284428497765
11.378642435290226,808.7181498209635,7.186463136712884
11.379036074256732,1087.2451070149739,12.027017203505192
11.380315264395099,1086.1656261625744,11.446198668330807
11.381102416263868,804.0371161566841,7.000671708054521
11.381594454533468,1082.7948419480097,11.316249237716775
11.382873644671836,1070.2161167689733,11.395544498882332
11.383562397237508,802.9982621934679,7.044050736902833
11.384152834810203,1063.3867768787202,11.549609513794739
11.385432024948571,1057.213657924107,11.38166910131231
11.38602237821115,795.0585021972656,7.265713279133167
11.38671121508694,1052.5562947591145,10.569614489116807
11.387990405225308,1048.509800502232,10.417474523639884
11.388482359184792,794.4191301133898,7.499897082640725
11.389269595363675,1044.6884140741258,10.81469925553539
11.390548785502045,1045.3228338332403,11.051198777070578
11.390942340158434,785.0875244140625,7.713326625574341
11.391827975640412,1038.6433396112352,10.853837917554587
11.39310716577878,1034.562295096261,10.056954754553123
11.393402321132074,782.9839477539062,7.5687613159711224
11.394386355917149,1029.1188630603608,9.981424211771307
11.395665546055517,1030.0204148065477,10.654418703742039
11.395862302105716,782.1968892415365,7.419536314347454
11.396944736193884,1024.6209440685454,10.926553386969493
11.398223926332252,1021.7655886695499,10.797284812423381
11.398322283079358,775.997311062283,6.93597052024654
11.39950311647062,1014.6046927315848,10.183479378858284
11.400782264053,776.5187717013889,6.9324472001988715
11.400782306608988,1010.389408656529,10.310576107823886
11.402061496747356,1015.2459992908296,10.9776676572301
11.403242245026641,769.6911010742188,6.935183065380253
11.403340686885725,1015.3914969308036,11.430649996241666
11.404619877024093,1007.2059936523438,11.504964964241521
11.405702226000281,766.8264973958334,7.256014883419619
11.40589906716246,1010.8358183361236,11.048566399304395
11.40717825730083,1007.8414655412946,11.092601381084707
11.408162206973923,758.9587894015842,7.48185895650547
11.408457447439197,1000.4978739420573,11.762573410618643
11.409736637577565,998.3040640694754,11.866668528482862
11.410622187947565,755.8910505506727,7.585146054424925
11.411015827715932,991.1004813058036,11.922704404739934
11.412295017854301,991.3289286295573,11.624245287914373
11.413082168921207,750.9347805447048,7.50574584528762
11.413574207992669,988.2158057803199,11.68060357286157
11.414853398131036,981.7612871442523,11.995778454328704
11.415542149894847,742.3360002305773,7.204292508646426
11.416132588269406,977.1442536853608,11.953838164339507
11.417411778407773,977.1149509974888,11.871144032324182
11.418002130868489,735.6209140353733,6.852952587857798
11.41869096854614,974.0645911807105,11.62674669483216
11.41997015868451,967.1832086472284,11.324537337775906
11.42046211184213,727.2361009385851,6.5549724042851505
11.421249348822878,969.2425595238095,11.572163279135387
11.422528538961245,965.6900082542783,11.336315957774923
11.422922092815773,725.5289900037977,6.5691819212118325
11.423807729099613,959.6157662527902,11.046628043805747
11.425086919237982,954.137196858724,10.556269875303755
11.425382073789413,719.1153733995226,6.733054197996786
11.42636610937635,952.2105393182663,10.4486393431258
11.427645299514717,945.4090823218936,10.481544793113496
11.427842054763055,708.9879642062717,6.766056607772832
11.428924489653086,939.7163885207403,10.341398250947854
11.430203679791454,941.9604797363281,10.309927911229986
11.430302035736696,713.6606038411459,7.069521370879773
11.431482869929821,936.917226155599,10.119355941596238
11.432762016710338,709.5340440538195,6.8742451380009575
11.432762060068189,933.5611688523065,9.822840715443174
11.434041250206558,929.3490440731957,9.91933831150744
11.435221997683978,710.0377587212456,6.842999870929456
11.435320440344926,924.554454985119,10.013745085084087
11.436599630483293,921.1479230608259,10.214722014663833
11.43768197865762,705.449927435981,6.548809677221369
11.437878820621663,920.9022739955357,10.029410615276195
11.43915801076003,918.1260041736421,9.74005318209705
11.440141959631262,703.2270880805122,6.543189533664313
11.440437200898398,916.7675461542038,9.758370021209737
11.441716391036767,916.3845926920573,10.089542645500238
11.442601940604904,700.9411061604818,6.69244013903336
11.442995581175134,915.2000746954055,10.427133916768234
11.444274771313502,914.1881452287946,10.462324224750342
11.445061921578546,700.0474768744575,7.062444024456365
11.44555396145187,917.1199893043155,10.06174280931728
11.446833151590239,909.635493687221,10.021754983779513
11.447521902552186,692.0272538926866,7.3547656307394735
11.448112341728606,901.5490330287388,10.531123406777487
11.449391531866974,904.2363760811942,11.011397086474028
11.449981883525828,695.1992933485243,7.170570574576603
11.450670722005343,902.558821905227,10.85652654905286
11.45194991214371,889.6655476888021,10.152687853728791
11.45244186449947,687.7068261040581,7.059724571863982
11.453229102282078,889.3516060965402,10.139027730820178
11.454508292420448,888.6065630231585,10.68594894480378
11.454901845473112,684.6346249050564,6.978054545486535
11.455787482558815,883.39305914016,11.193419040805452
11.457066672697183,882.6090523856027,10.878305762548218
11.457361826446752,679.2469567192925,6.73038805152387
11.45834586283555,879.225819905599,10.122120424013602
11.45962505297392,883.6726277669271,9.973118629415655
11.459821807420393,673.6386871337891,6.548548409910236
11.460904243112287,879.8661033993676,10.661043898210725
11.462183433250654,866.4438040597098,10.871656611551082
11.462281788394035,662.3014051649305,6.486758067512672
11.463462623389024,859.5438799176898,10.588718235591337
11.464741769367677,662.4361945258247,6.449205842463847
11.464741813527391,859.9947844005767,9.9320317484196
11.466021003665759,855.1077037992932,9.512951057114417
11.467201750341317,654.3060404459635,6.203027065200971
11.467300193804128,851.3023449125744,9.979414023356574
11.468579383942496,847.8975757417224,10.321997831912357
11.46966173131496,652.7360483805338,6.482837655111641
11.469858574080863,851.3455839611236,10.059767325233299
11.47113776421923,839.1055094401041,9.46532953056588
11.472121712288601,645.3321855333116,6.409550985554005
11.4724169543576,833.8756815592448,9.013656260887018
11.473696144495968,834.023909795852,9.495465178068395
11.474581693262243,644.9890950520834,6.412151189804174
11.474975334634335,830.4032520112537,9.971580910491616
11.476254524772704,830.844709123884,10.038663423112318
11.477041674235885,637.9575670030382,6.113814364839057
11.477533714911072,830.9877203078497,9.644054052847675
11.47881290504944,830.5268845331101,9.223813615296788
11.479501655209525,638.6620313856337,6.2181369041982775
11.480092095187809,832.3945748465402,9.586928061553275
11.481371285326176,832.691390264602,10.230167606802915
11.481961636183167,632.6808725992838,6.1759124711478535
11.482650475464544,834.7721194312686,10.592101632369221
11.483929665602911,827.7917669387091,10.162506923293186
11.484421617156809,629.4992845323351,6.187574838378934
11.48520885574128,827.8293224516369,9.737259821655531
11.486488045879648,820.3457292829241,9.905249476422517
11.48688159813045,627.2186669243706,6.292847033112779
11.487767236018016,818.792468843006,10.257868146568264
11.489046426156385,821.7005498976935,10.485144319670963
11.48934157910409,626.4743313259548,6.5770890716993025
11.490325616294752,821.271956670852,10.455968791684532
11.49160480643312,819.8330615815662,10.198751962096331
11.491801560077732,624.1823289659288,6.638188403559551
11.492883996571488,820.3575904482886,10.23468813897211
11.494163186709857,822.6440458751861,10.332144375600615
11.494261541051374,622.8009813096788,6.805440522628842
11.495442376848224,819.6088184175037,10.476244318484431
11.496721522025016,618.1428476969401,6.76563965923043
11.496721566986592,813.2771490187872,10.528684976949538
11.498000757124961,812.2968546549479,10.247081258448745
11.499181502998656,615.9451260036892,6.600814125081925
11.499279947263329,808.6038498651413,10.13348830698917
11.500559137401696,808.2095220656622,10.048540760395161
11.501641483972298,613.2946200900608,6.376600438611496
11.501838327540066,802.8086184547061,10.054798635029842
11.503117517678433,796.3070606050037,10.094777728717734
11.50410146494594,614.0728098551432,6.245869536241739
11.5043967078168,794.2431945800781,9.98238078094904
11.505675897955168,794.5209931873139,9.621575426674314
11.506561445919582,606.5450592041016,6.198923292013126
11.506955088093537,790.8356686546689,9.43095296241915
11.508234278231905,786.5912243071057,9.53771077959933
11.509021426893222,605.9904378255209,6.3570443873204185
11.509513468370272,782.5353379022507,9.883799672311135
11.510792658508642,786.1518016996838,9.76182613558235
11.511481407866864,602.9251115587023,6.306713035730625
11.51207184864701,783.2313784644717,9.386989874307634
11.513941388840506,601.8545854356554,6.28433781540464
11.516401369814147,598.5845794677734,5.962453543880708
11.51886135078779,597.0204010009766,5.8561517165687205
11.52132133176143,594.9589996337891,5.619931168850724
11.523781312735071,594.1451517740885,5.69941664458711
11.526241293708713,593.0383995903862,5.842996011694065
11.528701274682355,590.8064303927952,6.025820037808668
11.531161255655995,590.5703803168403,6.280018363888072
11.533621236629637,589.5987870958116,6.195344845657736
11.536081217603279,592.404783460829,6.072303442611788
11.53854119857692,593.6012369791666,5.993126107881409
11.54100117955056,591.9347245958116,6.134428176517879
11.543461160524203,595.2979549831814,6.340086139108918
11.545921141497844,595.830812242296,6.487071976531361
11.548381122471486,597.2918938530815,6.729313231097058
11.550841103445128,599.2200978597006,6.684101486090807
11.553301084418768,592.725589328342,6.430843707864233
11.55576106539241,588.6679992675781,6.099120972684118
11.558221046366052,588.147457546658,6.023767248678403
11.560681027339694,586.4157257080078,5.982214495357202
11.563141008313334,584.5896792941624,5.908379751767405
11.565600989286976,582.0145450168186,5.945367401391876
11.568060970260618,577.9260864257812,6.070506656056077
11.57052095123426,582.8840162489149,6.000754763237448
11.5729809322079,584.574717203776,5.953289847553957
11.575440913181541,578.7742563883463,5.979002937892607
11.577900894155183,574.563242594401,6.097803234575517
11.580360875128825,576.9294586181641,6.1448854692212285
11.582820856102465,575.3644358317057,6.2120686209005695
11.585280837076107,572.8170403374565,6.042495001652698
11.587740818049749,571.110826280382,6.110211309959296
11.59020079902339,571.1096496582031,6.175689245396372
11.592660779997033,563.2103881835938,6.267446888787983
11.595120760970673,565.2394392225477,6.347180455112933
11.597580741944315,557.075707329644,6.222836927936189
11.600040722917957,556.6398111979166,6.0485495267834795
11.602500703891598,547.9376458062065,5.925577619212709
11.604960684865238,544.5953470865885,5.882662556288039
11.60742066583888,544.912601047092,5.946820019521197
11.609880646812522,545.1114078097874,6.112687364505441
11.612340627786164,542.8401455349392,6.068059012571719
11.614800608759804,543.0578935411241,5.94622135777
11.617260589733446,539.7116377088759,5.611277542264632
11.619720570707088,540.1136254204644,5.519674581722892
11.62218055168073,537.2938673231337,5.5778626258166915
11.62464053265437,536.3816816541884,5.832454557152732
11.627100513628012,535.935312906901,6.016429867749743
11.629560494601654,528.982913547092,6.12638179572654
11.632020475575295,529.135728624132,5.969368054802951
11.634480456548937,525.2123158772787,5.6269648703861055
11.636940437522577,527.6885969373915,5.625235672234293
11.63940041849622,521.7613271077474,5.609380708709346
11.641860399469861,519.7439829508463,5.879928125015554
11.644320380443503,514.9744550916884,6.094470725209191
11.646780361417143,518.6270599365234,5.984702774185681
11.649240342390785,513.8203294542101,5.651190448716103
11.651700323364427,513.2235226101345,5.357265239279055
11.654160304338069,515.9532741970486,5.385689075598019
11.656620285311709,513.34154425727,5.412631259626633
11.65908026628535,513.6503278944227,5.706049300170664
11.661540247258992,514.9143998887804,5.828925685782479
11.664000228232634,515.99048699273,5.702798861308536
11.666460209206276,517.3805982801649,5.504174480266582
11.668920190179916,515.1649305555555,5.394259451943808
11.671380171153558,514.0885484483507,5.47456259549345
11.6738401521272,512.4459313286675,5.790238735559021
11.676300133100842,510.8201649983724,6.016525048005121
11.678760114074482,509.37777031792535,5.989210371616964
11.681220095048124,510.9556715223524,5.867401000791112
11.683680076021766,511.0031009250217,5.7761393829729455
11.686140056995407,512.7232479519314,5.713985771413924
11.688600037969048,509.63175116644965,5.748176848658987
11.69106001894269,508.6167212592231,5.882944599396911
11.693519999916331,508.7320302327474,5.98985379854959
11.695979980889973,509.28440856933594,5.595259197610148
11.698439961863613,509.27621120876734,5.463432813619526
11.700899942837255,507.8333740234375,5.459816456889084
11.703359923810897,508.45936075846356,5.455970309410462
11.705819904784539,512.2357618543837,5.690603574501127
11.70827988575818,509.0490976969401,5.581580243340235
11.71073986673182,509.02091640896265,5.418022692458294
11.713199847705463,512.3326416015625,5.372644676682745
11.715659828679104,513.5572475857205,5.38261996115145
11.718119809652746,512.5984903971354,5.59139751169058
11.720579790626386,513.3130171034071,5.82844496551122
11.723039771600028,514.1837073432075,5.954144500653498
11.72549975257367,520.6646864149305,5.726301478108711
11.727959733547312,518.3563520643446,5.56957285185623
11.730419714520952,516.9023895263672,5.656187801465597
11.732879695494594,516.7735154893663,5.840522500418743
11.735339676468236,516.9224683973524,6.212728636869315
11.737799657441878,514.7365502251519,6.153020495160172
11.740259638415518,514.104988945855,5.934491248138616
11.74271961938916,512.3480597601997,5.525489316349697
11.745179600362802,510.13594224717883,5.4782352588853565
11.747639581336443,509.7913089328342,5.700404068160722
11.750099562310085,509.4322323269314,5.973914708478052
11.752559543283725,511.09134250217016,6.14497981620908
11.755019524257367,513.5674997965494,5.889495085554791
11.757479505231009,517.5749121771919,5.583857260615683
11.759939486204651,522.0909305148655,5.481429804865446
11.762399467178291,516.3660125732422,5.633898903883977
11.764859448151933,518.4345957438151,6.332657973957855
11.767319429125575,521.5665232340494,6.195063718117005
11.769779410099217,519.7123752170139,6.056215680150556
11.772239391072857,519.2677544487847,5.677062122629558
11.774699372046499,520.0240563286675,5.601931194167705
11.77715935302014,518.2017923990885,5.742325699950981
11.779619333993782,505.994138929579,5.900499935313128
11.782079314967424,508.2787356906467,6.073632408609305
11.784539295941064,513.8791300455729,5.916970543454681
11.786999276914706,512.2037099202474,5.672470091943283
11.789459257888348,513.9964514838325,5.485293706210045
11.79191923886199,514.9751739501953,5.584489250392816
11.79437921983563,514.1606496175131,5.783858781027345
11.796839200809272,516.3275672064888,5.912130280656384
11.799299181782914,516.8803880479601,5.936443661077274
11.801759162756555,518.2044372558594,5.689436863318084
11.804219143730196,520.1557888454861,5.665132551322939
11.806679124703837,517.7308349609375,5.725891715768415
11.80913910567748,519.8607177734375,5.865855136087456
11.811599086651121,521.3776431613499,6.097561223108761
11.814059067624761,522.4172041151259,6.014550410883515
11.816519048598403,527.9995049370659,6.0747562106227555
11.818979029572045,527.2477840847439,5.995833078200595
11.821439010545687,527.3957570393881,5.978452710104432
11.823898991519329,525.9245876736111,6.063241635243349
11.826358972492969,526.4945017496744,6.115028643236535
11.82881895346661,532.4959004720052,6.2496782416789705
11.831278934440252,529.8826582166884,6.066100834839619
11.833738915413894,532.0700090196398,6.129027466409479
11.836198896387534,531.0037807888455,5.9660724560458815
11.838658877361176,536.0802730984158,5.880870591669791
11.841118858334818,534.8880462646484,5.966133428345021
11.84357883930846,536.8932851155599,6.015858358087509
11.8460388202821,534.1371815999349,6.045529355249125
11.848498801255742,536.0147654215494,5.95104356133377
11.850958782229384,539.6881425645616,5.808690477437234
11.853418763203026,547.412356906467,5.864910595182229
11.855878744176668,547.2020755343967,5.933573968889856
11.858338725150308,551.0166795518663,6.208574043063962
11.86079870612395,548.3441535101997,6.273945305457332
11.863258687097591,553.9959852430555,6.2521528063897245
11.865718668071233,554.6827172173394,6.022870403149652
11.868178649044873,558.1113755967882,6.099720819708172
11.870638630018515,561.09326171875,6.321172072591662
11.873098610992157,559.5028788248698,6.329878562100861
11.875558591965799,561.8459693060981,6.652323711316219
11.878018572939439,557.6903805202908,6.242132359766571
11.88047855391308,565.4843037923177,5.9684958393183605
11.882938534886723,571.0586429172092,6.08036728846707
11.885398515860365,574.6408996582031,6.193403882181696
11.887858496834005,576.0990329318577,6.316454143330556
11.890318477807647,575.6465488009983,6.174405669671483
11.892778458781288,577.7247009277344,5.9341764065529645
11.89523843975493,580.7501475016276,6.0049438966040025
11.897698420728572,582.298585679796,6.056494700299754
11.900158401702212,582.3735029432509,6.327541193916603
11.902618382675854,587.9180874294705,6.392373452064367
11.905078363649496,587.2972429063585,6.262358396663397
11.907538344623138,594.6517062717014,6.288199437779411
11.909998325596778,588.2638804117838,6.388752404197776
11.91245830657042,591.8580356174045,6.5798266512615555
11.914918287544062,592.1745859781901,6.700931680419608
11.917378268517703,597.790537516276,6.8487417431413125
11.919838249491344,591.9747823079427,6.558005685255908
11.922298230464985,593.0026194254557,6.605589892803443
11.924758211438627,590.0812717013889,6.610905445904855
11.927218192412269,592.6119367811415,6.607385735597473
11.92967817338591,596.4976298014323,6.653051439860637
11.932138154359551,600.1427137586805,6.589445005269283
11.934598135333193,601.4018249511719,6.6466915594527105
11.937058116306835,602.632337782118,6.511294665665766
11.939518097280477,609.8750339084202,6.567474672954919
11.941978078254117,611.1012793646919,6.48606434202412
11.944438059227759,618.2371012369791,6.510898390067576
11.9468980402014,621.4004262288412,6.656230570488928
11.949358021175042,621.9134606255425,6.684531229548648
11.951818002148682,620.7799614800347,6.769868520056305
11.954277983122324,620.9941864013672,6.534383369605364
11.956737964095966,619.7619120279948,6.432276391552575
11.959197945069608,623.0119205050999,6.747191638641202
11.961657926043248,623.1702931722006,6.912170086157376
11.96411790701689,620.3830905490452,7.013867615520849
11.966577887990532,620.4880421956381,6.6923070153230855
11.969037868964174,621.062747531467,6.470274274243014
11.971497849937816,618.284203423394,6.640034521399067
11.973957830911456,616.6247778998481,6.9880305020180815
11.976417811885097,627.0590328640408,7.093306170198974
11.97887779285874,618.9866672092014,6.64376298105345
11.981337773832381,620.1403656005859,6.279542988319333
11.983797754806021,620.9515414767795,6.303553629510918
11.986257735779663,624.9434983995226,6.656226827746624
11.988717716753305,625.4165920681423,6.877828541412449
11.991177697726947,624.8059726291233,6.689865530956777
11.993637678700587,628.7102695041233,6.288792387379474
11.996097659674229,621.864488389757,6.105097495371415
11.99855764064787,623.7101355658638,6.331690587267722
12.001017621621513,621.4447750515408,6.870805244117494
12.003477602595153,623.9307132297092,6.852583340612246
12.005937583568794,618.5515780978733,6.383559509765656
12.008397564542436,619.4889848497179,6.192467932602286
12.010857545516078,614.9240230984158,6.40814732917116
12.01331752648972,617.2318030463325,6.970513483936891
12.01577750746336,618.1782023111979,7.031108853475979
12.018237488437002,611.0656110975477,6.613172287238933
12.020697469410644,614.6892835828993,6.346816899621698
12.023157450384286,613.9667460123698,6.424274822147061
12.025617431357926,615.3732418484158,6.901033367159012
12.028077412331568,608.5846252441406,6.926916189438173
12.03053739330521,619.3580288357205,6.718412855937759
12.032997374278851,611.799318101671,6.312436023603855
12.035457355252491,609.9203847249349,6.322930354565199
12.037917336226133,613.8717770046658,6.759241913211768
12.040377317199775,613.5704905192057,6.820003056892585
12.042837298173417,614.1012471516927,6.562598800743679
12.045297279147057,614.6682993570963,6.340411596229594
12.047757260120699,615.4303063286675,6.435877552192674
12.050217241094341,612.1051449245876,6.745279299692368
12.052677222067983,620.4757164849175,6.7721753992003375
12.055137203041625,613.8333655463325,6.575707042080489
12.057597184015265,613.8576083713108,6.4326456808357
12.060057164988907,611.8912997775608,6.607837536718379
12.062517145962548,610.974607679579,6.8479398150484725
12.06497712693619,606.3338945176866,6.820414253119062
12.06743710790983,604.4877065022787,6.512437167715533
12.069897088883472,605.1491478814019,6.535320201293112
12.072357069857114,599.7243821885851,6.695023131405857
12.074817050830756,601.1536712646484,6.872007765898563
12.077277031804396,593.0932142469618,6.671251943937651
12.079737012778038,595.5207095675999,6.4184642235885105
12.08219699375168,589.3530493842231,6.38256896228533
12.084656974725322,598.612084282769,6.7629152344323025
12.087116955698963,592.5998263888889,6.748271867750865
12.089576936672604,599.3882395426432,6.487193476223207
12.092036917646245,599.3394436306423,6.205064062785049
12.094496898619887,601.9820183648003,6.295749982757021
12.09695687959353,606.7239430745443,6.640722256689167
12.09941686056717,604.1438649495443,6.56832818284149
12.101876841540811,602.999033610026,6.283505834943256
12.104336822514453,598.6377309163412,6.082097436690292
12.106796803488095,602.1328192816841,6.328231142670264
12.109256784461735,595.2567647298177,6.617925929605879
12.111716765435377,597.3693644205729,6.612203489128732
12.114176746409019,591.0585293240017,6.3561748363024275
12.11663672738266,592.8338097466362,6.266916584639068
12.1190967083563,591.3959214952257,6.501376522056501
12.121556689329942,590.2130059136284,6.730965967804322
12.124016670303584,587.3111979166666,6.678538737163631
12.126476651277226,584.2276306152344,6.63131526331654
12.128936632250868,588.0522664388021,6.20999820301653
12.131396613224508,583.9966786702474,6.339651693808828
12.13385659419815,578.6197967529297,6.569341846580003
12.136316575171792,577.9528028700087,6.28535971368612
12.138776556145434,581.1303643120659,6.102835519521039
12.141236537119074,581.707277086046,5.980438429568595
12.143696518092716,574.960440741645,6.107614852733809
12.146156499066358,579.9260203043619,6.279507080481835
12.14861648004,578.7720862494575,6.250562129147892
12.15107646101364,581.1407148573134,6.030964210311383
12.153536441987281,577.8823852539062,5.941657876751197
12.155996422960923,576.5170355902778,5.993416335689887
12.158456403934565,575.7645704481337,6.3646703922491845
12.160916384908205,573.5566084120009,6.189463679104966
12.163376365881847,569.191626654731,6.0213971148442
12.165836346855489,569.4304826524523,6.096352584181049
12.16829632782913,569.0458374023438,6.083235383492603
12.170756308802773,562.4051106770834,6.379201013690312
12.173216289776413,564.6131015353733,6.422868357765792
12.175676270750055,556.8545583089193,6.262385939723109
12.178136251723696,562.3163723415798,6.1268449720058955
12.180596232697338,555.149668375651,6.154366661168689
12.183056213670978,561.0420125325521,6.462881867081874
12.18551619464462,558.7376793755425,6.321628690956112
12.187976175618262,557.572277492947,6.115480552950786
12.190436156591904,562.4862704806858,5.923041855869469
12.192896137565544,560.3331129286024,6.064546268798481
12.195356118539186,566.4311116536459,6.365872326638187
12.197816099512828,566.0765567355686,6.269438595803804
12.20027608048647,567.4709099663628,6.148688367132058
12.202736061460111,567.1964670817057,6.411550331331396
12.205196042433752,567.5823872884115,6.097213028339423
12.207656023407393,570.8684878879124,6.2937893458287295
12.210116004381035,571.1607886420356,6.128014200732151
12.212575985354677,570.0564219156901,5.810761731653299
12.215035966328317,568.1087239583334,5.955341804594004
12.217495947301959,569.759545220269,6.191313270067762
12.219955928275601,565.7348242865669,6.2527001882430095
12.222415909249243,568.0225999620226,5.986428856242624
12.224875890222883,568.5182647705078,5.919767533694675
12.227335871196525,567.2739969889323,6.0919409759358585
12.229795852170167,569.7212388780382,6.226917234749457
12.232255833143808,567.1774427625868,6.182140574658101
12.234715814117449,571.3848944769966,5.917156563088734
12.23717579509109,576.2972649468315,6.023138264011665
12.239635776064732,582.2996843126085,6.2684478222742905
12.242095757038374,579.2349751790365,6.286017071529641
12.244555738012016,580.9897850884331,6.124604309187959
12.247015718985656,585.7145317925347,6.0778312632984335
12.249475699959298,584.2483910454644,6.124126539354593
12.25193568093294,585.4116516113281,6.196257437280165
12.254395661906582,588.5621473524305,6.233266422161804
12.256855642880222,589.0980631510416,6.069477933270837
12.259315623853864,591.5675676133898,6.184357701346738
12.261775604827506,590.9406382242838,6.22730746909097
12.264235585801147,590.9194115532769,6.243657618630001
12.266695566774787,591.2772013346354,6.171183613773326
12.26915554774843,605.1292131212023,6.278785081617249
12.271615528722071,667.8467932807075,6.816398504534481
12.274075509695713,902.6394721137153,8.255246393335623
12.276535490669355,1039.6481323242188,9.344617357499853
12.278995471642995,811.9116753472222,7.803782123097549
12.281455452616637,658.8075425889757,6.813556256883393
12.283915433590279,625.7439558241102,6.495721555793108
12.28637541456392,616.9170989990234,6.505197992520462
12.28883539553756,613.9067433675131,6.458058269420116
12.291295376511203,614.9409739176432,6.606737154940263
12.293755357484844,617.5181545681423,6.53631990415492
12.296215338458486,618.7577073838976,6.301490779159545
12.298675319432126,618.7546030680338,6.378290550086508
12.301135300405768,620.0555555555555,6.625417767587917
12.30359528137941,621.7139943440756,6.571794939575351
12.306055262353052,617.1933932834202,6.279866810724207
12.308515243326692,619.4233924018013,6.293298636811312
12.310975224300334,618.5236121283638,6.565007675431883
12.313435205273976,622.1905805799696,6.625036252810652
12.315895186247618,622.2475925021702,6.376796807238387
12.31835516722126,620.9920332166884,6.232149408708229
12.3208151481949,621.0565507676866,6.506857097315816
12.323275129168541,621.3360816107856,6.813650809088805
12.325735110142183,623.8849232991537,6.561270610817585
12.328195091115825,628.5336693657769,6.210689247260079
12.330655072089465,626.1337619357639,6.445956524416198
12.333115053063107,627.1385599772135,6.787483060307732
12.335575034036749,628.9940016004774,6.623372108987168
12.33803501501039,633.0111473931206,6.191816274755233
12.34049499598403,632.6632164849175,6.26188172258314
12.342954976957673,636.62939453125,6.826233815460891
12.345414957931315,636.5774129231771,6.839194769148747
12.347874938904956,637.6894107394749,6.306915445730714
12.350334919878597,638.3157619900173,6.300080481715072
12.352794900852238,639.3347015380859,6.725126858488592
12.35525488182588,640.394534640842,6.865561760178854
12.357714862799522,639.7226206461588,6.4006939911330285
12.360174843773164,644.2787289089626,6.196275588489959
12.362634824746804,648.5407189263237,6.718781156867875
12.365094805720446,669.379406399197,7.010909621574832
12.367554786694088,742.7246246337891,7.1439737479422005
12.37001476766773,785.8165825737847,7.165251003472689
12.37247474864137,719.0845472547743,7.001640301236412
12.374934729615012,660.1595696343315,7.121383349885952
12.377394710588653,651.726808336046,6.631641032056084
12.379854691562295,651.36572265625,6.338381700421577
12.382314672535935,661.3908962673611,6.672347526342534
12.384774653509577,669.9106174045139,6.934203808355883
12.38723463448322,659.7236260308159,6.610112236669046
12.389694615456861,656.6891326904297,6.3170043750637594
12.392154596430503,656.4233466254341,6.476130084434141
12.394614577404143,656.9952833387587,6.739943345591632
12.397074558377785,657.992652045356,6.627543479839205
12.399534539351427,655.5414428710938,6.410030749099782
12.401994520325069,655.1787787543403,6.526244095102492
12.404454501298709,654.53978644477,6.641670061340188
12.40691448227235,656.772701687283,6.627705968922061
12.409374463245992,660.7662624782986,6.546582668761851
12.411834444219634,659.9088999430338,6.489637030869192
12.414294425193274,659.1532711452908,6.720609099778936
12.416754406166916,663.9600524902344,6.5865370035370026
12.419214387140558,662.9480980767144,6.516268119832216
12.4216743681142,664.2801852756077,6.652704221623949
12.42413434908784,666.5209689670139,6.566956241128113
12.426594330061482,671.6911892361111,6.60039961759979
12.429054311035124,672.3514607747396,6.546235464435491
12.431514292008766,674.7164289686415,6.585479631937802
12.433974272982407,678.3106672498915,6.668542086238821
12.436434253956048,677.675052218967,6.454726202984719
12.43889423492969,679.8420240614149,6.504046130148825
12.441354215903331,681.944090101454,6.5772243549806335
12.443814196876973,686.2722710503472,6.574923938696245
12.446274177850613,684.6554294162327,6.488545221147333
12.448734158824255,685.1995713975695,6.505793256099915
12.451194139797897,681.8779941134983,6.600420384170418
12.453654120771539,688.1222991943359,6.676868845713434
12.456114101745179,681.7677035861545,6.459216206426979
12.45857408271882,688.2597198486328,6.493875329662069
12.461034063692463,690.6113094753689,6.711868034143573
12.463494044666104,688.2261488172743,6.6862923654893835
12.465954025639745,692.468027750651,6.738214598292075
12.468414006613386,693.6163584391276,6.5712416883793505
12.470873987587028,699.4160003662109,6.6747359376862105
12.47333396856067,699.9584469265408,6.810606443313053
12.475793949534312,703.2974683973524,6.641788009608404
12.478253930507952,706.5971086290148,6.579318401394035
12.480713911481594,710.9659237331814,6.68598006356033
12.483173892455236,711.0904744466146,6.698567447014138
12.485633873428878,715.4027286105686,6.744644866206552
12.488093854402518,724.94019402398,6.496158128270244
12.49055383537616,727.3569708930122,6.563617641262703
12.493013816349801,728.1693505181206,6.8092634205398275
12.495473797323443,734.3963724772135,6.7433263524049805
12.497933778297083,731.4598609076606,6.545405172013623
12.500393759270725,735.2362535264757,6.580911727995373
12.502853740244367,732.0129208034939,6.775318915983459
12.505313721218009,732.5982869466146,6.7721353701655
12.50777370219165,730.1696946885851,6.529296141034131
12.510233683165291,729.7273237440321,6.533609039812096
12.512693664138933,733.5509474012587,6.933096276202932
12.515153645112575,729.5559590657552,6.781653036682619
12.517613626086217,729.7714148627388,6.437334449514417
12.520073607059857,730.6412997775608,6.6351457689773135
12.522533588033498,734.3534037272135,6.863586851576402
12.52499356900714,740.4781256781685,6.833479563663794
12.527453549980782,738.9233703613281,6.520285775466337
12.529913530954422,744.0368804931641,6.6961820940821175
12.532373511928064,746.9342329237196,7.16417930432656
12.534833492901706,752.3833601209852,6.8665952048728265
12.537293473875348,750.9528435601128,6.538570248715922
12.539753454848988,754.3666263156467,6.8344649710774705
12.54221343582263,760.3375871446398,7.105537276579424
12.544673416796272,762.3616892496744,6.933420682045069
12.547133397769914,766.4059448242188,6.636123935717375
12.549593378743555,769.9345058865017,6.9533941352228394
12.552053359717195,772.0322672526041,7.290720648131513
12.554513340690837,773.3714701334635,6.943266021107557
12.55697332166448,774.3506859673394,6.794511107047909
12.559433302638121,779.1834598117405,7.16075385820104
12.561893283611761,774.1444227430555,7.378815653755615
12.564353264585403,783.4694434271919,7.107548927370858
12.566813245559045,782.4163733588325,7.10705200252382
12.569273226532687,780.0085245768229,7.352195881027455
12.571733207506327,779.2778981526693,7.472289021093968
12.574193188479969,778.13648308648,7.058821075646567
12.57665316945361,783.3486989339193,7.010079153456475
12.579113150427252,791.1945597330729,7.413245596069113
12.581573131400894,800.0719350179037,7.439033301979957
12.584033112374534,808.776863945855,7.3214753713245155
12.586493093348176,807.6645779079861,7.20138775149277
12.588953074321818,816.6122165256077,7.263819588615021
12.59141305529546,817.9691908094618,7.3752728463586505
12.5938730362691,819.6304389105903,7.1986058728451425
12.596333017242742,819.6153157552084,7.261580028933348
12.598792998216384,824.9558444552952,7.3260239989259635
12.601252979190026,830.9594997829861,7.386032981363963
12.603712960163666,842.3046569824219,8.552075428634213
12.606172941137308,841.6270446777344,8.199017190835228
12.60863292211095,833.6765306260851,7.945341182844732
12.611092903084591,842.6024237738716,8.249653011700772
12.613552884058231,836.394761827257,8.24530778202236
12.616012865031873,832.429467095269,8.034103538455826
12.618472846005515,836.8546854654948,8.124072972323502
12.620932826979157,829.7160814073351,7.697260620953909
12.623392807952799,826.2660149468315,7.490479841658043
12.625852788926439,827.8865627712673,7.320256915204127
12.62831276990008,831.0117492675781,7.611959947952505
12.630772750873723,832.3108181423611,7.659633075223997
12.633232731847365,835.2081909179688,7.348966844536502
12.635692712821005,840.011216905382,7.173158186872346
12.638152693794646,838.1953057183159,7.706741753610906
12.640612674768288,841.6441141764323,7.54132797773889
12.64307265574193,845.2481723361545,7.0479756290740685
12.64553263671557,846.238294813368,7.413365922180349
12.647992617689212,849.520239935981,7.570826711273437
12.650452598662854,848.9909871419271,7.384263158884891
12.652912579636496,846.1849907769097,7.101814133004487
12.655372560610136,846.9579874674479,7.578488017678226
12.657832541583778,843.0348341200087,7.685553833163508
12.66029252255742,849.7925313313802,7.271801607690601
12.662752503531062,848.8745625813802,7.518386288977276
12.665212484504703,841.4376458062065,7.829300649561371
12.667672465478343,839.1674262152778,7.564609183640029
12.670132446451985,839.1255323621962,7.190942913739077
12.672592427425627,846.7951185438368,7.7140542966520975
12.675052408399269,854.2712097167969,7.953336778234035
12.67751238937291,858.8597751193577,7.502865078020472
12.679972370346551,864.4484524197048,7.658766070605972
12.682432351320193,860.9771525065104,7.945780260828375
12.684892332293835,864.1762390136719,7.830091324971918
12.687352313267475,863.7802530924479,7.511591695476249
12.689812294241117,867.5980428059896,7.662346038234606
12.692272275214759,874.4814520941841,8.105103312130268
12.6947322561884,876.131371392144,7.919280683397835
12.697192237162042,885.7913174099392,7.688947873565293
12.699652218135682,885.8894822862413,8.114586756266839
12.702112199109324,890.2639533148872,8.030446914099453
12.704572180082966,888.677269829644,7.859103740665549
12.707032161056608,891.8198649088541,8.062856705381492
12.709492142030248,892.8829684787327,8.12365654276166
12.71195212300389,890.1904364691841,8.036572999537539
12.714412103977532,897.2571546766493,8.02952003860687
12.716872084951174,892.6565382215712,8.249898707394058
12.719332065924814,896.4218580457899,8.300727801144603
12.721792046898456,897.016381157769,8.089979045411152
12.724252027872097,892.3683064778646,8.21914262327363
12.72671200884574,898.3751186794705,8.288149491161887
12.72917198981938,893.613294813368,8.140794524728769
12.731631970793021,887.3515150282118,8.13441618214539
12.734091951766663,883.854515923394,8.181900685082871
12.736551932740305,882.9832356770834,8.140309982817735
12.739011913713947,890.1154005262587,8.12881172579004
12.741471894687587,879.6209072536892,8.11127771625351
12.743931875661229,875.9545457628038,7.89459258048568
12.74639185663487,879.0728386773003,8.0065880760981
12.748851837608512,878.6450805664062,7.945762487252416
12.751311818582153,878.5652737087673,7.844953903548531
12.753771799555794,878.087632921007,8.046434549008632
12.756231780529436,879.185777452257,7.8394194838425735
12.758691761503078,883.4847412109375,8.003679634498617
12.761151742476718,880.6802537706163,7.988118661263816
12.76361172345036,881.9546983506945,7.953949978713707
12.766071704424002,881.4023505316841,8.121675953215687
12.768531685397644,878.9567565917969,7.96618659998755
12.770991666371284,885.2777608235677,8.171258798075641
12.773451647344926,888.6129625108507,8.253722088276067
12.775911628318568,893.92529296875,8.120960662142966
12.77837160929221,899.3372565375435,8.254897849977297
12.780831590265851,904.4801398383247,8.229804295489533
12.783291571239491,895.293460422092,8.251913678310688
12.785751552213133,881.1812845865885,8.218120594519762
12.788211533186775,875.0668572319878,7.936061216948342
12.790671514160417,866.1640285915798,7.944380398035091
12.793131495134057,868.3894348144531,7.871387272075358
12.795591476107699,872.301747639974,7.865882052990055
12.79805145708134,880.133324517144,7.790193524964079
12.800511438054983,935.4770677354601,8.159301422384882
12.802971419028623,1160.2916463216145,9.415100622858162
12.805431400002265,2388.9263373480903,16.5068050770038
12.807891380975907,8356.985080295139,56.061321349048455
12.810351361949548,20566.06423611111,133.80176295979817
12.81281134292319,18481.806803385418,118.72431789573007
12.81527132389683,7052.073676215277,46.24591086998009
12.817731304870472,2590.2022298177085,18.250169926579588
12.820191285844114,1518.7943352593315,11.921968258331272
12.822651266817756,1088.6031460232205,9.050882805633115
12.825111247791396,924.1817525227865,8.283524023717787
12.827571228765038,851.6055297851562,8.071806895717904
12.83003120973868,818.517086452908,7.492518030711053
12.832491190712322,793.0960015190972,7.499956763363937
12.834951171685962,775.5905541314019,7.647004473630939
12.837411152659604,761.3614535861545,7.148955698340732
12.839871133633245,753.7925957573784,7.130489782410032
12.842331114606887,744.7489691840278,7.361104256286379
12.844791095580527,737.083255343967,7.074252988756135
12.84725107655417,727.0999891493055,6.7775370430167845
12.849711057527811,725.4447665744358,7.069415357045757
12.852171038501453,714.2648756239149,6.931731612155616
12.854631019475095,704.6123250325521,6.438198271601848
12.857091000448735,702.8205990261501,6.70304793270862
12.859550981422377,694.9437984890408,6.673128944937548
12.862010962396019,690.6404978434244,6.381985370300536
12.86447094336966,688.3147922092014,6.680491507768445
12.8669309243433,683.7093539767795,6.855659575021958
12.869390905316942,681.744388156467,6.611265397301084
12.871850886290584,671.8765750461155,6.565227221800419
12.874310867264226,667.992429945204,6.835931516983467
12.876770848237866,659.2260674370659,6.73088082607767
12.879230829211508,654.5237460666233,6.465573183631849
12.88169081018515,654.9845648871528,6.69694018543226
12.884150791158792,647.5760871039497,6.916851408477377
12.886610772132432,650.0387081570095,6.431368636879429
12.889070753106074,640.5601908365885,6.7958754780316575
12.891530734079716,634.6807623969185,6.985155319643379
12.893990715053357,636.6279619004991,6.741041062267482
12.896450696027,630.3477698432075,6.740862060340901
12.89891067700064,634.538328382704,6.946619162014252
12.901370657974281,630.2828047010634,6.694055235177166
12.903830638947923,625.1123775906033,6.276606778294854
12.906290619921565,625.9322085910374,6.327733965265157
12.908750600895205,621.2427113850912,6.23723588963043
12.911210581868847,621.3676588270399,6.287640843898903
12.913670562842489,623.4198218451606,6.828628188377188
12.91613054381613,619.0322011311849,6.679192638421396
12.91859052478977,623.6302744547526,6.95964063549952
12.921050505763413,614.6316477457682,6.808743927455345
12.923510486737054,611.3620249430338,6.650535577675886
12.925970467710696,611.442392985026,6.901241284812355
12.928430448684338,605.4782918294271,6.413398748297883
12.930890429657978,606.3252410888672,6.173265809483949
12.93335041063162,603.9767388237847,6.583160404782371
12.935810391605262,601.9182620578342,6.367615119224611
12.938270372578904,606.5280168321398,6.182889352551817
12.940730353552544,602.8621487087673,6.546361807318347
12.943190334526186,599.3750813802084,6.3617019969026645
12.945650315499828,597.3963911268446,5.993398620372664
12.94811029647347,599.4179534912109,6.282954460293319
12.95057027744711,602.5928955078125,6.331744332945452
12.953030258420752,594.7411956787109,5.855797731879866
12.955490239394393,594.6507653130425,6.1388547589393
12.957950220368035,595.320787217882,6.230210840559822
12.960410201341675,591.1532372368706,5.779949530173775
12.962870182315317,592.8312801784939,5.98424980062525
12.965330163288959,588.329342312283,6.273100712312194
12.967790144262601,587.9634721544054,5.888059700197671
12.970250125236243,588.1743316650391,6.039625713030645
12.972710106209883,589.6959957546658,6.349998053766262
12.975170087183525,587.8760901557075,5.9721997093702335
12.977630068157167,586.4634636773003,6.085549295180077
12.980090049130808,584.5910491943359,6.340172979861206
12.982550030104449,589.7409125434028,6.135133957744065
12.98501001107809,588.8722059461805,6.128906666616819
12.987469992051732,588.6954989963108,6.4305888658757
12.989929973025374,588.2816246880425,6.326623036168367
12.992389953999014,586.4052022298177,6.236633738521901
12.994849934972656,586.5203976101345,6.369400886846873
12.997309915946298,584.9915907118055,6.224829729058377
12.99976989691994,586.1531575520834,6.0993706850485045
13.002229877893582,584.191414727105,6.313141945635924
13.004689858867222,580.5025922987196,6.159183871464912
13.007149839840864,584.396492852105,5.951940723505145
13.009609820814505,583.9101087782118,6.162460619713105
13.012069801788147,580.3619028727213,6.055962274464729
13.014529782761787,587.842787000868,6.028637520872835
13.01698976373543,586.0218590630425,6.170647379024722
13.019449744709071,580.1017727322048,6.086659893868952
13.021909725682713,582.0950775146484,6.078498787658372
13.024369706656353,580.2587280273438,6.252195729774827
13.026829687629995,580.7422400580513,6.281531514289633
13.029289668603637,580.0969967312283,6.243960590609066
13.031749649577279,579.7727610270182,6.341098400854079
13.034209630550919,581.8003421359592,6.415472237887162
13.03666961152456,577.7248331705729,6.370782833359172
13.039129592498202,579.8672892252604,6.471979741352634
13.041589573471844,580.2550506591797,6.420642716568339
13.044049554445486,580.3172522650825,6.4482602852292805
13.046509535419126,580.8786129421658,6.365576517480732
13.048969516392768,579.8408016628689,6.35695866943217
13.05142949736641,576.8818054199219,6.30886349924244
13.053889478340052,577.4891374376085,6.321401630309514
13.056349459313692,575.509986029731,6.156807263670373
13.058809440287334,576.5200822618273,6.195175102387104
13.061269421260976,572.0687662760416,6.092468954407167
13.063729402234618,579.7120751274956,6.094439082806064
13.066189383208258,583.1305287679037,6.220675012779023
13.0686493641819,580.9154154459635,6.150656466893338
13.071109345155541,585.993638780382,6.1998342329254585
13.073569326129183,582.6176401774088,6.298444913024603
13.076029307102823,578.147215101454,6.29162366290889
13.078489288076465,583.3389875623915,6.371625568786729
13.080949269050107,579.9827117919922,6.542505347865427
13.083409250023749,585.0980139838325,6.535851134345328
13.08586923099739,586.0982208251953,6.514891735117593
13.08832921197103,586.2694210476345,6.602047614131009
13.090789192944673,588.5123375786675,6.6638874889386015
13.093249173918315,587.4458194308811,6.547687508698988
13.095709154891956,582.6028171115452,6.547981463795412
13.098169135865597,586.7944505479601,6.762168915547991
13.100629116839238,582.2522803412544,6.359539275750902
13.10308909781288,579.033688015408,6.312803110261461
13.105549078786522,576.7306009928385,6.408101738547526
13.108009059760162,574.8554890950521,6.151984216185011
13.110469040733804,578.7538113064236,6.206611550171359
13.112929021707446,578.2253570556641,6.338343528212317
13.115389002681088,575.564710828993,6.119613008580493
13.11784898365473,578.4144304063585,6.177918948164572
13.12030896462837,581.209464179145,6.373503527063303
13.122768945602012,581.4231346978081,6.290163239125385
13.125228926575653,586.434327867296,6.464848788594009
13.127688907549295,590.53931511773,6.704712997886429
13.127688909382123,654.7687547471788,6.9532879122306355
13.130148888522935,589.4047376844618,6.598052866608181
13.130148890355764,653.1800028483073,6.960618651924909
13.132608869496577,590.550523546007,6.757939046813604
13.132608871329406,654.903566148546,7.142031177025875
13.135068850470219,593.7889302571615,6.864851139340344
13.135068852303048,655.0925988091362,7.25909069192764
13.137528831443861,591.3218315972222,6.76330415375787
13.137528833276688,654.3304494222006,7.357982572145601
13.139988812417501,586.0679762098524,6.870584729771238
13.13998881425033,648.9429592556423,7.230715931502221
13.142448793391143,589.0910983615452,6.903219517546943
13.142448795223972,659.9745517306858,7.43738402764045
13.144908774364785,582.1881425645616,6.729393721743233
13.144908776197614,658.8863135443794,7.380274788237687
13.147368755338427,577.1318918863932,6.671685959852106
13.147368757171256,659.1727803548177,7.461565255709474
13.149828736312067,584.6080898708767,6.662881935738256
13.149828738144896,657.8095330132378,7.298703598314146
13.152288717285709,579.2525499131945,6.4907264141542
13.152288719118538,658.5706464979384,7.377987954693467
13.15474869825935,580.6794501410591,6.45213950407756
13.15474870009218,661.1236470540365,7.1557467269777675
13.157208679232992,580.3765767415365,6.46536802194967
13.157208681065821,663.3336029052734,7.2030876956986996
13.159668660206634,571.7651045057509,6.247455955757783
13.159668662039461,667.1555243598091,7.050275170803431
13.162128641180274,578.7359653049045,6.335474802174747
13.162128643013103,664.6473337809244,6.996454472802522
13.164588622153916,581.4436289469401,6.410297785105766
13.164588623986745,662.3960927327474,6.822798069433099
13.167048603127558,581.5238003200955,6.407328055166096
13.167048604960387,665.4386206732856,6.8730657460812985
13.1695085841012,581.6327446831597,6.478042548438898
13.169508585934027,663.288075764974,6.669771009242582
13.17196856507484,578.7090606689453,6.595959394559514
13.171968566907669,664.6251068115234,6.637863223155299
13.174428546048482,584.1146511501736,6.605901430609097
13.17442854788131,662.4543117947048,6.537847169933391
13.176888527022124,584.8297051323784,6.665276225737421
13.176888528854953,661.449452718099,6.515877762690788
13.179348507995766,585.5819074842665,6.859489574171737
13.179348509828593,665.0347730848524,6.519838465393087
13.181808488969406,590.2119666205513,6.754852356901029
13.181808490802235,661.4718780517578,6.467228595876257
13.184268469943047,590.4407094319662,6.747017090973497
13.184268471775876,660.9175601535374,6.527412867530123
13.18672845091669,587.4755011664497,6.775270126091436
13.186728452749518,663.7825385199653,6.44511700969757
13.189188431890331,591.6978471544054,6.649037851630501
13.18918843372316,662.5328182644314,6.55555458263243
13.191648412863971,586.360105726454,6.649530432001988
13.1916484146968,662.1798926459419,6.515263812015627
13.194108393837613,590.9025183783638,6.766931851479731
13.194108395670442,663.4851820203993,6.54998988592418
13.196568374811255,591.2902255588108,6.538529947359887
13.196568376644084,661.1033240424263,6.461158454224813
13.199028355784897,580.685550265842,6.557609849105063
13.199028357617726,663.7974938286675,6.533518487305025
13.201488336758539,585.1986609564888,6.577710549220925
13.201488338591366,667.8185000949436,6.481706197358417
13.203948317732179,585.4665154351128,6.524105187798174
13.203948319565008,659.7124328613281,6.618068018692874
13.20640829870582,574.8839484320747,6.51835273622253
13.20640830053865,654.503638373481,6.383392900917037
13.208868279679463,580.4258863661024,6.398982479475244
13.208868281512292,662.9438798692491,6.538366226271549
13.211328260653104,578.8236253526476,6.3996637628115804
13.211328262485932,661.9128994411892,6.533270995348683
13.213788241626744,580.5629221598307,6.631124686485892
13.213788243459573,664.9131690131294,6.724100423605067
13.216248222600386,588.1993476019966,6.499885379766609
13.216248224433215,665.864515516493,6.694500794200068
13.218708203574028,583.3435923258463,6.538465618385525
13.218708205406857,664.4370693630642,6.748814077186281
13.22116818454767,585.3485344780815,6.608660829187561
13.221168186380499,666.5626593695747,6.744511464231609
13.22362816552131,585.1483205159506,6.404887600483806
13.22362816735414,665.1628672281901,6.869159655689901
13.226088146494952,584.488037109375,6.66491135053672
13.226088148327781,668.7593282063802,6.9019234014110316
13.228548127468594,592.9245232476128,6.6933532018464375
13.228548129301423,666.012203640408,7.026684017086774
13.231008108442236,584.975589328342,6.296405262652045
13.231008110275065,668.0920088026259,6.940028785380402
13.233468089415878,588.8094329833984,6.594541934442235
13.233468091248705,668.5538007948134,7.044876922639369
13.235928070389518,587.5671997070312,6.488234650169296
13.235928072222347,664.2316233317057,6.98187139551026
13.23838805136316,589.767081366645,6.229278340904707
13.238388053195989,666.9131673177084,7.094251897715321
13.240848032336801,588.439208984375,6.597401342723989
13.24084803416963,667.9441070556641,7.101404138160994
13.243308013310443,574.994630601671,6.444844267457082
13.24330801514327,672.3916303846571,7.412708361581958
13.245767994284083,585.2813500298394,6.35893583149883
13.245767996116912,666.6670650906033,7.379738700448776
13.248227975257725,587.1541290283203,6.521227097924421
13.248227977090554,669.5413513183594,6.9490885363116615
13.250687956231367,581.3161977132162,6.288778574865447
13.250687958064196,671.965111626519,6.925726015095729
13.253147937205009,572.3308987087673,6.653310615211557
13.253147939037836,673.7364247639974,6.921575915593465
13.255607918178649,576.4310523139106,6.666443187493577
13.255607920011478,670.5967135959202,6.923193469890306
13.25806790098512,662.5631900363499,7.155742625120323
13.260527881958762,667.0523579915365,6.973885383588278
13.262987862932404,668.6561499701606,6.786176363929039
13.265447843906044,668.9972110324436,6.682140583310009
13.267907824879686,669.9152018229166,6.564061085732702
13.270367805853327,668.8155127631294,6.5090554596134815
13.27282778682697,668.6584303114149,6.4659948159043985
13.27528776780061,669.9311862521702,6.433632030051962
13.277747748774251,668.7398478190104,6.389696522409078
13.280207729747893,672.1057840983073,6.421336031915549
13.282667710721535,669.4301333957249,6.373637483371194
13.285127691695175,667.8516404893663,6.398274249898462
13.287587672668817,671.8108350965712,6.422658720193836
13.290047653642459,671.7230546739366,6.581641361635235
13.2925076346161,673.1468370225695,6.7080239870261495
13.29496761558974,663.7815365261501,6.70305108703953
13.297427596563383,667.2001647949219,6.746433189728871
13.299887577537024,677.7825571695963,6.948578177661152
13.302347558510666,670.7977701822916,6.90939796805737
13.304807539484308,673.0798119439019,6.943392103629288
13.307267520457948,671.9634704589844,6.923503375372014
13.30972750143159,673.7105339898003,6.992860130535768
13.312187482405232,676.8712972005209,7.009917567679659
13.314647463378874,671.1242014567057,6.97145081532337
13.317107444352514,671.5552622477213,6.920839919939022
13.319567425326156,674.4418301052517,6.967314146236366
13.322027406299798,670.8313429090712,6.809980972683325
13.32448738727344,672.6692301432291,6.821110770017191
13.32694736824708,671.6770663791233,6.724511358021324
13.329407349220721,672.6835157606337,6.69465344822279
13.331867330194363,672.9278784857856,6.6177649995906025
13.334327311168005,674.4477352566189,6.608579435877322
13.336787292141647,678.0867428249783,6.673870835586325
13.339247273115287,676.7039930555555,6.575410812970861
13.341707254088929,673.1719445122612,6.512069737259873
13.34416723506257,671.4502529568142,6.448554013977295
13.346627216036213,675.6054382324219,6.456053479268475
13.349087197009853,677.49681769477,6.468183397093131
13.351547177983495,675.260511610243,6.453362113357253
13.354007158957137,679.3024614122179,6.466429117211455
13.356467139930778,678.7811991373698,6.491585112520718
13.358927120904418,676.4711761474609,6.401500530047012
13.36138710187806,679.7658284505209,6.491783690560811
13.363847082851702,677.972157796224,6.531523639178914
13.366307063825344,675.9276343451606,6.507872172958823
13.368767044798984,677.8603074815538,6.552537296027352
13.371227025772626,677.1738349066841,6.565771770274254
13.373687006746268,676.9173872205946,6.652073195285346
13.37614698771991,676.7670101589626,6.66932911741659
13.378606968693552,672.0203145345052,6.699032309056599
13.381066949667192,671.1011861165365,6.679657941679624
13.383526930640834,672.6368323432075,6.740601861567823
13.385986911614475,674.5213877360026,6.772657607694703
13.388446892588117,672.6231452094185,6.76828622897352
13.390906873561757,668.2410498725044,6.663621371945666
13.3933668545354,670.5373857286241,6.756521908585227
13.395826835509041,668.5198296440972,6.742990700473725
13.398286816482683,672.9645216200087,6.81152077750252
13.400746797456323,675.6977759467231,6.770213173116784
13.403206778429965,672.07738410102,6.813114024439819
13.405666759403607,675.7040083143446,6.8203408361041795
13.408126740377249,673.5543738471138,6.8382289279687924
13.41058672135089,674.7372979058159,6.810013142546507
13.41304670232453,675.2818654378256,6.847380572350749
13.415506683298172,674.8694339328342,6.7835514187450645
13.417966664271814,677.1947631835938,6.900074800741462
13.420426645245456,674.1119469536675,6.799982213527857
13.422886626219096,675.98681640625,6.946521936054207
13.425346607192738,679.357177734375,6.976401687588709
13.42780658816638,676.5835367838541,7.037038583040891
13.430266569140022,681.2933519151476,7.008897538662451
13.432726550113662,677.6125793457031,7.061691391586406
13.435186531087304,681.8917202419705,7.023445501411206
13.437646512060946,677.2070939805773,7.064459092258969
13.440106493034587,683.5313585069445,7.013977288374074
13.442566474008228,684.2770928276909,7.123503792088039
13.44502645498187,680.5769534640842,7.023557522364705
13.447486435955511,677.1682942708334,7.033090909344944
13.449946416929153,677.9225260416666,6.9787579732176654
13.452406397902795,679.3199123806423,6.950004128232196
13.454866378876435,679.6889970567491,6.9088016969945425
13.457326359850077,679.964358859592,6.850178201775681
13.459786340823719,683.3907860649956,6.704219177959889
13.46224632179736,682.2327440049913,6.723801092802652
13.464706302771,681.8131391737196,6.638229523904835
13.467166283744643,686.582017686632,6.701016126772115
13.469626264718285,685.4193776448568,6.603965602107533
13.472086245691926,681.0920020209419,6.5902101370007
13.474546226665566,684.808592054579,6.532381582691178
13.477006207639208,687.2633158365885,6.615153584462652
13.47946618861285,687.5566609700521,6.5679773910866155
13.481926169586492,688.2974616156685,6.626493135327408
13.484386150560132,686.3566555447048,6.574187082876286
13.486846131533774,689.0490095350477,6.6851716208354475
13.489306112507416,688.0628051757812,6.678393602058726
13.491766093481058,692.236813015408,6.794389007572966
13.4942260744547,691.9458736843533,6.727690271898876
13.49668605542834,692.6892632378472,6.85435375096217
13.499146036401982,692.8509351942274,6.8418222656893946
13.501606017375623,693.2175140380859,6.924280183780749
13.504065998349265,693.2415991889106,6.973058175672738
13.506525979322905,697.4940728081597,7.090664231478546
13.508985960296547,696.1608123779297,7.057816943198384
13.511445941270189,695.8828854031033,7.146778732360194
13.513905922243831,699.9393225775825,7.108148237832782
13.516365903217471,702.7975226508247,7.1453561127465015
13.518825884191113,703.4999660915798,7.127228037329846
13.521285865164755,707.242685953776,7.12470216935771
13.523745846138397,706.4541388617622,7.09566858960087
13.526205827112038,707.3148481580946,7.152148034551299
13.528665808085679,708.5548994276259,7.114912538872023
13.53112578905932,704.7656690809462,7.075200760551309
13.533585770032962,704.1054144965278,7.039546714543572
13.536045751006604,703.1446414523655,6.992755490985338
13.538505731980244,707.8340759277344,7.020766948271932
13.540965712953886,703.3697170681423,6.969964583987589
13.543425693927528,705.0911661783854,7.009155663354334
13.54588567490117,701.9625142415365,7.040554374643999
13.54834565587481,704.0735982259115,6.990122515349142
13.550805636848452,703.9018351236979,7.04709220632162
13.553265617822094,697.6475389268663,7.006480427868748
13.555725598795735,696.4119127061632,7.050246736038011
13.558185579769376,698.4658847384983,7.00885950177024
13.560645560743017,696.2998775906033,7.088859108376671
13.56310554171666,694.6204579671224,7.039328181084614
13.565565522690301,695.0875074598524,7.161905433829086
13.568025503663943,695.3803388807509,7.108619151333752
13.570485484637583,695.6159515380859,7.146637254735515
13.572945465611225,695.2659606933594,7.130652778991579
13.575405446584867,691.1371782090929,7.175547540963305
13.577865427558509,691.4710083007812,7.164571361735456
13.580325408532149,690.8570132785374,7.294815965772369
13.58278538950579,691.6551106770834,7.251490825772675
13.585245370479432,686.2278103298611,7.2943798331189305
13.587705351453074,681.8347371419271,7.167047835404617
13.590165332426714,685.7380693223741,7.27718198377215
13.592625313400356,687.5987989637587,7.172333466699217
13.595085294373998,685.7196672227648,7.298776357617156
13.59754527534764,688.6825832790798,7.187127288982988
13.60000525632128,686.6960856119791,7.232396384899037
13.602465237294922,681.5164099799263,7.0234553739981145
13.604925218268564,687.2005513509115,7.077410114670055
13.607385199242206,684.9141777886284,7.0814564898594385
13.609845180215848,686.9613189697266,7.101417073846513
13.612305161189488,682.1898939344618,7.028691659435831
13.61476514216313,680.9009212917751,7.097559508172225
13.617225123136771,684.481211344401,6.959657199418761
13.619685104110413,683.7318420410156,7.048139546355041
13.622145085084053,680.5132836235894,6.922826254971487
13.624605066057695,685.9315100775825,6.998260893153782
13.627065047031337,683.4839918348524,6.862841617728177
13.629525028004979,688.1767188178169,6.964665897876438
13.631985008978619,684.52027214898,6.783811426363665
13.63444498995226,682.355709499783,6.823156423190768
13.636904970925903,682.4606475830078,6.75241109829955
13.639364951899545,686.1733720567491,6.830303505947068
13.641824932873186,675.7493506537544,6.717522440393155
13.644284913846827,677.4134114583334,6.778145837370365
13.646744894820468,678.9527367485894,6.797455870025778
13.64920487579411,680.3107435438368,6.8687169543352145
13.651664856767752,675.1937221950955,6.692761047895045
13.654124837741392,674.5643853081597,6.7309212788604444
13.656584818715034,670.6078101264106,6.684476185599868
13.659044799688676,675.0241512722439,6.7357762682557105
13.661504780662318,674.7261301676432,6.7293406503321185
13.663964761635958,673.7050493028429,6.816326589700409
13.6664247426096,676.048094007704,6.724171815603766
13.668884723583242,674.5418345133463,6.839389970677614
13.671344704556883,671.9680514865452,6.7684887234895355
13.673804685530524,673.159435696072,6.838159106701745
13.676264666504165,672.7869177924263,6.760279544209064
13.678724647477807,673.2442864312065,6.865333535858386
13.68118462845145,669.5322096082899,6.784402703266498
13.683644609425091,668.8232235378689,6.8592709302163195
13.686104590398731,667.5731591118706,6.916221690607672
13.688564571372373,669.5714653862847,6.921686825766455
13.691024552346015,671.1365729437935,6.921988773281469
13.693484533319657,669.1150478786892,6.923138016365643
13.695944514293297,669.0763888888889,6.861961120534075
13.698404495266939,669.3458591037327,6.805096925280786
13.70086447624058,665.3828175862631,6.692417169167819
13.703324457214222,672.1096462673611,6.655350277764238
13.705784438187862,667.0343729654948,6.572900609949958
13.708244419161504,668.9862552218967,6.502709821565357
13.710704400135146,668.7009989420573,6.480512525900629
13.713164381108788,665.1045735677084,6.430578688874691
13.71562436208243,662.1441599527994,6.337089093907177
13.71808434305607,662.4767812093099,6.272588331249113
13.720544324029712,654.9340667724609,6.210198137429468
13.723004305003354,659.7386355929905,6.309221394938979
13.725464285976996,662.0022905137804,6.379480488689773
13.727924266950636,660.4334886338976,6.162819447835614
13.730384247924277,659.853030734592,6.15998122385641
13.73284422889792,659.8819563123915,6.168360841719984
13.735304209871561,656.8328891330295,6.160456613391038
13.737764190845201,657.7654181586372,6.113682226335182
13.740224171818843,655.3184611002604,6.237150851946877
13.742684152792485,653.9000278049045,6.187555242096038
13.745144133766127,654.4829728868273,6.228711939390693
13.747604114739767,658.7482961018881,6.2673752980931825
13.750064095713409,654.565906100803,6.281668202499571
13.75252407668705,655.5865970187717,6.3136710445702615
13.754984057660693,655.0130988226997,6.415616949014728
13.757444038634334,654.3812323676216,6.361541200048324
13.759904019607974,659.9618615044487,6.464863407998426
13.762364000581616,652.480236477322,6.381103086673403
13.764823981555258,655.7672526041666,6.42008866391016
13.7672839625289,656.4697875976562,6.326512003140962
13.76974394350254,657.0784725613064,6.525660115324904
13.772203924476182,654.8021341959635,6.2696931380093295
13.774663905449824,658.8792673746744,6.349887477439766
13.777123886423466,659.5470377604166,6.281593911530154
13.779583867397106,658.7440185546875,6.270656184921898
13.782043848370748,655.7292277018229,6.21027000103249
13.78450382934439,654.2127922905815,6.295195139248681
13.786963810318031,652.0705159505209,6.190523266385008
13.789423791291672,658.5471242268881,6.304281410772705
13.791883772265313,656.2586703830295,6.127435613924603
13.794343753238955,651.7407430013021,6.168470305292488
13.796803734212597,653.2721048990885,6.110965631542366
13.799263715186239,652.283213297526,6.153560340754311
13.801723696159879,649.6950174967448,6.02821350959085
13.804183677133521,649.6524505615234,6.187683232582155
13.806643658107163,648.9403940836588,6.08298061771438
13.809103639080805,649.8133358425564,6.194081776592214
13.811563620054445,648.8108062744141,6.133777057101776
13.814023601028087,650.4546627468533,6.226130579015986
13.816483582001728,651.1490987141927,6.179014017700431
13.81894356297537,654.3192019992405,6.353107859381406
13.82140354394901,653.7280697292751,6.268549610027739
13.823863524922652,655.0144331190321,6.40475918185228
13.826323505896294,655.780249701606,6.384873873809774
13.828783486869936,657.796378241645,6.476829807747879
13.831243467843578,653.2842102050781,6.4053778627187725
13.833703448817218,656.9082319471571,6.5552608426751116
13.83616342979086,651.5301734076606,6.538510098803574
13.838623410764502,659.966808742947,6.689230099744633
13.841083391738144,661.0691596137153,6.611705447235307
13.843543372711784,657.7703552246094,6.572446074885267
13.846003353685425,661.0421261257595,6.5869882707700205
13.848463334659067,656.0341983371311,6.686231559571691
13.85092331563271,661.0162302652994,6.941427937808471
13.85338329660635,661.3336537679037,6.757722717471146
13.855843277579991,657.3383331298828,6.667830781004977
13.858303258553633,655.3710293240017,6.6481667152591095
13.860763239527275,656.8866526285807,6.592405693873501
13.863223220500915,654.3408610026041,6.531452448414384
13.865683201474557,657.4261440700955,6.401138582677086
13.868143182448199,656.1931864420573,6.406728949317711
13.87060316342184,656.4298366970486,6.281750097973934
13.873063144395482,655.1495140923394,6.194616992004947
13.875523125369122,655.7446662055122,6.081139233615474
13.877983106342764,657.1697116427952,6.083840002342108
13.880443087316406,656.6870829264323,5.991678478662115
13.882903068290048,658.6035614013672,6.046802725489323
13.885363049263688,655.6632283528646,5.933425038915061
13.88782303023733,654.1461893717448,5.912310922130742
13.890283011210972,655.7502933078342,5.881446140936667
13.892742992184614,653.8981730143229,5.838768103822635
13.895202973158254,661.6474049886068,5.91245828649062
13.897662954131896,664.1644405788845,5.964379810120268
13.900122935105538,660.158704969618,5.8997459357708255
13.90258291607918,661.6195797390408,6.00058044915884
13.90504289705282,659.4993235270182,6.024491960149216
13.907502878026461,663.6517164442274,6.119192114174419
13.909962859000103,665.5771552191841,6.18062294807244
13.912422839973745,668.0609029134115,6.365402649236728
13.914882820947387,662.7358974880642,6.479774937345026
13.917342801921027,661.9114702012804,6.494086972775919
13.919802782894669,665.4414571126302,6.645261275666491
13.92226276386831,663.9584401448568,6.558932125900892
13.924722744841953,665.958248562283,6.598226743268051
13.927182725815593,671.6889902750651,6.572569993679348
13.929642706789235,669.9320949978298,6.4631704507220595
13.932102687762876,671.914282904731,6.380538536676088
13.934562668736518,673.1109686957466,6.396505191407188
13.937022649710158,672.7573733859592,6.237093413510786
13.9394826306838,674.1429256863064,6.3045017449837815
13.941942611657442,675.0528428819445,6.303044573051619
13.944402592631084,674.1902533637153,6.261997702141721
13.946862573604726,677.3868798149956,6.219687220970957
13.949322554578366,673.6911129421658,6.322869812569788
13.951782535552008,670.7358669704861,6.2062291455192335
13.95424251652565,678.4822353786892,6.436339693705658
13.956702497499291,672.4686821831597,6.365991043796708
13.959162478472932,678.955579969618,6.475479143497854
13.961622459446573,682.6167924669054,6.497737083881404
13.964082440420215,681.130140516493,6.690257425297311
13.966542421393857,683.4180636935764,6.596052327109766
13.969002402367497,681.6074981689453,6.729285054204154
13.971462383341139,680.7915462917751,6.711046595600516
13.973922364314781,681.8572201199001,6.836369766405933
13.976382345288423,685.0185055202908,6.791776890263881
13.978842326262063,682.3260684543186,6.876109988016651
13.981302307235705,680.4210595024956,6.715152351001867
13.983762288209347,683.7962968614366,6.745667903630086
13.986222269182988,680.9029930962456,6.630421564455739
13.98868225015663,678.8736555311415,6.542842048726151
13.99114223113027,680.6477271185981,6.43068121330581
13.993602212103912,680.8734910753038,6.337131319425819
13.996062193077554,680.7206183539497,6.140135821650131
13.998522174051196,682.4752485487196,6.166593563664891
14.000982155024836,678.5919613308376,6.023502609515589
14.003442135998478,681.2277289496528,5.983258560451642
14.00590211697212,682.6615295410156,5.971264176315748
14.008362097945762,682.1381225585938,5.963896156326427
14.010822078919402,678.8509419759115,6.00031677570759
14.013282059893044,681.2730729844835,5.981545950729581
14.015742040866686,682.9858178032769,6.051653049673912
14.018202021840327,681.2032809787327,6.206534266549787
14.020662002813967,677.3892754448784,6.4096254910319574
14.02312198378761,681.0568542480469,6.425155433907629
14.025581964761251,683.4709862603081,6.546522199520714
14.028041945734893,685.1785668267144,6.599470854502649
14.030501926708535,684.9250267876519,6.810649918500316
14.032961907682175,681.2141689724392,6.77714218566155
14.035421888655817,686.0447896321615,7.075200436203682
14.037881869629459,688.6530982123481,7.0662527445731085
14.0403418506031,686.3322906494141,7.08460866352504
14.04280183157674,692.5111728244358,6.985556313813788
14.045261812550383,688.573009914822,6.980160925703481
14.047721793524024,688.0401509602865,6.839452127790708
14.050181774497666,691.9848581949869,6.98494988561264
14.052641755471306,689.2089775933159,6.811406317750578
14.055101736444948,687.5739254421658,6.668092389286861
14.05756171741859,689.4450361463759,6.519241636853388
14.060021698392232,691.4536895751953,6.652336900331745
14.062481679365874,688.5068800184462,6.277545456620466
14.064941660339514,691.6229231092665,6.34551825442568
14.067401641313156,690.4683956570095,6.313972953372897
14.069861622286798,687.9066416422526,6.284747869832094
14.07232160326044,689.1495717366537,6.266655684085393
14.07478158423408,691.6972215440538,6.344748430404373
14.077241565207721,690.3553890652126,6.3673489497999345
14.079701546181363,694.107187906901,6.532453934623587
14.082161527155005,693.6165635850695,6.67465377239147
14.084621508128645,694.4283277723524,6.78153736199976
14.087081489102287,696.247060139974,6.89926970825531
14.089541470075929,692.6654476589626,6.825879389649597
14.09200145104957,691.5343712700737,6.855013901953028
14.094461432023211,697.3292592366537,6.837608455461088
14.096921412996853,699.343004014757,6.902060381592532
14.099381393970495,692.6631249321831,6.837796424163118
14.101841374944136,695.8640984429253,6.956247244533436
14.104301355917778,702.1803334554037,7.000223663331269
14.106761336891418,708.4389936659071,7.027532848082306
14.10922131786506,701.0829366048177,6.685770603590769
14.111681298838702,698.539316813151,6.683316859976868
14.114141279812344,696.0232679578993,6.459682679282262
14.116601260785984,700.6947462293837,6.600621651992779
14.119061241759626,703.2774319118923,6.5845623311517105
14.121521222733268,704.3324398464626,6.576113804024515
14.12398120370691,703.5517255995009,6.510792484375097
14.12644118468055,704.9230312771267,6.7596091899631885
14.128901165654192,710.3346167670356,6.90978444509511
14.131361146627833,710.6309746636284,6.86256934018682
14.133821127601475,710.1740298800999,6.847961399527015
14.136281108575117,706.4981011284722,6.722448313419582
14.138741089548757,711.1306525336372,6.751553950229483
14.1412010705224,712.3118574354384,6.723718892611632
14.143661051496041,714.4216156005859,6.850560005140315
14.146121032469683,709.1189473470052,6.834692995742897
14.148581013443323,715.0989566379124,6.9458234831384615
14.151040994416965,714.6526099310981,6.901231619130508
14.153500975390607,714.7549268934462,6.860027851697566
14.155960956364249,716.8774159749349,6.61241616400556
14.158420937337889,718.3823513454861,6.634549156863215
14.16088091831153,720.5326775444878,6.555582534428251
14.163340899285172,725.8434312608507,6.699750449767709
14.165800880258814,722.4922519259983,6.786529887279061
14.168260861232454,718.1518775092231,6.845110094426517
14.170720842206096,726.1495819091797,6.922601333932617
14.173180823179738,730.3025071885851,6.9862944083391705
14.17564080415338,729.4097239176432,6.826683048759995
14.178100785127022,741.8726196289062,6.851673634837512
14.180560766100662,745.4809943305122,6.836368782071525
14.183020747074304,743.6483289930555,6.794820756324613
14.185480728047946,747.2078535291884,6.784981319410582
14.187940709021587,746.743140326606,6.7703045175168235
14.190400689995228,742.0945519341362,6.654530329533961
14.19286067096887,745.0710957845052,6.747401069139525
14.195320651942511,747.7341512044271,6.742291189061755
14.197780632916153,748.3199259440104,6.8200486933957825
14.200240613889793,750.712426079644,6.801389127053636
14.202700594863435,750.0656399197048,6.865177836986503
14.205160575837077,752.2062479654948,6.8602989400343395
14.207620556810719,756.525634765625,7.058428310953165
14.210080537784359,755.0397474500868,7.099760365510869
14.212540518758,750.8302951388889,7.003655417084274
14.215000499731643,750.8317464192709,6.937460853514036
14.217460480705284,753.0835401746962,6.8367148915207405
14.219920461678926,745.5288950602213,6.7270065695629455
14.222380442652566,747.29759894477,6.60718080633755
14.224840423626208,747.423583984375,6.645565501823965
14.22730040459985,740.3132680257162,6.413693762349899
14.229760385573492,741.3441348605686,6.538560624054437
14.232220366547132,742.7750396728516,6.566202234704352
14.234680347520774,741.5845557318794,6.707835833075137
14.237140328494416,741.1731855604384,6.724376761216757
14.239600309468058,741.0616760253906,7.018935943376592
14.242060290441698,736.9579094780815,6.975336829530172
14.24452027141534,737.2353142632378,7.194735306607479
14.246980252388981,740.288333468967,7.289011878555465
14.249440233362623,736.9352162679037,7.267143726561965
14.251900214336265,738.9461381700304,7.0485600304090426
14.254360195309905,739.4712710910374,6.893604975863759
14.256820176283547,738.0518764919705,6.574983639249515
14.259280157257189,739.4552730984158,6.4010247765738795
14.26174013823083,736.9273393419054,6.266753356534163
14.264200119204471,734.2250196668837,6.151619136097556
14.266660100178113,734.1682722303602,6.258126241196109
14.269120081151755,735.9142032199436,6.284840472337455
14.271580062125397,735.5298105875651,6.466699487832936
14.274040043099037,735.1449601915148,6.571821283498813
14.276500024072678,738.1639726426866,6.972120573941526
14.27896000504632,740.9449700249565,7.069622350685371
14.281419986019962,735.557117038303,7.280259518506512
14.283879966993602,737.2152777777778,7.230016910020953
14.286339947967244,742.2350802951389,7.25624607133276
14.288799928940886,746.2735866970486,6.9627556523660585
14.291259909914528,757.0328487820095,6.949523808258986
14.29371989088817,754.1957821316189,6.726571969594461
14.29617987186181,752.8528815375435,6.609263785880816
14.298639852835452,751.7632191975912,6.514715460098387
14.301099833809094,763.2923940022787,6.605019648378954
14.303559814782735,784.2370266384548,6.650549930054633
14.306019795756376,827.2532755533854,6.951677617030552
14.308479776730017,886.2714131673177,7.6444274823739065
14.31093975770366,910.3319074842665,7.754266887410714
14.313399738677301,891.7061191134983,8.039022009763254
14.315859719650941,867.8565097384983,7.876060583096762
14.318319700624583,831.6416202121311,7.617574998120931
14.320779681598225,791.9042629665798,7.050698733392905
14.323239662571867,766.3408016628689,6.995241678663782
14.325699643545507,745.303697374132,6.722206148129686
14.328159624519149,729.7288903130425,6.594489073824159
14.33061960549279,723.7175462510851,6.521404193348788
14.333079586466432,719.85375128852,6.4814698568633
14.335539567440074,716.229482014974,6.44520687992417
14.337999548413714,716.2158762613932,6.496362028456965
14.340459529387356,715.008548312717,6.60647367281215
14.342919510360998,714.897693210178,6.672111006249285
14.34537949133464,713.1300794813368,6.921318364008224
14.34783947230828,712.0195888943142,6.738066965837667
14.350299453281922,711.8982628716362,6.654940741698099
14.352759434255564,712.0536244710287,6.408539484920855
14.355219415229206,723.3928019205729,6.444634736240092
14.357679396202846,739.5679253472222,6.338508447945
14.360139377176488,818.1923014322916,6.894372488464696
14.36259935815013,976.034657796224,7.996702386815242
14.365059339123771,1012.7666219075521,8.434043559466641
14.367519320097413,873.3259107801649,7.629510726470649
14.369979301071053,775.1273244222006,7.258291780570896
14.372439282044695,738.1254204644097,7.189565950031215
14.374899263018337,721.9333224826389,7.082547428468342
14.377359243991979,718.606455485026,7.1157389421419985
14.379819224965619,711.5294443766276,6.791224949358272
14.38227920593926,711.9125756157769,6.563754127359383
14.384739186912903,716.6353861490885,6.290385179131111
14.387199167886545,713.0265892876519,6.151333066492202
14.389659148860185,708.8923187255859,5.981221335858924
14.392119129833826,710.4180789523655,6.0895719364782375
14.394579110807468,710.9167938232422,6.212203966314215
14.39703909178111,708.6136627197266,6.41782857920146
14.39949907275475,707.4819641113281,6.723089073003095
14.401959053728392,709.3826700846354,6.903339484749977
14.404419034702034,706.6814371744791,7.167612762589128
14.406879015675676,705.1085764567057,7.004210893331735
14.409338996649318,705.7171393500435,6.94864285586664
14.411798977622958,706.127927992079,6.6340767701753816
14.4142589585966,708.9131164550781,6.453338760767113
14.416718939570242,710.218992445204,6.23106051166768
14.419178920543883,705.82689581977,6.060116130281595
14.421638901517523,708.5929870605469,6.083024211760115
14.424098882491165,711.8146582709419,6.186726612174641
14.426558863464807,710.1118231879341,6.501302135403229
14.429018844438449,707.6605868869358,6.4836494474423185
14.43147882541209,712.2373216417101,6.830423131299982
14.433938806385731,713.409435696072,7.028548226348753
14.436398787359373,707.5091400146484,7.166422107565223
14.438858768333015,711.4396294487847,7.14476851693809
14.441318749306657,713.7112833658854,7.181277807412797
14.443778730280297,710.3366868760851,7.017630644190455
14.446238711253939,710.5253007676866,6.578532209455711
14.44869869222758,714.6467098659939,6.472823353809743
14.451158673201222,710.6430935329861,6.354799597826116
14.453618654174862,711.1153733995226,6.43507919960559
14.456078635148504,713.0738711886936,6.412506048162258
14.458538616122146,714.3663736979166,6.555181621605679
14.460998597095788,712.6720665825737,6.685636818996974
14.463458578069428,716.1749996609158,6.998537807459852
14.46591855904307,712.7593638102213,6.93705449380665
14.468378540016712,713.318369547526,7.003387047362647
14.470838520990354,711.966786702474,6.912203976839849
14.473298501963994,714.4842020670573,6.84909908434473
14.475758482937636,711.5502607557509,6.685340436002944
14.478218463911277,712.9534267849392,6.640281899791278
14.48067844488492,715.6614312065972,6.530888757434167
14.483138425858561,713.071275499132,6.385600011281928
14.485598406832201,713.6685536702474,6.563769820507183
14.488058387805843,714.4779273139106,6.564140532932732
14.490518368779485,715.7403021918403,6.78997917708583
14.492978349753127,713.3423699273003,6.661587839792497
14.495438330726767,717.35035027398,6.839293142220615
14.497898311700409,712.0807122124565,6.808766778826099
14.50035829267405,714.8133443196615,6.958976850504334
14.502818273647692,718.8845655653212,6.97762550618995
14.505278254621333,719.1210208468967,6.85026554751416
14.507738235594974,711.722652859158,6.7340389567410455
14.510198216568616,719.9912482367622,6.625277466455509
14.512658197542258,721.6754692925347,6.756625130164276
14.515118178515898,708.8456370035807,6.59017941136396
14.51757815948954,717.2557525634766,6.772940930807723
14.520038140463182,716.0798407660591,6.549835037742967
14.522498121436824,711.1436987982856,6.629958208635879
14.524958102410466,711.4381544325087,6.651791230544565
14.527418083384106,712.9468926323784,6.818502295883507
14.529878064357748,710.202145046658,6.697177653223758
14.53233804533139,709.8213958740234,6.639222685134763
14.534798026305031,714.5052591959635,6.697635571222031
14.537258007278671,710.5249837239584,6.784401867394134
14.539717988252313,703.6279144287109,6.912696558388309
14.542177969225955,721.8144921196831,6.978319423142256
14.544637950199597,716.4727189805773,6.886125627350395
14.547097931173237,708.7537248399523,6.67331273954207
14.549557912146879,716.3772040473091,6.831127214887951
14.55201789312052,718.4920739067925,6.829075109043788
14.554477874094163,709.7035522460938,6.745358083108654
14.556937855067805,717.7943945990669,6.713478793200515
14.559397836041445,722.4796193440756,6.729903870586442
14.561857817015087,711.2517479790581,6.66621503814886
14.564317797988728,715.9252132839626,6.687123998984848
14.56677777896237,716.3417443169487,6.829548570183317
14.56923775993601,709.8662770589193,6.599460470514098
14.571697740909652,713.1664683024088,6.585089506833902
14.574157721883294,719.0819380018446,6.491417011113171
14.576617702856936,719.5330895317925,6.453574441624675
14.579077683830576,714.0448998345269,6.349185129228216
14.581537664804218,714.2626003689236,6.476121730137591
14.58399764577786,716.504404703776,6.413578627500355
14.586457626751502,709.6774410671658,6.485898440978285
14.588917607725142,714.9955139160156,6.714087470068156
14.591377588698784,718.8184390597874,6.667873200971833
14.593837569672425,715.9530877007378,6.640383919854682
14.596297550646067,713.8775651719835,6.521374538551072
14.59875753161971,722.7817603217231,6.566635652818754
14.60121751259335,720.6571061876085,6.40231718075046
14.603677493566991,716.150414360894,6.506735270211001
14.606137474540633,724.1331176757812,6.551040873660733
14.608597455514275,725.867201063368,6.674887981074426
14.611057436487915,722.2851901584202,6.728318681546723
14.613517417461557,725.1664530436198,6.877547046415886
14.615977398435199,721.5079650878906,6.789297797550671
14.61843737940884,720.0608130560981,6.5442736529108565
14.62089736038248,727.9181382921007,6.553992060051445
14.623357341356122,727.4857872856987,6.415805112672703
14.625817322329764,719.8692677815756,6.473980611184277
14.628277303303406,722.0106981065538,6.523989598703183
14.630737284277046,728.1896328396267,6.810286724920583
14.633197265250688,727.6493225097656,6.875244028035215
14.63565724622433,724.0579427083334,7.054085025174428
14.638117227197972,727.7129533555773,7.086100208729609
14.640577208171614,724.1436513264974,6.7617334676766445
14.643037189145254,719.1055959065756,6.471364113781696
14.645497170118896,722.2429148356119,6.376749660792222
14.647957151092537,725.7250552707249,6.465823863892389
14.65041713206618,721.9050699869791,6.504324366805606
14.65287711303982,726.3634406195747,6.86488331782734
14.655337094013461,729.0027821858724,6.948541065396199
14.657797074987103,722.3309580485026,7.112998892563049
14.660257055960745,726.6030849880642,7.190014614155082
14.662717036934385,729.8662974039713,7.037667149529744
14.665177017908027,729.6564381917318,6.65378553274405
14.667636998881669,726.8811475965712,6.493460150473146
14.67009697985531,731.3707614474827,6.673352301536098
14.672556960828953,730.2752024332682,6.596535729767735
14.675016941802593,723.7648213704427,6.782953971454291
14.677476922776235,725.640133327908,7.049488732152157
14.679936903749876,732.8111012776693,7.382877755560539
14.682396884723518,725.1783786349827,7.12383494839781
14.684856865697158,729.1553565131294,7.010205766615232
14.6873168466708,733.0361599392361,6.673779457009156
14.689776827644442,727.5845421685112,6.511498150576196
14.692236808618084,725.1327667236328,6.319986354341505
14.694696789591724,734.5846269395616,6.402305662970393
14.697156770565366,728.6961890326606,6.5457726925552215
14.699616751539008,729.6240912543403,6.8108045720517865
14.70207673251265,736.6642574734158,7.056072071784815
14.70453671348629,733.8445790608724,6.861481095822945
14.706996694459932,730.2982754177517,6.7139446953802535
14.709456675433573,731.2058732774523,6.522776895236028
14.711916656407215,738.0571662055122,6.539290586429816
14.714376637380857,727.2483418782552,6.263452413524222
14.716836618354497,729.2174275716146,6.4141267621127165
14.719296599328139,740.8579372829861,6.5640620031647305
14.721756580301781,733.9897732204861,6.748654127033517
14.724216561275423,730.2140299479166,6.8833802916662545
14.726676542249063,739.1544833713108,6.635410171558518
14.729136523222705,736.3188222249349,6.654476850928397
14.731596504196347,731.0372246636284,6.492908772734538
14.734056485169988,740.6662241617838,6.708447947509973
14.736516466143629,742.7944149441189,6.639791983828663
14.73897644711727,734.3508589002821,6.698689859620131
14.741436428090912,737.9484608968099,6.955325142740969
14.743896409064554,747.0379062228733,7.0662629585198395
14.746356390038194,736.5270063612196,6.796624037883126
14.748816371011836,735.3016120062935,6.622008305607982
14.751276351985478,747.0946587456597,6.769820042219397
14.75373633295912,743.4966040717231,6.790265929994007
14.756196313932762,734.1239946153429,7.010205302647838
14.758656294906402,743.034169514974,7.142502004070753
14.761116275880044,748.4949832492405,7.3046250729542965
14.763576256853685,735.7559594048394,7.164106567191698
14.766036237827327,743.2142028808594,7.0599497072302375
14.768496218800967,753.5272623697916,6.80649146396088
14.77095619977461,742.5506913926866,6.554381182140408
14.773416180748251,740.8198615180122,6.793132433340012
14.775876161721893,750.5160692003038,6.986186250888946
14.778336142695533,743.7284427218967,7.200553658192555
14.780796123669175,734.8921881781685,7.187695359098096
14.783256104642817,749.8187730577257,7.415064095905222
14.785716085616459,747.6741061740452,7.019923106890948
14.7881760665901,740.2870127360026,6.579926365038941
14.79063604756374,741.5330844455295,6.34537965105594
14.793096028537382,747.6810302734375,6.324756529028393
14.795556009511024,738.3141225179037,6.528971360385617
14.798015990484666,745.2240651448568,6.913553606598517
14.800475971458306,767.3614705403646,7.388859188090151
14.802935952431948,778.2113274468315,7.3179781768556
14.80539593340559,772.5986328125,7.233099545115959
14.807855914379232,773.9255218505859,6.671319085112941
14.810315895352872,761.6062316894531,6.346446222191073
14.812775876326514,746.5691680908203,6.218097679981858
14.815235857300156,750.5810885959202,6.461698133780023
14.817695838273798,754.634545220269,6.815750942532644
14.820155819247438,746.4939592149523,7.058528619199627
14.82261580022108,745.3329620361328,7.3457643619418915
14.825075781194721,751.3860405815972,7.203889815458637
14.827535762168363,751.3816952175564,6.916914517261333
14.829995743142005,746.6636725531685,6.54981480852156
14.832455724115645,756.2731035020616,6.5163062246906485
14.834915705089287,760.4628651936849,6.566657780744477
14.837375686062929,744.8180067274305,6.565146514322402
14.83983566703657,752.5669623480903,7.139636833246535
14.84229564801021,759.5371449788412,7.384545626532199
14.844755628983853,750.3097534179688,7.475053032221558
14.847215609957495,742.8989579942491,7.036931153557111
14.849675590931136,754.8434414333767,6.824922381676804
14.852135571904777,750.853503757053,6.5667891703850385
14.854595552878418,745.2228580050999,6.471370237104675
14.85705553385206,749.8765190972222,6.730622164210491
14.859515514825702,755.0497368706597,7.05478143089242
14.861975495799344,746.8987884521484,7.412792893333206
14.864435476772984,749.5851474338108,7.367155434394497
14.866895457746626,757.3050469292534,7.364318594925
14.869355438720268,747.1176401774088,6.862821669875529
14.87181541969391,744.2667032877604,6.5715400956387615
14.87427540066755,756.9645623101128,6.563320857323847
14.876735381641192,755.6175893147787,6.620104177809955
14.879195362614833,748.9053938123915,7.030931339924582
14.881655343588475,753.866685655382,7.200663765060905
14.884115324562115,762.6195356580946,7.3780683835626775
14.886575305535757,748.7223612467448,7.065087168267322
14.8890352865094,755.7476637098524,7.032794807691584
14.891495267483041,767.7319030761719,6.610371314485354
14.893955248456681,759.7700636121962,6.500636488795477
14.896415229430323,752.5697292751736,6.744094670757329
14.898875210403965,764.532955593533,6.967406964540641
14.901335191377607,770.3062150743273,7.185989110881429
14.903795172351249,754.7447577582466,7.19114268777249
14.906255153324889,759.1870761447483,7.221024976767813
14.90871513429853,769.6856638590494,6.846932584112749
14.911175115272172,760.4920196533203,6.7193589097608255
14.913635096245814,756.8362731933594,6.794555620001786
14.916095077219454,767.5238274468315,6.926409029428432
14.918555058193096,761.8194240993923,7.012187060842001
14.921015039166738,755.6019541422526,7.144276186026625
14.92347502014038,766.7011294894749,7.2473194785058475
14.92593500111402,768.1655019124349,7.143334753221455
14.928394982087662,753.3782772488064,6.876814351923734
14.930854963061304,755.1760474310981,6.955673249124942
14.933314944034946,768.1554531521267,7.008338095234375
14.935774925008586,759.6310475667318,6.926219193630748
14.938234905982227,754.0319383409288,6.983770452165353
14.94069488695587,766.3612908257378,7.171110709224166
14.943154867929511,766.2122802734375,7.064485602206755
14.945614848903153,752.6540985107422,7.068375302837074
14.948074829876793,760.4825625949436,7.1764987350102025
14.950534810850435,772.0999416775173,7.258834999188768
14.952994791824077,760.7448476155599,7.06666423764075
14.955454772797719,757.2783542209202,6.905263618391056
14.957914753771359,774.8045450846354,6.9575601631850414
14.960374734745,768.9745093451606,6.855603969538381
14.962834715718643,755.841284857856,6.995175857178619
14.965294696692284,768.124989827474,7.2411809406719065
14.967754677665924,777.8692135281033,7.386241864442875
14.970214658639566,763.253407796224,7.054713451012207
14.972674639613208,766.4996473524305,6.791859004069541
14.97513462058685,781.8420477973091,6.748004199143383
14.977594601560492,770.1520267062717,6.711660546145319
14.980054582534132,764.3788062201606,6.951560615122051
14.982514563507774,781.2252502441406,7.369969527951587
14.984974544481416,780.4974450005425,7.5159847260450885
14.987434525455058,767.5885789659288,7.0737853751988675
14.989894506428698,772.6936442057291,6.899026466476975
14.99235448740234,785.2793460422092,6.824792653028977
14.994814468375981,768.408949110243,6.778266395111356
14.997274449349623,764.0381266276041,7.1358882943870094
14.999734430323263,781.8209126790365,7.517189986937357
15.002194411296905,776.5681932237413,7.4919407212794695
15.004654392270547,764.9767269558376,7.0602933133789625
15.007114373244189,775.2055324978298,6.982121006814209
15.009574354217829,781.5323554144966,6.895096733092471
15.012034335191471,762.8467102050781,6.9986215108407555
15.014494316165113,766.652099609375,7.283888943881717
15.016954297138755,784.3487921820747,7.555728879134434
15.019414278112396,774.533423529731,7.377269197954104
15.021874259086037,762.2499830457899,7.012315930137064
15.024334240059678,771.5920783148872,6.9548643516138355
15.02679422103332,775.1831970214844,6.829169752299751
15.029254202006962,763.1996358235677,6.91010585908597
15.031714182980602,769.9201219346788,7.286478742387536
15.034174163954244,781.9131842719185,7.3672400961345375
15.036634144927886,771.8976050482856,7.0139408603787
15.039094125901528,765.6015930175781,6.771161380890582
15.041554106875168,785.5206943088108,6.893763312106869
15.04401408784881,786.1179792616102,6.858993021229297
15.046474068822452,768.7364332411024,7.030643834872664
15.048934049796094,777.4811825222439,7.371333914077537
15.051394030769734,786.8418307834202,7.266411518469406
15.053854011743375,781.256334092882,7.015741618018035
15.056313992717017,777.9366217719185,6.8577260072282336
15.05877397369066,789.2115275065104,7.1423513678714
15.061233954664301,789.2964426676432,7.201962904136251
15.063693935637941,772.5466054280599,7.336019488142877
15.066153916611583,787.6791110568577,7.47076720189774
15.068613897585225,795.6058756510416,7.366087651783719
15.071073878558867,780.331775241428,6.97421609358224
15.073533859532507,776.1739044189453,7.065012939058321
15.075993840506149,789.3735978868273,7.360149767762231
15.07845382147979,785.713858710395,7.432673010807174
15.080913802453432,772.8516370985243,7.517146220048451
15.083373783427072,784.0826907687717,7.4092730445918455
15.085833764400714,788.3957892523872,7.086722256227394
15.088293745374356,775.4058651394314,6.873683989091483
15.090753726347998,775.148917304145,6.981220207473187
15.09321370732164,789.5179629855686,7.3472595369199265
15.09567368829528,777.5763244628906,7.325236467921796
15.098133669268922,765.0914204915365,7.2287304886760655
15.100593650242564,780.1049855550131,6.997898026828695
15.103053631216206,786.3289455837673,6.841430053140809
15.105513612189846,771.599110921224,6.83319328907869
15.107973593163488,775.1058112250435,6.9636502818395325
15.11043357413713,792.1614278157552,7.408082074963111
15.112893555110771,780.2467057969835,7.251936802485366
15.115353536084411,767.1151343451606,7.095459344872105
15.117813517058053,784.714820014106,7.0338185641448305
15.120273498031695,794.5568644205729,7.0272019206664575
15.122733479005337,781.389416164822,7.040562749913791
15.125193459978977,782.9149136013455,7.30591770813593
15.127653440952619,800.7110561794705,7.678115599026435
15.13011342192626,788.5103386773003,7.337689696950215
15.132573402899903,776.658213297526,7.264356254507726
15.135033383873544,795.4295959472656,7.434704112398989
15.137493364847185,796.9922807481554,7.1176462456421286
15.139953345820826,780.9115414089626,7.2784551456624555
15.142413326794468,786.5215504964193,7.515293169813117
15.14487330776811,800.7241634792751,7.484651155985073
15.14733328874175,789.5287577311198,7.165862502309527
15.149793269715392,776.2734781901041,7.11199874653154
15.152253250689034,798.667015923394,7.250389582197104
15.154713231662676,799.4909091525608,7.114617226756594
15.157173212636316,775.4743601481119,7.2052701058942334
15.159633193609958,786.427012125651,7.198198060160757
15.1620931745836,801.710445827908,7.249623457527592
15.164552900794053,784.3571133083767,7.048452252043241
15.164553155557241,787.7635972764757,7.121587679642791
15.167012881767695,792.0432874891493,7.405775686736115
15.167013136530883,778.0744408501519,7.1916890646170195
15.169472862741335,790.3593088785807,7.557354076565421
15.169473117504523,794.9430643717448,7.267616041683368
15.171932843714977,790.3744557698568,7.738707425241182
15.171933098478165,799.7285698784722,7.3355134236265105
15.174392824688619,790.0337168375651,7.335418501916272
15.174393079451807,779.794920179579,7.308337371730658
15.17685280566226,792.6937934027778,7.373095499023254
15.176853060425449,785.5330895317925,7.353869678192682
15.1793127866359,791.516367594401,7.2296208519664855
15.179313041399089,800.9383307562935,7.4225138660377095
15.181772767609543,792.7244127061632,7.191572476995705
15.181773022372731,790.778076171875,7.3045532202233625
15.184232748583185,793.823476155599,7.6152552828383655
15.184233003346373,782.537589179145,7.367158437309804
15.186692729556826,795.3612738715278,7.779505566786049
15.186692984320015,800.0969848632812,7.658644237373645
15.189152710530466,797.1752454969618,7.791090995632918
15.189152965293655,808.1954667833116,7.504614181039853
15.191612691504108,793.2249840630425,7.1637521812340434
15.191612946267297,786.2964019775391,7.214384829539589
15.19407267247775,796.7971750895182,7.074807228755904
15.194072927240938,792.4474165174696,7.273127348907709
15.196532653451392,797.1670345730251,7.10215510741875
15.19653290821458,808.8244255913628,7.453283147721935
15.198992634425034,797.1861436631945,7.1062933964360795
15.19899288918822,796.7747022840712,7.517969557036298
15.201452615398674,803.6442040337456,7.588287430504548
15.201452870161862,788.0067342122396,7.50781030536006
15.203912596372316,804.7569495307075,7.615269063510228
15.203912851135504,799.5550299750435,7.3839262984897145
15.206372577345958,798.9438747829861,7.323515304356946
15.206372832109146,806.9202575683594,7.0685012789285055
15.2088325583196,801.5368041992188,6.940668064841114
15.208832813082788,793.9563869900173,6.972862447299952
15.21129253929324,802.3470408121744,6.616748675777841
15.211292794056428,796.9070163302952,7.239692319407899
15.213752520266882,800.8390316433376,6.7342171538644955
15.21375277503007,815.4579908582899,7.687409285338102
15.216212501240523,797.8855421278212,6.986684165408438
15.216212756003712,807.0020853678385,7.609308996260379
15.218672482214165,801.7118004692925,7.485868009029505
15.218672736977354,791.0892656114366,7.139237980036339
15.221132463187805,803.4479709201389,7.1724483862405055
15.221132717950994,809.308590359158,7.043209369867759
15.223592444161447,805.5012461344401,6.884554549278323
15.223592698924636,821.0362887912327,7.131760453590896
15.226052425135089,806.1289723714193,6.506591701845594
15.226052679898277,794.587378607856,7.240041393240226
15.228512406108731,805.0448913574219,6.435434822750957
15.22851266087192,806.2111511230469,7.867950373513789
15.230972387082371,810.8257022433811,7.054113115949134
15.23097264184556,816.3749050564236,7.8624348317719335
15.233432368056013,808.5580834282769,7.544790102510188
15.233432622819201,811.7890302870009,7.466078337936417
15.235892349029655,813.2986687554253,7.76250994129353
15.235892603792843,797.690926445855,7.012342356392714
15.238352330003297,808.8321482340494,7.064874230196169
15.238352584766485,810.806650797526,7.147159249039216
15.240812310976938,813.0263824462891,6.739148373252944
15.240812565740125,821.404537624783,7.684616982916146
15.243272291950579,817.3635474310981,6.683309873989734
15.243272546713767,799.3101145426432,7.922432607792497
15.24573227292422,819.1541120741102,6.961782191249049
15.245732527687409,802.9895629882812,8.139808912655749
15.248192253897862,817.7618764241537,7.8999342279218645
15.24819250866105,828.6731296115452,7.611946894939512
15.250652234871504,820.560304429796,8.032062477082668
15.250652489634692,817.1768358018663,7.143186668083958
15.253112215845144,820.9778645833334,7.654345596756786
15.253112470608333,803.4204559326172,7.064924767228786
15.255572196818786,817.9608018663195,7.101442937635254
15.255572451581974,819.9930352105034,7.7327018957597895
15.258032177792428,821.1019236246744,6.7861974303653705
15.258032432555616,826.5649719238281,8.078728556431757
15.26049215876607,821.9922197129991,7.050796438631381
15.260492413529258,808.4218054877388,7.728758726090073
15.26295213973971,823.1356896294487,7.5450736815809245
15.262952394502898,801.9215223524305,7.186146932335851
15.265412120713352,821.2791849772135,8.1539004446447
15.26541237547654,822.7861022949219,7.004192076592175
15.267872101686994,823.7381015353733,8.017317332739989
15.267872356450182,817.568128797743,7.152375818577426
15.270332082660635,823.1898057725695,7.496952330802397
15.270332337423824,795.1848534478081,7.497896967964381
15.272792063634277,821.7326304117838,6.959212176805734
15.272792318397464,811.5711025661892,7.940873555862885
15.275252044607917,821.0444675021702,6.9197224652942335
15.275252299371106,823.0693800184462,7.579658428006854
15.27771202558156,822.8840823703342,7.31396110434157
15.277712280344748,805.6837565104166,7.062229435096878
15.280172006555201,827.6549394395616,7.771291525099645
15.28017226131839,803.5711924235026,6.981108066090858
15.282631987528843,820.7845069037544,7.830472560938125
15.282632242292031,822.82080078125,7.348627683897944
15.285091968502483,825.6128336588541,7.241309124497656
15.285092223265671,824.0724792480469,7.647342752174288
15.287551949476125,829.5679117838541,6.678272059373485
15.287552204239313,801.8994801839193,7.624411745517598
15.290011930449767,829.5681491427952,6.5669305448187
15.290012185212955,816.9928605821398,7.695488579369771
15.292471911423409,827.6464640299479,6.9796551243021465
15.292472166186597,832.4539150661892,7.498221202949179
15.294931892397049,834.2933993869358,8.122799178588224
15.294932147160237,822.6293996175131,7.5417528698929415
15.29739187337069,834.0620337592231,9.329873232479448
15.297392128133879,815.3958265516493,7.82168245704323
15.299851854344332,832.1108957926432,8.994539289148609
15.29985210910752,848.3243882921007,8.310887054593723
15.302311835317974,830.6069878472222,8.433071372505916
15.302312090081163,836.700680202908,8.114854061684614
15.304771816291614,837.3760664198134,8.207624608530852
15.304772071054803,805.9817657470703,7.910950967805458
15.307231797265256,839.8940734863281,8.459225907861796
15.307232052028445,825.4703233506945,7.895216593597869
15.309691778238898,834.2279001871744,8.883975863619446
15.309692033002086,851.4293653700087,8.021184890313316
15.31215175921254,834.3485260009766,9.329734419360076
15.312152013975728,819.863033718533,7.844449918058354
15.314611740186182,840.1552259657118,9.260109996708637
15.314611994949368,800.0199178059896,7.573642123960804
15.317071721159822,833.9023810492622,8.70013019367016
15.31707197592301,843.2814737955729,7.996682130587447
15.319531702133464,835.875512017144,8.477084372493215
15.319531956896652,846.4820929633247,8.097930616561118
15.321991683107106,839.067626953125,8.577908627173969
15.324451664080748,841.0504269070095,8.162498160671907
15.326911645054388,834.441151936849,7.827691662395796
15.32937162602803,829.7759738498264,7.900175957321776
15.331831607001671,830.25122918023,7.530645592469994
15.334291587975313,835.1656341552734,7.327688682688296
15.336751568948953,836.4848700629341,7.366278779013799
15.339211549922595,837.8705495198568,7.576993288192118
15.341671530896237,841.2058156331381,7.884509764687987
15.344131511869879,836.664538913303,7.910294707253451
15.346591492843519,841.8025512695312,7.823143805915399
15.34905147381716,842.4671376546224,7.196081203662703
15.351511454790803,843.0588938395182,7.2142249019461495
15.353971435764445,840.660878499349,7.349647866955597
15.356431416738086,843.6508195665148,7.4274751772258085
15.358891397711727,846.4217580159506,7.449720181535232
15.361351378685368,841.0740136040581,7.3572029333774775
15.36381135965901,848.7671203613281,7.376675140299206
15.366271340632652,848.2968004014757,6.939444686826588
15.368731321606292,852.0607130262587,7.243586766298985
15.371191302579934,850.4913923475477,7.6197270098693695
15.373651283553576,848.1064147949219,7.67305702173885
15.376111264527218,857.9293738471138,7.7210661116879775
15.378571245500858,859.2254384358724,7.528307588210559
15.3810312264745,855.8838178846571,7.460350928414175
15.383491207448142,855.19873046875,7.204926308753571
15.385951188421783,855.6581675211588,7.609547877002411
15.388411169395425,857.7789984809028,7.966253145880483
15.390871150369065,856.2727695041233,7.7812279246228435
15.393331131342707,858.8580457899305,7.63502551350849
15.39579111231635,859.9071553548177,7.556160424364669
15.398251093289991,857.7093607584635,7.805506965690947
15.400711074263631,859.1934000651041,7.549199021297177
15.403171055237273,862.1736891004774,8.02692075402312
15.405631036210915,859.9275783962673,8.210785536410754
15.408091017184557,855.8627607557509,7.836895116038681
15.410550998158197,860.0289255777994,7.63632270976613
15.413010979131839,864.0974443223741,7.589134366534944
15.41547096010548,862.0374315049913,7.897136096271475
15.417930941079122,861.5305379231771,7.896070000322024
15.420390922052762,865.2540300157335,8.05136337838051
15.422850903026404,867.6275685628256,8.040673540892698
15.425310884000046,865.7716233995226,7.550168348502954
15.427770864973688,869.1519792344835,7.645413616213015
15.43023084594733,865.982662624783,7.601041402684257
15.43269082692097,866.6059349907769,7.889358258568848
15.435150807894612,864.5119815402561,7.576674533943191
15.437610788868254,867.1769019232856,7.673120611615254
15.440070769841896,868.5037604437935,7.451303289414252
15.442530750815536,869.7229546440972,7.194963034577903
15.444990731789177,872.536134507921,7.560036901174832
15.44745071276282,871.6126658121744,7.790759368035881
15.449910693736461,869.9883304172092,8.142381517561404
15.452370674710101,873.2695770263672,7.729168030572802
15.454830655683743,875.9781341552734,7.5953172275947916
15.457290636657385,875.4870656331381,7.386374840264574
15.459750617631027,875.145511203342,7.35996956495393
15.462210598604669,880.3908487955729,7.903446800279053
15.464670579578309,879.3995649549696,8.133327176820098
15.46713056055195,881.4786410861545,8.460082661162685
15.469590541525593,878.9598999023438,8.006152307684108
15.472050522499234,880.4516025119358,7.619377220714082
15.474510503472874,880.5730777316624,7.426908119240893
15.476970484446516,883.6857537163628,7.636425265823727
15.479430465420158,890.2104966905382,8.34134553084972
15.4818904463938,885.5838673909506,8.435831916446388
15.48435042736744,891.623023139106,8.747501950764676
15.486810408341082,888.6223534478081,8.191369775663425
15.489270389314724,887.1427171495226,7.606046201690306
15.491730370288366,894.0279490152994,7.483154898681511
15.494190351262006,894.3062710232205,7.789266495587597
15.496650332235648,892.4841105143229,8.508938893406413
15.49911031320929,895.7220831976997,8.779187318692555
15.501570294182931,897.0441640218099,8.704894738003995
15.504030275156573,897.6915011935764,7.9559160657856784
15.506490256130213,893.913820054796,7.406362640280459
15.508950237103855,898.4035186767578,7.422597586001013
15.511410218077497,900.6817966037327,7.7758523336998735
15.513870199051139,901.8149125840929,8.489053608056324
15.516330180024779,907.6630706787109,8.633861203367697
15.518790160998421,907.4165717230903,8.484024013200688
15.521250141972063,914.0407257080078,7.896473804254803
15.523710122945705,913.1564195421007,7.417365546689056
15.526170103919345,920.6473524305555,7.388042385246398
15.528630084892987,932.5460001627604,7.704367636991429
15.531090065866628,943.6644117567274,8.480544182135755
15.53355004684027,971.4950018988716,8.911086704191248
15.53601002781391,1019.7309163411459,9.666459978928327
15.538470008787552,1103.2793714735244,9.515282780412427
15.540929989761194,1229.5536532931858,9.740445982685817
15.543389970734836,1391.0430230034722,10.816911422864855
15.545849951708478,1616.2881300184463,12.389469824902184
15.548309932682118,1984.1903550889756,15.474717212682375
15.55076991365576,2490.1784939236113,19.791092322445337
15.553229894629402,2630.7674153645835,21.754959297768394
15.555689875603044,2130.68552992079,16.99837652620524
15.558149856576684,1623.018995496962,12.72559608036113
15.560609837550325,1298.6801452636719,10.399264105562548
15.563069818523967,1129.4074198404949,9.331864270208552
15.56552979949761,1038.4402618408203,9.291014432060985
15.56798978047125,989.8130340576172,9.236576133744688
15.570449761444891,964.497812906901,9.301168724109775
15.572909742418533,950.68579949273,8.974936867962775
15.575369723392175,948.6882510715061,8.504008065459441
15.577829704365817,942.4652608235677,8.224303108071744
15.580289685339457,934.6612006293403,8.189281350141592
15.582749666313099,934.1663564046224,8.397440913680521
15.58520964728674,936.1094970703125,8.714160307378895
15.587669628260382,928.7082112630209,8.804842300010396
15.590129609234022,926.112525092231,8.85053632549658
15.592589590207664,928.0569203694662,8.653982277847557
15.595049571181306,921.2098609076606,8.331013734887248
15.597509552154948,925.2188330756294,8.302892008969383
15.599969533128588,926.260730319553,8.250543143855745
15.60242951410223,924.0048183865017,8.23646536269492
15.604889495075872,922.5427500406901,8.20658323038268
15.607349476049514,924.1038377549913,8.758812096364169
15.609809457023154,922.0921698676216,8.817536328603653
15.612269437996796,923.5079362657335,8.435612665901711
15.614729418970438,926.7008683946398,8.217923664183756
15.61718939994408,928.4687906901041,8.084477073294845
15.619649380917721,927.4619767930773,8.017467875601103
15.622109361891361,926.0525750054253,8.010814775752308
15.624569342865003,926.618638780382,8.524944436544725
15.627029323838645,934.0089772542318,8.985641940683747
15.629489304812287,937.5405324300131,8.917228736040238
15.631949285785927,931.7730543348524,8.513541763053018
15.634409266759569,933.5375535753038,8.262825209997207
15.63686924773321,934.4193047417534,8.159947686935396
15.639329228706853,938.0481736924913,8.157093382252105
15.641789209680493,939.6228213840061,8.659730067331385
15.644249190654135,939.0469970703125,9.097000981177775
15.646709171627776,937.4430185953776,9.382123462582621
15.649169152601418,935.2972039116753,9.2349432051303
15.651629133575058,937.8451961941189,8.69731057403452
15.6540891145487,940.5823550754124,8.56843931131956
15.656549095522342,940.4111328125,8.29186352167599
15.659009076495984,935.8658989800347,8.52258686387277
15.661469057469626,935.9092576768663,8.825640913438427
15.663929038443266,936.1918131510416,9.487768213924184
15.666389019416908,942.3886769612631,9.758905999106469
15.66884900039055,942.7539621988932,9.271834043822812
15.671308981364191,944.0290103488499,9.011592455577606
15.673768962337832,946.1649797227648,8.454030001946752
15.676228943311473,946.8209228515625,8.495560638114517
15.678688924285115,944.4541066487631,8.419306175926671
15.681148905258757,945.7951965332031,9.102031187923313
15.683608886232397,946.4290957980686,9.583480356832249
15.686068867206039,945.3053249782986,9.44177496331244
15.688528848179681,947.8168657090929,9.445994835863734
15.690988829153323,949.1971503363716,8.918660379966806
15.693448810126965,946.6519944932726,8.678218189714366
15.695908791100605,946.2236395941841,8.447312440715418
15.698368772074247,943.6218465169271,8.784794735002416
15.700828753047888,948.18041144477,9.131129810975757
15.70328873402153,945.1579538981119,9.313991111469926
15.70574871499517,943.7526194254557,9.440990951060364
15.708208695968812,945.4142015245226,9.036567540696897
15.710668676942454,948.0577850341797,8.952653057707343
15.713128657916096,948.2681884765625,8.42081654763843
15.715588638889736,949.9225107828776,8.435172545901088
15.718048619863378,951.7296396891276,8.650952561379167
15.72050860083702,953.9864383273655,9.106595414356947
15.722968581810662,952.0353495279948,9.394170738455054
15.725428562784302,947.6659664577908,9.097237238833275
15.727888543757944,953.3710411919487,9.17954428734986
15.730348524731586,953.723622639974,8.753592610008287
15.732808505705227,954.168957180447,8.527664371337528
15.73526848667887,958.074210272895,8.370582081392664
15.73772846765251,960.8071679009331,8.715961437226753
15.740188448626151,959.2213270399305,9.249408359120167
15.742648429599793,962.3222707112631,9.459846277370055
15.745108410573435,966.6797824435764,9.667159350904836
15.747568391547075,967.3653411865234,8.99863157822214
15.750028372520717,961.4652947319878,9.014993008438777
15.752488353494359,961.8251393636068,8.49644045362506
15.754948334468,966.4805213080513,8.65815750954043
15.75740831544164,967.164542304145,9.05554623383604
15.759868296415283,961.1246744791666,9.25530173443318
15.762328277388924,965.2566986083984,9.980256944914883
15.764788258362566,967.9486355251736,9.518614905780975
15.767248239336208,968.9757639567057,9.588207377447736
15.769708220309848,966.0785675048828,8.908556670539262
15.77216820128349,970.0389675564236,8.891020588251669
15.774628182257132,970.9002244737413,8.704278112479336
15.777088163230774,972.7207285563151,8.898235628500819
15.779548144204414,974.6443871392144,9.739181087108914
15.782008125178056,970.3739640977648,9.553763812210967
15.784468106151698,975.1375291612413,9.799632269921693
15.78692808712534,969.7383575439453,8.991443947981745
15.78938806809898,972.7838846842448,9.031663042315271
15.791848049072621,974.8021613226997,8.945919399349606
15.794308030046263,975.8378245035807,9.081105836041987
15.796768011019905,977.6858588324653,9.192021032317284
15.799227991993545,981.1507500542534,9.428480799454544
15.801687972967187,980.378407796224,9.991037425703853
15.804147953940829,981.9483218722874,9.579064989621243
15.80660793491447,980.3577626546224,9.464380470956854
15.809067915888113,980.7695617675781,8.867062076137891
15.811527896861753,986.0592956542969,8.947319802905712
15.813987877835395,981.665293375651,9.008764096549067
15.816447858809036,976.9019063313802,9.21921820970655
15.818907839782678,982.5410766601562,9.934802956219741
15.821367820756318,986.7577311197916,9.48023797784106
15.82382780172996,987.497328016493,9.683115699308862
15.826287782703602,983.4696621365017,8.967261884095246
15.828747763677244,990.2953084309896,8.818520306679734
15.831207744650884,993.7295362684462,8.654812058501847
15.833667725624526,988.4727206759983,8.845996512164426
15.836127706598168,993.7871636284722,9.571953945595663
15.83858768757181,999.4396430121528,9.869706254446518
15.84104766854545,996.2760654025608,10.369145917931338
15.843507649519092,990.844472249349,9.84547722913109
15.845967630492733,996.1550089518229,9.64496244957636
15.848427611466375,995.6608174641927,8.734785320118256
15.850887592440017,995.5025295681423,8.509027424415677
15.853347573413657,992.4239620632595,8.822274639488688
15.8558075543873,994.3032938639323,9.299876834315851
15.858267535360941,998.5278523763021,10.147922692996104
15.860727516334583,996.6236877441406,9.828914976658723
15.863187497308223,994.4520331488716,9.908990078028236
15.865647478281865,1003.3674926757812,9.662497011233167
15.868107459255507,1005.8948974609375,9.463380691789958
15.870567440229149,1005.7422654893663,8.878128450133575
15.873027421202789,1007.0630815294054,8.775650263783797
15.87548740217643,1004.5002610948351,9.16667028660593
15.877947383150072,1003.3093956841362,9.469525693074305
15.880407364123714,1001.1721886528862,10.023120904663754
15.882867345097356,999.8595021565756,9.488602279359288
15.885327326070996,997.8223707411024,9.61216928278569
15.887787307044638,1001.1592237684462,9.184974092873215
15.89024728801828,999.4826117621528,8.999698541733832
15.892707268991922,1003.9089813232422,9.06573191930996
15.895167249965562,1007.7010158962673,9.210037505927694
15.897627230939204,1000.7016262478298,9.493084649420263
15.900087211912846,998.8164876302084,9.37722320222038
15.902547192886487,1000.9799058702257,9.863030299903684
15.905007173860128,1004.8695254855686,9.483271066153486
15.90746715483377,1010.2643229166666,9.622758033961778
15.909927135807411,1007.6759101019966,9.478077044584401
15.912387116781053,1006.9171142578125,9.406467660360628
15.914847097754693,1011.9071655273438,9.685119705714808
15.917307078728335,1006.5513644748264,9.480454097093151
15.919767059701977,1008.1048363579644,10.11668278573419
15.922227040675619,1006.780775282118,9.581134880899835
15.92468702164926,1009.0558420817057,9.76782806354731
15.9271470026229,1009.8938361273872,9.589961575814327
15.929606983596543,1011.3295118543837,9.781845350634416
15.932066964570184,1020.8834092881945,10.053049261466505
15.934526945543826,1018.233876546224,9.782277802790913
15.936986926517466,1011.4977145724827,10.336969467292354
15.939446907491108,1011.7266947428385,10.480341462286415
15.94190688846475,1015.6142103407118,10.441463447513907
15.944366869438392,1015.8088582356771,10.081642039640526
15.946826850412032,1012.5784505208334,10.09027154551093
15.949286831385674,1018.9952765570747,10.500374363260834
15.951746812359316,1017.7017890082466,10.99787606489695
15.954206793332958,1012.863291422526,11.146320282196971
15.956666774306598,1012.9989895290798,10.953575332358001
15.95912675528024,1017.8901807996962,10.864087251456766
15.961586736253881,1016.7395494249132,10.414565347571857
15.964046717227523,1012.483144124349,9.80763923191347
15.966506698201165,1014.8352932400173,8.596622880684318
15.968966679174805,1015.6386142306858,8.74556941117621
15.971426660148447,1016.5254075792101,9.224666729279692
15.973886641122089,1015.1400214301216,9.645633817316092
15.97634662209573,1013.4430508083767,10.342153599215694
15.978806603069371,1021.4125061035156,9.940120975540708
15.981266584043013,1018.6197882758247,10.036931377636098
15.983726565016655,1017.1740993923611,9.200733582323345
15.986186545990297,1020.9535827636719,8.945350330207186
15.988646526963937,1027.1774495442708,8.549863828580186
15.991106507937578,1025.7727661132812,8.680916651584079
15.99356648891122,1019.8354695638021,9.26787250236753
15.996026469884862,1017.7957424587673,9.774092630363475
15.998486450858504,1028.0787421332466,10.48841120427167
16.000946431832144,1027.8177727593315,10.222162247693698
16.003406412805788,1028.192603217231,10.07512799217468
16.005866393779428,1028.159427218967,9.270739204247105
16.008326374753068,1033.252712673611,9.007763413855988
16.01078635572671,1031.3692796495225,8.793224420680286
16.01324633670035,1026.2378573947483,8.93820571356723
16.015706317673992,1030.244608561198,9.661929466535172
16.018166298647635,1036.266137017144,10.353759382351077
16.020626279621276,1029.0323079427083,11.189362669041717
16.02308626059492,1030.2893981933594,10.97917695589074
16.02554624156856,1030.5382537841797,10.396193815803413
16.0280062225422,1033.4061347113716,9.342966304424115
16.030466203515843,1033.8485649956597,8.895212117804308
16.032926184489483,1034.1939086914062,8.8948973524063
16.035386165463127,1034.1741739908855,8.996821967232497
16.037846146436767,1039.409206814236,9.637612167302876
16.040306127410407,1036.0796813964844,9.761095027726148
16.04276610838405,1036.500467936198,10.515178298246202
16.04522608935769,1037.2470330132378,10.460190679731012
16.04768607033133,1039.468977186415,10.243985483213065
16.050146051304974,1030.7823045518662,9.523857775536435
16.052606032278614,1035.128126356337,9.040577509267514
16.055066013252258,1035.785868326823,8.884023647474322
16.057525994225898,1038.9863789876301,8.863165113599873
16.059985975199538,1037.4139692518447,9.353481690554474
16.062445956173182,1038.789554172092,9.658033451518683
16.064905937146822,1041.1005181206597,10.104282003860405
16.067365918120462,1041.4554680718315,9.889370988717122
16.069825899094106,1037.0523105197483,10.13950955341995
16.072285880067746,1042.6478847927517,9.95220524474354
16.07474586104139,1037.4725782606338,9.50474703638394
16.07720584201503,1035.2848205566406,9.279682096672502
16.07966582298867,1035.0884975857205,9.004244981175498
16.082125803962313,1040.0344102647568,9.513272771942773
16.084585784935953,1040.4798550075955,9.486303289864624
16.087045765909597,1033.2814398871528,9.69582009922098
16.089505746883237,1043.101342095269,9.679624707730877
16.091965727856877,1043.0062255859375,10.007386968413796
16.09442570883052,1045.80320570204,9.996114126183322
16.09688568980416,1039.8780415852864,9.802948869430232
16.0993456707778,1037.250996907552,10.153552816733292
16.101805651751445,1046.989040798611,9.988538091630593
16.104265632725085,1046.24708726671,10.153496490884235
16.10672561369873,1042.6443786621094,9.488720023543136
16.10918559467237,1046.3906148274739,9.997184971677042
16.11164557564601,1055.877905951606,9.68791194465653
16.114105556619652,1047.072974310981,9.622807666882494
16.116565537593292,1040.3905402289497,9.741581910877743
16.119025518566936,1044.6361796061199,10.193340668167222
16.121485499540576,1055.7313334147136,10.589936831385161
16.123945480514216,1054.5880194769966,10.30423975519681
16.12640546148786,1047.3340793185764,10.712224541507553
16.1288654424615,1049.117947048611,10.00521794155026
16.13132542343514,1059.2679748535156,10.010829692456982
16.133785404408783,1061.318844265408,9.27903746877283
16.136245385382423,1055.962643093533,9.235282190564053
16.138705366356067,1054.5086127387153,9.268696129856275
16.141165347329707,1058.955830891927,9.65344727290729
16.143625328303347,1057.9459872775608,10.14565718075885
16.14608530927699,1057.210964626736,10.097134272554964
16.14854529025063,1052.8917100694443,10.145952014292142
16.151005271224275,1059.8215671115452,9.75065207318461
16.153465252197915,1050.9250861273872,9.59650006418936
16.155925233171555,1047.9871419270833,9.101584128670606
16.1583852141452,1057.571560329861,9.041312761892867
16.16084519511884,1060.527320014106,8.883930329413827
16.16330517609248,1059.308346218533,8.982064516816266
16.165765157066122,1054.33644273546,9.520468771371858
16.168225138039762,1057.334004720052,9.800300584300322
16.170685119013406,1065.9499647352432,10.451867798291168
16.173145099987046,1056.0327657063801,9.820785918888546
16.175605080960686,1059.4954867892795,10.034007728772949
16.17806506193433,1064.490949842665,9.88873478353662
16.18052504290797,1065.7367180718315,9.611550579826657
16.18298502388161,1059.3149515787761,8.805354921031066
16.185445004855254,1060.3429633246528,8.76559976712088
16.187904985828894,1067.6460503472222,9.0737767257169
16.190364966802537,1070.6065402560764,9.34340684882128
16.192824947776177,1069.6892225477432,10.185845204574031
16.195284928749818,1064.4320271809895,10.264107664146957
16.19774490972346,1072.9998575846355,10.602350812114132
16.2002048906971,1081.2143927680122,10.047731285433755
16.202664871670745,1086.9255032009548,10.029079535907242
16.205124852644385,1098.2767910427517,9.64262360102792
16.207584833618025,1104.9125671386719,9.797225072231157
16.21004481459167,1094.686794704861,9.554017011304296
16.21250479556531,1079.2853698730469,9.289358287616498
16.21496477653895,1076.271711561415,9.671316546015031
16.217424757512592,1084.6145629882812,10.068175817053305
16.219884738486233,1088.2635498046875,10.565231390731867
16.222344719459876,1082.732889811198,10.288599038021276
16.224804700433516,1082.1275939941406,10.53105384905223
16.227264681407156,1092.1068522135417,10.05268144217776
16.2297246623808,1092.7131991916233,9.896279851903657
16.23218464335444,1087.654059516059,9.282053118693865
16.234644624328084,1090.059346516927,9.328158974130295
16.237104605301724,1093.461446126302,9.541113719382233
16.239564586275364,1098.598605685764,9.602940556225203
16.242024567249008,1092.4940660264756,9.982836285120786
16.244484548222648,1089.7256300184463,9.966565068160378
16.246944529196288,1100.557637532552,10.620384980699608
16.24940451016993,1100.8822564019097,10.364187069856122
16.25186449114357,1094.1970350477432,10.332596967217555
16.254324472117215,1095.2203979492188,9.831829986609598
16.256784453090855,1099.0734320746528,9.720012793393861
16.259244434064495,1104.6238132052952,9.385567791752656
16.26170441503814,1098.0227559407551,9.125488317428617
16.26416439601178,1098.6720309787327,9.470722378033296
16.266624376985423,1107.5597296820747,9.729643727966527
16.269084357959063,1108.8119167751736,10.083987366416693
16.271544338932703,1104.3035753038193,9.870778001958262
16.274004319906346,1104.8833516438801,10.36112636964892
16.276464300879987,1118.1292114257812,10.402971342300155
16.278924281853627,1121.3482259114583,10.57298031650525
16.28138426282727,1112.42576429579,10.076145667556393
16.28384424380091,1114.8194953070747,9.6597161294152
16.286304224774554,1130.1985507541233,9.6158681788984
16.288764205748194,1133.2625732421875,9.272726206702211
16.291224186721834,1125.3150804307725,9.406756887053268
16.293684167695478,1132.6882019042969,9.676851948253825
16.296144148669118,1140.2678324381511,10.41554461665019
16.298604129642758,1144.8228352864583,10.361265439223425
16.3010641106164,1142.1631740993923,10.511864391552933
16.30352409159004,1144.6992628309463,10.498570319609717
16.305984072563685,1160.090867784288,10.933418963859513
16.308444053537325,1163.693138970269,10.614307789661702
16.310904034510965,1154.2103949652778,10.097053078631179
16.31336401548461,1152.0807596842449,9.891469520300118
16.31582399645825,1163.192355685764,9.666828477655635
16.318283977431893,1167.9447937011719,9.678819488813446
16.320743958405533,1165.744635687934,9.66539814555222
16.323203939379173,1166.381595187717,10.182029909699068
16.325663920352817,1180.1100938585068,10.634669089649297
16.328123901326457,1182.5805121527778,10.8071993809507
16.330583882300097,1171.702657063802,10.573842155717012
16.33304386327374,1177.3567877875435,11.014235457268793
16.33550384424738,1198.1386142306858,11.128215340225687
16.337963825221024,1202.4692891438801,10.817539207283925
16.340423806194664,1187.8667704264324,10.237035689598077
16.342883787168304,1194.8170030381943,10.008342097107267
16.345343768141948,1213.2810567220051,10.265514360651565
16.347803749115588,1215.7240837944878,10.013546251841296
16.35026373008923,1210.7156812879775,10.119476446591193
16.352723711062872,1218.2132873535156,10.553906765867367
16.355183692036512,1236.2072007921006,11.06586580655553
16.357643673010156,1246.0693664550781,10.922211565474665
16.360103653983796,1235.4968973795574,10.986979510610745
16.362563634957436,1242.410352918837,11.285444053139878
16.36502361593108,1259.3123135036892,11.63880600959133
16.36748359690472,1269.9405415852864,11.388115371560804
16.369943577878363,1262.302985297309,10.838579512143982
16.372403558852003,1268.902855767144,10.835140604515162
16.374863539825643,1288.2899407280815,11.050345714621047
16.377323520799287,1303.6424865722656,11.082539760242861
16.379783501772927,1303.1942070855034,10.904810681688826
16.38224348274657,1315.8324178059895,11.380548822818243
16.38470346372021,1339.6900126139324,11.651432902150727
16.38716344469385,1356.3816494411892,11.623832676018969
16.389623425667494,1354.7334120008682,11.498626345172944
16.392083406641135,1353.6654222276475,11.910436153962417
16.394543387614775,1376.5437554253472,12.448372287881487
16.39700336858842,1393.9803907606338,12.470193058127133
16.39946334956206,1377.713887532552,11.981440712528931
16.401923330535702,1375.644036187066,12.061350240140502
16.404383311509342,1390.5436469184028,12.377327196159792
16.406843292482982,1405.1024271647136,12.22141772232508
16.409303273456626,1396.5225592719185,11.734039482820057
16.411763254430266,1391.4686618381077,11.949945496413601
16.414223235403906,1400.6828308105469,11.966065713837756
16.41668321637755,1411.1202867296006,11.779335027692339
16.41914319735119,1402.2437608506943,11.260086819541245
16.421603178324833,1393.5699632432725,11.399676391362256
16.424063159298473,1405.8328077528213,11.908255640616638
16.426523140272113,1410.7312791612412,12.226939398332014
16.428983121245757,1400.486080593533,12.36939679723921
16.431443102219397,1392.7853088378906,12.56027161200216
16.43390308319304,1404.1070692274307,13.071927895698508
16.43636306416668,1422.4378017849392,12.7779720701384
16.43882304514032,1413.0617268880208,12.14446551528224
16.441283026113965,1400.772196451823,11.959984963612998
16.443743007087605,1416.7906629774307,12.199372437493757
16.446202988061245,1430.3437127007378,11.45772901630653
16.44866296903489,1418.113501654731,11.012152678957028
16.45112295000853,1400.851830376519,10.779881215749382
16.453582930982172,1402.4515787760417,11.055147052659157
16.456042911955812,1414.1497192382812,11.57332797184634
16.458502892929452,1402.0103997124565,11.769206783360387
16.460962873903096,1383.1888190375435,12.47217970973613
16.463422854876736,1381.0658162434895,13.294110766773489
16.46588283585038,1398.5084025065105,13.477354732230133
16.46834281682402,1387.6683790418838,12.528962116867804
16.47080279779766,1366.4303758409287,12.286094257462473
16.473262778771304,1371.060523139106,12.140493950706462
16.475722759744944,1380.8546820746528,11.654440536928815
16.478182740718584,1373.5749409993489,10.669191615785891
16.480642721692227,1354.7704671223958,10.313028191447545
16.483102702665867,1352.7944030761719,10.36572360881923
16.48556268363951,1367.5797051323784,10.87803277713131
16.48802266461315,1364.201392279731,11.003971434341702
16.49048264558679,1342.610846625434,11.173303001253567
16.492942626560435,1340.3993462456597,12.104087993816314
16.495402607534075,1352.8652648925781,12.741696622768874
16.49786258850772,1358.0063035753037,12.81184121165198
16.50032256948136,1325.755323621962,12.115013882933738
16.502782550455,1319.0237969292534,12.28690714389681
16.505242531428642,1338.5423312717014,12.14150619917697
16.507702512402282,1337.1436394585503,11.254282598685366
16.510162493375923,1314.0233730740017,10.297120443926696
16.512622474349566,1306.8266160753037,10.33086146799045
16.515082455323206,1320.3772413465713,10.523159615550107
16.51754243629685,1325.1108974880642,10.634915539285746
16.52000241727049,1310.0728895399307,10.527656933783286
16.52246239824413,1293.1769646538628,10.920427580449985
16.524922379217774,1303.7382473415798,11.634942433841582
16.527382360191414,1316.2860378689236,11.739912681979076
16.529842341165054,1299.4367540147568,11.664314319218597
16.532302322138698,1279.4691094292534,11.648999974588298
16.534762303112338,1293.1172620985244,12.030784180886775
16.53722228408598,1308.3562723795574,11.533502795958569
16.53968226505962,1289.8424716525608,10.895657299783945
16.54214224603326,1273.0277947319878,10.502981698177512
16.544602227006905,1284.6302422417534,10.917974877832131
16.547062207980545,1294.858659532335,10.829263643369012
16.54952218895419,1281.5299038357205,10.440990250771465
16.55198216992783,1265.8134629991318,10.52935337240659
16.55444215090147,1274.4799024793838,11.122990622795617
16.556902131875113,1291.83201429579,11.445816432185147
16.559362112848753,1284.6642320421006,10.89975612933423
16.561822093822393,1263.6642693413628,11.042857525374705
16.564282074796036,1259.4353535970051,11.112663043227366
16.566742055769677,1284.5541381835938,11.484648304662453
16.56920203674332,1284.4483337402344,11.131387092897784
16.57166201771696,1260.9876810709636,11.006582370632481
16.5741219986906,1264.7221340603298,10.761760541301628
16.576581979664244,1288.769775390625,11.134678460415099
16.579041960637884,1282.910651312934,10.709269176217768
16.581501941611528,1262.2577480740017,10.588927223662388
16.583961922585168,1261.8518744574653,11.064491095815162
16.586421903558808,1278.8088480631511,11.491297064502486
16.58888188453245,1289.9661831325955,11.151939155999932
16.59134186550609,1267.685255262587,10.663004792403614
16.59380184647973,1259.4107666015625,10.756778233934144
16.596261827453375,1276.0458882649739,10.844793180193257
16.598721808427015,1285.5921630859375,10.643892303424078
16.60118178940066,1266.886725531684,10.231869502633048
16.6036417703743,1256.7126363118489,10.568044396158365
16.60610175134794,1270.997829861111,11.064437395361347
16.608561732321583,1289.04638671875,11.32688725237105
16.611021713295223,1270.7357482910156,10.845915022015948
16.613481694268867,1254.5880703396267,10.874438314303829
16.615941675242507,1275.4841952853733,11.469559110444829
16.618401656216147,1291.365495469835,11.560972771168698
16.62086163718979,1275.391160753038,11.014687130393998
16.62332161816343,1262.6422526041667,10.938206299714297
16.62578159913707,1269.403055826823,11.391678927435278
16.628241580110714,1287.8451402452256,11.369690898243547
16.630701561084354,1281.1075642903645,10.689917676684503
16.633161542057998,1262.108150906033,10.293415729769462
16.635621523031638,1262.1316765679253,10.523535918987697
16.638081504005278,1282.3691745334202,10.732913773573452
16.64054148497892,1291.7335849338108,10.655444978630044
16.643001465952562,1268.78419664171,10.61792477648319
16.645461446926205,1261.621778700087,11.536570584294543
16.647921427899846,1286.3221774631077,12.078381466051546
16.650381408873486,1299.7220458984375,11.976664907137804
16.65284138984713,1274.3166605631511,11.283638194780407
16.65530137082077,1267.7024603949653,11.598212094066445
16.65776135179441,1293.0629102918838,11.88240849685874
16.660221332768053,1309.8717719184028,11.470627164633466
16.662681313741693,1286.6438937717014,10.500415292065195
16.665141294715337,1279.1514926486545,10.431045546451417
16.667601275688977,1298.1142951117622,10.710639674603595
16.670061256662617,1316.7643907335068,10.598736426800608
16.67252123763626,1308.2422281901042,10.254211147445803
16.6749812186099,1289.7313910590278,10.410972792608012
16.67744119958354,1304.782029893663,11.075346335299477
16.679901180557184,1329.8059997558594,11.464796596847751
16.682361161530824,1323.3404981825088,11.33437555918633
16.684821142504468,1299.6805318196614,11.317841964739909
16.687281123478108,1305.123040093316,12.079578395951577
16.68974110445175,1338.5884399414062,12.550389338004107
16.692201085425392,1333.7337680392795,12.381384455744175
16.694661066399032,1302.8841722276475,11.6495000541246
16.697121047372676,1315.307908799913,12.050006121111403
16.699581028346316,1341.501705593533,11.52645926798987
16.702041009319956,1345.4314812554253,11.143627120127604
16.7045009902936,1322.4035068088108,10.224572067921844
16.70696097126724,1315.4071960449219,10.452349317792992
16.70942095224088,1331.2037523057725,10.534160016902943
16.711880933214523,1342.58107164171,10.593858591825857
16.714340914188163,1322.6849466959636,10.273258114952936
16.716800895161807,1311.4803534613716,10.659778709697235
16.719260876135447,1329.1272718641494,11.45412955067329
16.721720857109087,1345.629638671875,11.754840962881008
16.72418083808273,1327.6316596137153,11.478481708306141
16.72664081905637,1304.7274644639756,11.442685056058144
16.729100800030015,1327.2803582085503,12.317693110048465
16.731560781003655,1348.7906561957466,12.191613438288897
16.734020761977295,1338.6590033637153,12.034164201665227
16.73648074295094,1312.4859178331162,11.514513081818377
16.73894072392458,1317.8233574761284,12.145296961318028
16.74140070489822,1350.4854431152344,11.705527225333572
16.743860685871862,1348.89552476671,11.23962155308861
16.746320666845502,1320.5250006781685,10.44072923696169
16.748780647819146,1319.4926317003037,11.073970203687775
16.751240628792786,1343.2060987684463,11.03478556444724
16.753700609766426,1352.3377787272136,11.093975134860807
16.75616059074007,1333.7759195963542,10.556344589552076
16.75862057171371,1323.341559516059,10.947482965811455
16.761080552687353,1342.8438822428386,11.571705016799049
16.763540533660994,1356.8416680230034,11.439506225183615
16.766000514634634,1339.1774054633247,11.125161679908265
16.768460495608277,1330.7077534993489,11.43637137487778
16.770920476581917,1346.5368008083767,12.299895518026732
16.773380457555557,1363.0885281032986,12.013941192590998
16.7758404385292,1347.7562696668838,11.735603646545524
16.77830041950284,1318.4767964680989,11.24965938482594
16.780760400476485,1327.0875888400608,12.130115005440397
16.783220381450125,1355.1524488661025,12.025944298951849
16.785680362423765,1357.2160746256511,12.024544102769017
16.78814034339741,1324.298583984375,11.268684836272215
16.79060032437105,1319.0092671712239,11.709621497614942
16.79306030534469,1353.2506612141926,11.610829525531944
16.795520286318332,1360.0532735188801,11.40514373806158
16.797980267291972,1334.8078172471787,10.740289717561714
16.800440248265616,1318.095475938585,11.04763135232617
16.802900229239256,1341.2411363389756,11.425644846320084
16.805360210212896,1357.509738498264,11.20491826346404
16.80782019118654,1338.30125257704,10.894651673007335
16.81028017216018,1318.2380065917969,10.905849007721557
16.812740153133824,1333.5310194227432,11.542027791854764
16.815200134107464,1355.6931016710068,11.339078865175054
16.817660115081104,1347.8492363823784,11.254761382800789
16.820120096054747,1322.5712788899739,10.748267342201284
16.822580077028388,1329.1691351996528,11.413467384690636
16.825040058002028,1353.1392211914062,11.503293840887647
16.82750003897567,1359.1707933213975,11.447952980224029
16.82996001994931,1329.515862358941,11.051153112474973
16.832420000922955,1323.7114902072483,11.89096109862446
16.834879981896595,1348.5315687391494,12.396015640490235
16.837339962870235,1365.1647338867188,12.368847851384206
16.83979994384388,1338.4795498318142,11.828373557252005
16.84225992481752,1324.1177842881943,12.252172294588078
16.844719905791163,1343.8638678656685,12.740389012784828
16.847179886764803,1367.4157172309028,12.527818009573666
16.849639867738443,1346.7952813042534,11.742314058464697
16.852099848712086,1329.0540839301216,11.745085161118764
16.854559829685726,1337.7495727539062,12.367516755856554
16.857019810659366,1371.9924689398872,12.147853966019653
16.85947979163301,1358.1413675944011,11.57620196519577
16.86193977260665,1335.2672627766926,11.041966952426963
16.864399753580294,1334.2159356011284,11.713384945879678
16.866859734553934,1367.9062398274739,11.524568553965091
16.869319715527574,1371.6609395345051,11.224628136850264
16.871779696501218,1348.6001688639324,10.499734947934968
16.874239677474858,1348.1981777615017,11.149506656350294
16.8766996584485,1378.9708455403645,11.430353335911484
16.87915963942214,1392.5395846896702,11.23253673598144
16.88161962039578,1362.3543972439236,10.622338462538984
16.884079601369425,1338.45363023546,10.834675917045288
16.886539582343065,1357.3009541829426,11.391394324696973
16.888999563316705,1385.0844014485676,11.61740451027728
16.89145954429035,1369.8324890136719,11.210171717855557
16.89391952526399,1342.6766628689236,11.570940312618976
16.896379506237633,1354.3748881022136,12.420754965351225
16.898839487211273,1389.6292385525173,12.912949961221807
16.901299468184913,1390.04148695204,12.375831694808213
16.903759449158557,1355.3551161024307,11.887122645503998
16.906219430132197,1348.6116570366753,12.482362798213302
16.908679411105837,1380.5990125868057,12.874730478741563
16.91113939207948,1395.689965142144,12.575607815315418
16.91359937305312,1362.8968200683594,11.782383050417824
16.916059354026764,1342.2506374782986,11.903566023817293
16.918519335000404,1375.8328484429253,12.233255138973542
16.920979315974044,1398.6236131456162,11.996870593203466
16.923439296947688,1375.8835822211372,11.107989198085107
16.925899277921328,1353.5171644422744,11.061494640203925
16.92835925889497,1364.1707763671875,11.250922105367861
16.93081923986861,1393.2947319878472,11.26095828633091
16.933279220842252,1389.4509718153213,10.590114389520703
16.935739201815895,1365.9314846462673,10.761265641632487
16.938199182789536,1368.8939717610676,11.028918710126437
16.940659163763176,1397.2611558702256,11.484811360310411
16.94311914473682,1403.0633205837673,11.068007476229484
16.94557912571046,1378.0218505859375,10.854493633677325
16.948039106684103,1372.9867248535156,11.298915991939412
16.950499087657743,1395.6195034450955,12.000071923615502
16.952959068631383,1417.5340711805557,11.999285135208536
16.955419049605027,1395.561550564236,11.654060813764957
16.957879030578667,1372.6246710883247,12.048101743159313
16.96033901155231,1384.9815504286025,12.743894299635556
16.96279899252595,1418.9445699055989,13.120337665697232
16.96525897349959,1413.7206217447917,12.953315079196585
16.967718954473234,1380.2708841959636,12.469339786941875
16.970178935446874,1382.7694295247395,12.824276318729599
16.972638916420514,1423.1224433051216,12.957216134058003
16.975098897394158,1435.9048394097222,12.245240072217745
16.977558878367798,1402.5682000054253,11.789768432977958
16.980018859341442,1392.3034328884548,11.653403555370392
16.982478840315082,1422.371337890625,12.17726800766194
16.984938821288722,1431.9676310221355,11.789411726901678
16.987398802262366,1406.0321892632378,11.103846340495036
16.989858783236006,1391.5703633626301,11.107784379957453
16.99231876420965,1414.5093960232205,12.126069588400455
16.99477874518329,1440.2903340657551,12.3360801863097
16.99723872615693,1430.2486538357205,11.504122696255461
16.999698707130573,1406.210717095269,11.486864917897208
17.002158688104213,1403.1753607855903,12.139142862948919
17.004618669077853,1429.4508938259548,12.91777803356508
17.007078650051497,1439.0570373535156,12.135258729026207
17.009538631025137,1409.5217827690972,11.999377927790626
17.01199861199878,1391.154517279731,12.00866963941309
17.01445859297242,1421.2501661512588,12.977079981834368
17.01691857394606,1450.6590135362412,12.424665169717805
17.019378554919705,1441.1278381347656,12.280819380527447
17.021838535893345,1444.7860209147136,12.029843067407
17.024298516866985,1603.443874782986,13.736495693925024
17.02675849784063,2015.3970336914062,15.80406779070045
17.02921847881427,2502.908189561632,18.622734663124085
17.031678459787912,2551.155510796441,18.779586355231007
17.034138440761552,2087.3201768663193,16.429955252751405
17.036598421735192,1718.022196451823,14.206906942406897
17.039058402708836,1573.5526326497395,12.821879862154
17.041518383682476,1497.0171542697483,12.367489626058337
17.04397836465612,1447.6449517144097,12.163448916122393
17.04643834562976,1456.6842041015625,12.93432583603633
17.0488983266034,1474.8038635253906,12.274021942501737
17.051358307577043,1455.9500969780815,12.021698599347776
17.053818288550683,1423.8691304524739,11.513630104713659
17.056278269524324,1430.3555297851562,12.363775528531239
17.058738250497967,1469.296627468533,12.340094090262248
17.061198231471607,1467.902096218533,12.147157248746337
17.06365821244525,1432.299343532986,11.392440650004513
17.06611819341889,1428.3763732910156,12.297019561066792
17.06857817439253,1464.7252366807725,12.69569061567837
17.071038155366175,1477.5325961642795,12.704312021051178
17.073498136339815,1452.137186686198,11.761892689064162
17.07595811731346,1427.097947862413,12.323132316738475
17.0784180982871,1448.338575575087,12.707527065573892
17.08087807926074,1477.9500054253472,13.180652179934853
17.083338060234382,1470.1094190809463,12.081164768513588
17.085798041208022,1436.0656060112847,12.201608945209667
17.088258022181662,1436.0424296061199,12.245148583480534
17.090718003155306,1470.0436909993489,12.870218586428894
17.093177984128946,1481.4485236273872,11.84820677422386
17.09563796510259,1447.9725748697917,11.778882275735018
17.09809794607623,1435.726515028212,11.530757224762095
17.10055792704987,1467.4146287706162,12.437704802964074
17.103017908023514,1490.265821668837,12.01054532811005
17.105477888997154,1471.3375515407986,11.563053914261157
17.107937869970797,1436.4058227539062,11.298267208138858
17.110397850944437,1443.8089836968315,11.865637184425095
17.112857831918078,1476.0915900336372,12.240502967519992
17.11531781289172,1475.870113796658,11.825266190032256
17.11777779386536,1443.9173550075955,11.757395109566927
17.120237774839,1435.2093098958333,12.239939918672812
17.122697755812645,1468.5204705132378,13.361877693788303
17.125157736786285,1486.1329583062065,12.63534104133863
17.12761771775993,1457.6358303493923,12.411866586854492
17.13007769873357,1439.3674180772568,12.498074246881364
17.13253767970721,1454.123772515191,13.654681033085797
17.134997660680853,1485.042432996962,13.283826166117603
17.137457641654493,1472.3831651475693,12.89882649093513
17.139917622628133,1440.7531840006511,12.534071171201894
17.142377603601776,1436.323971218533,13.631352653465694
17.144837584575416,1473.7327711317275,13.791007659411495
17.14729756554906,1484.5664774576824,13.585194014324117
17.1497575465227,1456.7485690646702,12.636475072007292
17.15221752749634,1430.1725396050347,13.304976365905187
17.154677508469984,1460.0735236273872,13.738553604271708
17.157137489443624,1486.2403191460503,13.756019328163047
17.159597470417268,1470.350847032335,12.674019064735623
17.162057451390908,1441.5312872992622,12.86982710593966
17.164517432364548,1456.835717095269,13.210237930319549
17.16697741333819,1481.8646036783855,13.336563086689617
17.16943739431183,1488.3218349880642,12.322158625367733
17.17189737528547,1455.593014187283,12.131228015979039
17.174357356259115,1441.6163431803386,12.126522463233476
17.176817337232755,1467.345930311415,12.87312604974504
17.1792773182064,1491.7698703342014,12.119912651323364
17.18173729918004,1475.0443522135417,11.799175347715504
17.18419728015368,1447.8505520290798,11.452841589736552
17.186657261127323,1460.8621893988716,12.282385266031152
17.189117242100963,1482.121120876736,12.001530431008298
17.191577223074606,1481.273654513889,11.55961867884254
17.194037204048247,1454.1065233018662,11.160404625478582
17.196497185021887,1446.353278266059,11.727010095017361
17.19895716599553,1474.727023654514,12.259451405266729
17.20141714696917,1488.1143832736545,11.854071374358737
17.20387712794281,1470.4814046223958,11.433402369222321
17.206337108916454,1444.4733140733506,11.308600017928486
17.208797089890094,1455.421875,12.202626701706896
17.211257070863738,1485.1517164442275,12.03369485598273
17.213717051837378,1476.2947896321614,11.811342055104078
17.216177032811018,1447.7622918023003,11.496585331314991
17.21863701378466,1441.8251274956597,12.377230898293558
17.2210969947583,1478.5983378092449,12.833730484772307
17.223556975731945,1497.8787638346355,12.673751395296055
17.226016956705585,1470.7306789822048,11.87458802113103
17.228476937679226,1455.4551289876301,12.366744767157392
17.23093691865287,1468.7090996636284,12.799119384473125
17.23339689962651,1499.8729349772136,13.163511559071814
17.23585688060015,1489.3700527615017,12.293874503514823
17.238316861573793,1460.269259982639,12.224462317540013
17.240776842547433,1459.8703274197048,12.352672966710927
17.243236823521077,1487.40135023329,13.142517926311527
17.245696804494717,1504.8728400336372,12.42122316174893
17.248156785468357,1478.4523145887588,12.343458956727659
17.250616766442,1455.8262736002605,12.096461945919376
17.25307674741564,1482.2289666069878,12.891859512806846
17.25553672838928,1513.9707641601562,12.455998731831206
17.257996709362924,1504.9068162706162,12.196169250632309
17.260456690336564,1471.6016981336807,11.833797559218448
17.262916671310208,1470.8827616373699,12.482723035143506
17.265376652283848,1507.7438184950088,12.599801034749722
17.267836633257488,1515.6850280761719,12.409961356131525
17.270296614231132,1492.2566630045574,11.688931098219173
17.272756595204772,1476.2627936469185,12.206923189576464
17.275216576178416,1498.7434726291233,12.368084666922288
17.277676557152056,1523.6691012912327,12.304642571537025
17.280136538125696,1509.0565185546875,11.58118500070631
17.28259651909934,1483.8375074598525,11.543920137208822
17.28505650007298,1484.5896775987412,11.937040346377037
17.28751648104662,1515.4248860677083,12.25187289948846
17.289976462020263,1527.51804945204,11.73854218187779
17.292436442993903,1501.1448364257812,11.346402047825302
17.294896423967547,1489.43019273546,11.764607755581363
17.297356404941187,1509.932590060764,12.233718189457468
17.299816385914827,1535.4456922743057,12.165049663449686
17.30227636688847,1524.8138665093315,11.573543179351969
17.30473634786211,1499.489020453559,11.67805110364913
17.307196328835754,1510.616678873698,12.384182528773515
17.309656309809395,1540.9803093804253,12.854802587840464
17.312116290783035,1549.8846571180557,12.231565989248113
17.31457627175668,1526.7048034667969,12.041610332286968
17.31703625273032,1514.4742262098525,12.24296790735348
17.31949623370396,1538.0515543619792,13.049454691067922
17.321956214677602,1559.3935445149739,12.81465763807628
17.324416195651242,1554.8098788791233,12.57775778568217
17.326876176624886,1524.819088406033,12.25810165739955
17.329336157598526,1537.2976786295574,12.649221342454323
17.331796138572166,1580.2420925564236,13.11397257339235
17.33425611954581,1589.4488016764324,12.866630590078397
17.33671610051945,1556.1916063096787,12.58709782120429
17.339176081493093,1543.5264960394966,13.01327123721261
17.341636062466733,1567.3231981065537,13.583174223273016
17.344096043440373,1605.0894571940105,13.684454594046796
17.346556024414017,1591.146748860677,13.089587172554003
17.349016005387657,1568.721727159288,13.153111923366795
17.351475986361297,1560.7865871853298,13.42073111338148
17.35393596733494,1595.8958774142795,14.05966130533691
17.35639594830858,1606.7479858398438,13.310786808608796
17.358855929282225,1570.6054144965278,12.895622207821724
17.361315910255865,1555.0420600043403,12.889953586033865
17.363775891229505,1580.2687242296006,13.587075796800566
17.36623587220315,1602.2585144042969,13.142606363825914
17.36869585317679,1597.0626288519966,12.977946907466896
17.371155834150432,1568.241926405165,12.816685570916894
17.373615815124072,1558.2745530870225,13.147779398744838
17.376075796097712,1584.6307576497395,13.222308998822912
17.378535777071356,1590.7371249728733,12.909684986445736
17.380995758044996,1568.9403381347656,12.529647270015735
17.383455739018636,1549.5101928710938,12.835629772776295
17.38591571999228,1558.9344109429253,13.431750708384257
17.38837570096592,1591.8877766927083,13.620580105726217
17.390835681939564,1585.4575975206162,12.902382138313314
17.393295662913204,1559.6507229275173,13.043372834584847
17.395755643886844,1548.8407626681858,13.307577776616375
17.398215624860487,1575.6634080674912,13.830524219428803
17.400675605834127,1587.017825656467,13.200769653787749
17.403135586807768,1565.1228535970051,13.044323605559596
17.40559556778141,1534.030988905165,12.913628248860649
17.40805554875505,1548.1121215820312,13.58754654642362
17.410515529728695,1581.9457431369358,13.725836952887027
17.412975510702335,1583.2354702419705,13.549949737394952
17.415435491675975,1556.8975830078125,13.232970164265032
17.41789547264962,1542.1939561631943,13.670232509328883
17.4196184106609,1619.7227274576824,19.887440174913962
17.42035545362326,1561.8172844780815,14.103186261183131
17.422815434596902,1582.466803656684,13.741188540357486
17.425275415570542,1555.0985344780815,12.982139325697595
17.42552236518092,1592.2955525716145,19.58216907122727
17.427735396544183,1527.9478861490886,13.15570457585398
17.430195377517826,1532.5687934027778,13.517106792259105
17.431426319700943,1593.1189982096355,19.59741429964248
17.432655358491466,1563.0172763400608,13.691522003708181
17.435115339465106,1561.7239515516494,12.920355178698824
17.437330274220965,1595.6365661621094,19.715554292160302
17.43757532043875,1530.8972507052952,12.705830066213297
17.44003530141239,1516.5067477756077,12.786516600057825
17.442495282386034,1537.4280836317275,13.272835083666202
17.443234228740987,1583.9678955078125,19.575462065052598
17.444955263359674,1549.7733730740017,12.796743879915493
17.447415244333314,1539.0598856608074,12.514422889187568
17.44913818326101,1578.0315348307292,20.165506937020954
17.449875225306958,1508.0638902452256,12.480243310636684
17.452335206280598,1508.1078559027778,12.736361163965531
17.45479518725424,1537.144504123264,13.231558586593273
17.455042137781035,1574.2425842285156,19.877510074022943
17.45725516822788,1550.9484117296006,13.063906870739746
17.45971514920152,1517.3934190538193,12.723351393103213
17.460946092301057,1572.1581929524739,20.393148168632468
17.462175130175165,1500.8743320041233,13.195674707667397
17.464635111148805,1514.647684733073,13.411456546042892
17.46685004682108,1562.1341451009114,19.812478200197532
17.467095092122445,1537.8738606770833,13.479638250288014
17.46955507309609,1528.4623040093315,12.86046519081258
17.47201505406973,1500.1935662163628,12.83200083849686
17.4727540013411,1564.1709696451824,19.698095994597892
17.474475035043373,1491.2649536132812,13.205264917372022
17.476935016017013,1522.6147596571182,13.896867249478818
17.478657955861124,1549.9779561360676,19.93967747123427
17.479394996990653,1535.9394904242622,13.34762709798368
17.481854977964296,1511.0924614800347,12.856991889896584
17.484314958937937,1483.841081407335,13.000793041826775
17.484561910381146,1543.2077128092449,19.784248999935322
17.48677493991158,1492.30665757921,13.698027439308467
17.48923492088522,1520.6368645562065,13.493026077723147
17.490465864901168,1540.8815307617188,19.73737246377135
17.49169490185886,1518.0377773708767,12.72720382103906
17.494154882832504,1485.631120469835,12.440308327340452
17.49636981942119,1545.0304361979167,19.694207274559286
17.496614863806144,1472.8472188313801,12.619816005448829
17.499074844779784,1496.0970221625435,13.14678684857759
17.501534825753428,1519.0753750271267,12.757502876947878
17.502273773941212,1530.2982991536458,18.85018050636939
17.503994806727068,1495.3758273654514,12.239574047012423
17.50645478770071,1463.873514811198,12.144816042422903
17.508177728461234,1536.6326599121094,19.598307576072205
17.50891476867435,1468.8690253363716,12.262381991542243
17.51137474964799,1500.3601650661892,12.602432192277831
17.513834730621635,1503.2685852050781,11.958922920970453
17.514081682981256,1529.7645263671875,19.408155811360952
17.516294711595275,1475.8752000596787,11.951480383173795
17.518754692568915,1460.9278021918403,12.062095145569026
17.51998563750128,1522.9465433756511,18.932515214212685
17.52121467354256,1480.7040371365017,12.919255086526409
17.5236746545162,1504.840379503038,12.816215813722629
17.5258895920213,1528.6554768880208,19.761244743846667
17.526134635489843,1494.3093770345051,12.704958548384715
17.528594616463483,1465.6342095269097,12.322348249365792
17.531054597437123,1468.9524570041233,13.029531291235859
17.531793546541323,1520.1361490885417,18.776410492641705
17.533514578410767,1495.3749864366318,13.642738803791811
17.535974559384407,1507.4571295844185,13.237803053280635
17.537697501061345,1523.3351236979167,19.241530911416216
17.53843454035805,1485.3670111762153,12.913170706879512
17.54089452133169,1464.3570353190105,13.074137973400417
17.54335450230533,1475.2400817871094,13.726581409980767
17.543601455581367,1514.6925760904949,19.48203886997485
17.545814483278974,1505.5157640245225,13.981933493149834
17.548274464252614,1495.1702813042534,13.296673430999592
17.549505410101393,1512.4326070149739,19.581983253826177
17.550734445226254,1468.6731363932292,13.304130855634341
17.553194426199898,1460.0127665201824,13.403724433917992
17.555409364621415,1511.0335591634114,19.46961212631535
17.555654407173538,1482.6930711534287,13.754080091956311
17.55811438814718,1495.2277289496528,13.466962528175577
17.560574369120822,1480.5934685601128,13.198138698688169
17.561313319141437,1512.5500081380208,19.756081184126057
17.563034350094462,1449.6171162923176,12.682574858174942
17.565494331068106,1452.2580430772568,13.487673666507208
17.56721727366146,1505.2791137695312,19.31774272510737
17.567954312041746,1478.6172993977864,13.660755557926137
17.57041429301539,1485.645528157552,13.377366244794121
17.57287427398903,1460.1253085666233,13.153261964879901
17.57312122818148,1513.4937642415364,19.93024222618555
17.57533425496267,1443.4681667751736,13.0841952266429
17.577794235936313,1456.7576260036892,13.679642171287147
17.579025182701503,1498.6583964029949,19.432938253940176
17.580254216909953,1490.854488796658,14.129311882925009
17.582714197883593,1481.8120998806423,13.767460354727826
17.584929137221526,1503.858642578125,20.08036540306102
17.585174178857237,1454.6204766167534,13.979719743116366
17.587634159830877,1447.2335781521267,14.26066423916696
17.59009414080452,1477.533738878038,14.950248356340442
17.590833091741548,1504.0457255045574,20.10748596854802
17.59255412177816,1502.414503309462,14.432455827894042
17.5950141027518,1485.4263509114583,14.021273454993661
17.59673704626157,1507.2430928548176,19.638871215200833
17.597474083725444,1460.7733425564236,14.002754900073496
17.599934064699085,1457.6368442111545,14.71149377453836
17.602394045672728,1482.764600965712,14.352414360973821
17.602641000781592,1484.2388712565105,19.134024389327116
17.60485402664637,1495.8048739963108,13.72468947731762
17.60731400762001,1472.834469265408,13.520343261722832
17.608544955301614,1505.9216918945312,20.15260824702206
17.609773988593652,1456.8055826822917,13.8260508004231
17.612233969567292,1480.262963189019,14.316953240909841
17.614448909821636,1508.1785380045574,20.072802708136617
17.614693950540932,1501.7839796278213,13.957253321287277
17.617153931514576,1493.2117886013455,13.234443618065072
17.619613912488216,1468.2447441948784,12.827620287777815
17.62035286434166,1512.183614095052,20.348099462355826
17.62207389346186,1456.2258707682292,13.278343359710126
17.6245338744355,1479.7844814724392,13.356453709536389
17.62625681886168,1503.8271891276042,19.487297157374616
17.62699385540914,1498.4671630859375,12.968004653332132
17.629453836382783,1477.178961859809,12.577930678765123
17.631913817356423,1458.5912780761719,12.482275014191785
17.632160773381703,1517.835673014323,20.320822283174135
17.634373798330063,1470.4560038248699,13.110916651831845
17.636833779303707,1498.3862847222222,13.046264043406744
17.638064727901725,1512.5547892252605,19.958932613607566
17.639293760277347,1505.5768059624565,12.859629628581231
17.64175374125099,1482.6812811957466,12.756881731038122
17.643968682421747,1521.5880432128906,19.2765120941833
17.64421372222463,1459.4664645724827,13.101631962676796
17.64667370319827,1480.9467129177517,13.675912143420012
17.649133684171915,1501.6832716200088,13.364320295814956
17.649872636941772,1511.3620198567708,19.9802925940293
17.651593665145555,1495.972676595052,12.796750438051049
17.6540536461192,1474.2830132378472,12.698484529338696
17.655776591461795,1527.6172993977864,20.100916511450883
17.65651362709284,1475.4418301052517,13.26010047571865
17.65897360806648,1496.2700907389324,13.599059010932
17.661433589040122,1517.060255262587,13.168078105774859
17.661680545981817,1525.8819071451824,19.19020891313223
17.663893570013762,1507.3089565700955,12.879662523267054
17.666353550987402,1477.6307474772136,12.760836160940581
17.66758450050184,1531.5906982421875,20.480768207665143
17.668813531961046,1479.382059733073,13.063549668318807
17.671273512934686,1506.8151482476128,13.222191005814443
17.67348845502186,1531.6575012207031,19.755521959331404
17.67373349390833,1511.5416836208767,12.693463562295932
17.67619347488197,1485.5735541449653,12.28349543313212
17.67865345585561,1467.4983757866753,12.476540421045435
17.679392409541883,1537.3772277832031,20.034451960853193
17.681113436829254,1486.5794440375435,12.88306485606062
17.683573417802894,1505.226067437066,12.620444547306493
17.685296364061905,1538.377461751302,20.378528909755666
17.686033398776537,1511.3694288465713,12.658526344092415
17.688493379750177,1479.6793653700088,12.384546402464373
17.690953360723817,1479.0149603949653,12.648141210169433
17.691200318581927,1547.3706156412761,19.795288539978454
17.69710427310195,1548.8508911132812,20.439628501795745
17.70300822762197,1545.5606689453125,20.324585657947107
17.708912182141994,1540.0263264973958,19.51290260099957
17.714816136662016,1540.4214477539062,20.0961037382974
17.720720091182038,1538.1614278157551,19.622087495896047
17.72662404570206,1543.3231506347656,19.54184152963899
17.732528000222082,1544.4201049804688,19.952254519803034
17.738431954742104,1547.871805826823,19.814319471144806
17.74433590926213,1553.6090393066406,20.133231748326878
17.750239863782152,1559.3858439127605,20.05421159288599
17.756143818302174,1557.1331787109375,19.467791146542005
17.762047772822196,1552.6004536946614,19.97168860597913
17.76795172734222,1568.2448628743489,20.54505922948673
17.77385568186224,1561.451395670573,19.74263082254859
17.779759636382263,1563.5339762369792,20.800217134382535
17.785663590902285,1558.781514485677,20.176678107934215
17.791567545422307,1562.3616027832031,19.290063129488992
17.79747149994233,1560.7581481933594,20.484800032151085
17.80337545446235,1560.5054626464844,20.26829701987878
17.809279408982373,1552.3290608723958,19.872633618728372
17.815183363502396,1556.5386149088542,20.893578911966085
17.821087318022418,1555.1637776692708,20.31747928381845
17.82699127254244,1550.518534342448,19.94132320016898
17.832895227062462,1544.1062927246094,20.909481707809597
17.838799181582484,1547.5269877115886,20.68069146396671
17.84470313610251,1541.1332600911458,20.5722131517685
17.850607090622532,1543.1844075520833,20.801513128179923
17.856511045142554,1544.859842936198,19.952534657418038
17.862414999662576,1548.5099792480469,20.813781450897004
17.868318954182598,1548.0123901367188,20.784333000191268
17.87422290870262,1630.7834574381511,21.461083101909935
17.880126863222642,1919.685791015625,25.622046397640553
17.886030817742665,1853.4662984212239,24.7543456978619
17.891934772262687,1622.5253601074219,21.09543806835966
17.89783872678271,1567.1024780273438,21.569840605609215
17.90374268130273,1559.1879781087239,21.316011481318426
17.909646635822753,1553.0178120930989,20.630712840890315
17.915550590342775,1560.2698872884114,21.76633252436369
17.921454544862797,1576.7681681315105,21.46621544754769
17.92735849938282,1687.8787943522136,22.289586204067007
17.93326245390284,1776.47314453125,24.62836711708615
17.939166408422867,1644.3853047688801,22.707540598401966
17.94507036294289,1575.568094889323,20.93634801191726
17.95097431746291,1559.2969868977864,21.52540002862093
17.956878271982934,1557.4410095214844,21.118894412310315
17.962782226502956,1551.1244506835938,20.337644885129386
17.968686181022978,1541.9594014485676,21.035596784123214
17.974590135543,1553.8080240885417,21.656535727298074
17.980494090063022,1553.5394694010417,20.61064812262645
17.986398044583044,1558.9149881998699,21.185891687640602
17.992301999103066,1550.4871826171875,20.793516934270677
17.99820595362309,1554.191182454427,20.539580297166385
18.00410990814311,1558.8475748697917,20.70106294497849
18.010013862663133,1574.2271423339844,21.137350382154985
18.015917817183155,1565.4356282552083,20.39621464764512
18.021821771703177,1575.2933044433594,21.286366768051877
18.0277257262232,1564.9266357421875,20.19825520591153
18.03362968074322,1571.8630676269531,20.537632394883946
18.039533635263247,1561.7898661295574,20.90605410574704
18.04543758978327,1573.757832845052,21.34305257764069
18.05134154430329,1567.9616088867188,20.30144050449899
18.057245498823313,1574.0185038248699,21.526785123254303
18.063149453343335,1560.2588806152344,20.869944631857813
18.069053407863358,1585.8716532389324,20.756476259703923
18.07495736238338,1574.8030904134114,20.75643374118926
18.080861316903402,1584.4365336100261,21.611679203961693
18.086765271423424,1559.8165995279949,19.52407545987515
18.092669225943446,1577.9244995117188,21.035578746512435
18.098573180463468,1576.9620056152344,20.564587974031653
18.10447713498349,1599.298583984375,20.90580764604392
18.110381089503512,1585.6532389322917,20.15320045561666
18.116285044023535,1600.5056559244792,21.531192009943503
18.122188998543557,1579.8212178548176,20.389782404678755
18.12809295306358,1598.0038655598958,21.138156781010064
18.133996907583604,1600.7168782552083,20.880742590713925
18.139900862103627,1600.8227437337239,20.988113591265545
18.14580481662365,1598.60205078125,20.227742304767162
18.15170877114367,1599.8564453125,21.066057141966898
18.157612725663693,1592.6373087565105,20.778796412983844
18.163516680183715,1601.3562927246094,20.826462517377713
18.169420634703737,1592.651143391927,21.34058810837835
18.17532458922376,1592.6902567545574,21.25973011413755
18.18122854374378,1599.5203450520833,21.057618266743894
18.187132498263804,1599.0840555826824,21.655828359919294
18.193036452783826,1595.6177673339844,21.95223800097543
18.198940407303848,1606.8414510091145,20.99514364465347
18.20484436182387,1609.4092712402344,21.79506016106288
18.210748316343892,1607.3290710449219,21.799469884013032
18.216652270863914,1607.5667215983074,21.484831999649707
18.222556225383936,1608.7520548502605,20.8999490310527
18.22846017990396,1627.4332377115886,22.83964344180094
18.234364134423984,1614.6678059895833,21.113537749277153
18.240268088944006,1635.1978759765625,21.873159278618285
18.24617204346403,1622.1524454752605,21.818249013113775
18.25207599798405,1641.8939514160156,22.407745714651732
18.257979952504073,1622.831807454427,20.43493336278253
18.263883907024095,1634.622578938802,22.35992975197551
18.269787861544117,1620.7417602539062,21.88199008511709
18.27569181606414,1636.7672220865886,22.046218963483028
18.28159577058416,1614.5204467773438,21.201347726701943
18.287499725104183,1631.7477416992188,22.492864796516262
18.293403679624205,1611.6151835123699,20.8886648704098
18.299307634144228,1625.1123962402344,21.854593657172963
18.30521158866425,1621.9915262858074,22.42569886346437
18.311115543184272,1628.511454264323,22.001712769761994
18.317019497704294,1619.6258850097656,21.919379622793628
18.322923452224316,1636.9440816243489,23.192387630372693
18.32882740674434,1633.3567403157551,23.151840954850154
18.334731361264364,1632.6349589029949,21.463039903057126
18.340635315784386,1643.1113789876301,23.292847393013556
18.346539270304408,1634.1331787109375,23.413775033797187
18.35244322482443,1652.6594950358074,23.02006122620958
18.358347179344452,1646.7566935221355,22.250881000354276
18.364251133864474,1668.8568318684895,24.043864412566663
18.370155088384497,1659.1842244466145,22.15399111334324
18.37605904290452,1659.7286580403645,21.515317013396817
18.38196299742454,1655.8552652994792,21.641051246286374
18.387866951944563,1670.6073710123699,22.693316760810806
18.393770906464585,1645.7905782063801,20.714940646142008
18.399674860984607,1662.78125,21.829885084722363
18.40557881550463,1642.1691792805989,22.83762328479741
18.41148277002465,1655.5549214680989,22.807147285658612
18.417386724544674,1645.8695475260417,22.59940730907934
18.423290679064696,1660.0091451009114,23.338751880952458
18.42919463358472,1655.7185160319011,23.236588945984646
18.435098588104744,1658.9214579264324,22.02924884416137
18.441002542624766,1664.66357421875,23.263387536104037
18.446906497144788,1662.1268920898438,22.938730400436466
18.45281045166481,1668.0813802083333,22.44623117374421
18.458714406184832,1667.470967610677,21.55635026669908
18.464618360704854,1680.65283203125,23.97670907900435
18.470522315224876,1667.0393371582031,22.283004808666774
18.4764262697449,1687.4225972493489,22.06445444806525
18.48233022426492,1682.2060648600261,22.336174564700205
18.488234178784943,1700.5281168619792,23.234330608019057
18.494138133304965,1692.172139485677,21.23988632565136
18.500042087824987,1701.9051818847656,21.18559536546151
18.50594604234501,1687.677998860677,21.958032386035452
18.51184999686503,1712.6373697916667,22.415338297093886
18.517753951385053,1706.6436462402344,21.58315859732182
18.52365790590508,1699.8306986490886,21.522648279297872
18.5295618604251,1702.4597066243489,22.81645982625881
18.535465814945123,1687.6033325195312,21.765017514499124
18.541369769465145,1703.0094299316406,22.620256847372183
18.547273723985167,1689.712381998698,22.70141621744436
18.55317767850519,1691.5436096191406,23.645589480970106
18.55908163302521,1686.1444295247395,22.424260578870715
18.564985587545234,1711.1718444824219,23.75873712777972
18.570889542065256,1699.4979756673176,23.86601514126908
18.576793496585278,1716.7302144368489,23.97823596627047
18.5826974511053,1710.5963134765625,22.534611457659626
18.588601405625322,1719.5441792805989,23.273490303160457
18.594505360145344,1725.4452819824219,24.002003752214577
18.600409314665367,1742.5774027506511,23.15248713629152
18.60631326918539,1741.0340067545574,22.5361808346381
18.61221722370541,1745.4485982259114,22.94975858282446
18.618121178225433,1749.851318359375,23.451433585363592
18.62402513274546,1737.144266764323,21.851097530645397
18.62992908726548,1756.5787150065105,22.418416647915926
18.635833041785503,1736.4971008300781,21.995153736318652
18.641736996305525,1749.2392883300781,23.48515482507408
18.647640950825547,1737.8031209309895,22.645799385618933
18.65354490534557,1748.2203877766926,22.929455169504138
18.65944885986559,1732.2499186197917,23.82054813327831
18.665352814385614,1734.2798360188801,23.816721203147036
18.671256768905636,1749.8323364257812,23.52325871286216
18.677160723425658,1745.7821248372395,23.35370193258754
18.68306467794568,1767.4071451822917,24.96917448053585
18.688968632465702,1796.4627278645833,24.00567766659371
18.694872586985724,2002.078877766927,26.988990747768746
18.700776541505746,3870.623738606771,48.6487469549766
18.70668049602577,11709.8173828125,160.00603465381906
18.71258445054579,9218.166910807291,122.79510793795986
18.718488405065816,3180.2374267578125,39.56558891348654
18.72439235958584,2028.722432454427,26.192892926991746
18.73029631410586,1815.3349609375,24.587302107909988
18.736200268625883,1785.0213317871094,23.665664222416478
18.742104223145905,1775.0708516438801,22.51330565470251
18.748008177665927,1781.6983235677083,24.309348225941516
18.75391213218595,1778.4589029947917,25.041495816297907
18.75981608670597,1792.6343688964844,25.38445561089044
18.765720041225993,1779.8288879394531,24.49221165209791
18.771623995746015,1803.8231099446614,24.16354452073931
18.777527950266037,1773.0023295084636,23.64988831701098
18.78343190478606,1797.1712341308594,24.392237447491848
18.78933585930608,1772.4426676432292,23.88910862894872
18.795239813826104,1780.1953837076824,23.869233783893765
18.801143768346126,1779.2603759765625,24.880441268732856
18.807047722866148,1773.3255310058594,24.118309739377693
18.81295167738617,1785.1070149739583,24.345076874104098
18.818855631906196,1778.3496907552083,23.830125969032906
18.824759586426218,1780.9934183756511,25.06185000291616
18.83066354094624,1778.2378234863281,24.03044232889447
18.836567495466262,1798.4865214029949,24.13251887479201
18.842471449986284,1799.7188212076824,23.86373924819601
18.848375404506307,1804.4619649251301,25.068789610391576
18.85427935902633,1825.2425944010417,24.87555122967203
18.86018331354635,1830.8179423014324,22.904435167878038
18.866087268066373,1836.5658671061199,23.864814020572805
18.871991222586395,1839.5386250813801,24.572634366737763
18.877895177106417,1842.1214497884114,25.43146566740132
18.88379913162644,1833.1402893066406,23.95820681693784
18.88970308614646,1841.0569966634114,23.94026157296388
18.895607040666484,1835.2989908854167,24.716816100684127
18.901510995186506,1848.6529337565105,25.315305523254974
18.907414949706528,1832.6240539550781,24.616059536918385
18.913318904226553,1833.0706380208333,23.815085548862584
18.919222858746576,1834.7910868326824,24.767556719287537
18.925126813266598,1835.8654276529949,25.340826404042794
18.93103076778662,1844.3151245117188,25.239907325180763
18.936934722306642,1822.0089619954426,23.62619861717825
18.942838676826664,1839.8363138834636,24.94570419576226
18.948742631346686,1845.2402648925781,25.74850322123179
18.95464658586671,1853.1965738932292,25.537849915751757
18.96055054038673,1855.143046061198,23.9323591370323
18.966454494906753,1840.3871459960938,24.081025452888724
18.972358449426775,1853.3129475911458,25.894864374242864
18.978262403946797,1851.6990458170574,25.696173771892692
18.98416635846682,1867.9710489908855,24.794856625890414
18.99007031298684,1859.5380147298176,23.51709467015392
18.995974267506863,1869.1739400227864,25.21872294756862
19.001878222026885,1851.3586120605469,25.84818786771207
19.007782176546907,1862.5035909016926,25.09157128723928
19.013686131066933,1862.5679829915364,24.241214751910416
19.019590085586955,1856.5303853352864,23.834524096738214
19.025494040106977,1860.6259256998699,25.42395136256973
19.031397994627,1849.5787455240886,25.066638678612446
19.03730194914702,1858.7315063476562,24.45864064856496
19.043205903667044,1854.030029296875,23.971416694825127
19.049109858187066,1872.9308980305989,25.193762793596388
19.055013812707088,1920.1153564453125,25.956324623408563
19.06091776722711,1902.6142679850261,25.102367206259032
19.066821721747132,1882.3312581380208,23.693386748054852
19.072725676267154,1873.4923909505208,24.222035266751465
19.078629630787177,1874.5230509440105,26.234147540810877
19.0845335853072,1875.4699605305989,25.734796952423764
19.09043753982722,1884.7257385253906,24.627337787092056
19.096341494347243,1886.0406290690105,23.825650359980106
19.102245448867265,1887.8896077473958,24.724521619258216
19.10814940338729,1894.968729654948,26.554781097958063
19.114053357907313,1890.5393575032551,25.71803153355816
19.119957312427335,1903.8750305175781,24.3387867497034
19.125861266947357,1908.896260579427,24.10264535030659
19.13176522146738,1908.504170735677,25.46207436023798
19.1376691759874,1903.629659016927,25.95633167359176
19.143573130507423,1903.3915303548176,25.23530792510452
19.149477085027446,1908.3787231445312,24.604401988091475
19.155381039547468,1900.5313008626301,24.897480692447257
19.16128499406749,1898.9255981445312,25.686297873891917
19.167188948587512,1888.4611206054688,25.586833412910188
19.173092903107534,1913.7115275065105,24.77168864549126
19.178996857627556,1907.0444234212239,23.788940497598336
19.18490081214758,1907.6471557617188,24.350575636190715
19.1908047666676,1915.1163126627605,25.77176202408121
19.196708721187623,1911.1400756835938,25.936284028788705
19.20261267570765,1925.9418538411458,25.358271716043376
19.20851663022767,1913.0068969726562,24.386253832206997
19.214420584747693,1925.3097330729167,24.87702569629605
19.220324539267715,1921.3894958496094,25.794979011346594
19.226228493787737,1928.2892049153645,26.348808054431924
19.23213244830776,1929.6031697591145,26.657238237821144
19.23803640282778,1931.8622741699219,26.182397187844156
19.243940357347803,1954.128682454427,26.690993152186625
19.249844311867825,1932.287841796875,26.8303083484375
19.255748266387847,1948.8663126627605,27.259755906876578
19.26165222090787,1930.8126220703125,25.688695774315857
19.26755617542789,1946.941630045573,26.1351971549777
19.273460129947914,1944.2355651855469,25.29197304271539
19.279364084467936,1932.4663696289062,25.539279509333408
19.285268038987958,1942.1569010416667,25.912772484207927
19.29117199350798,1925.130635579427,25.25813485593928
19.297075948028002,1940.6216837565105,24.946721513856197
19.302979902548028,1935.5197041829426,24.781375561351748
19.30888385706805,1944.4093729654949,25.425164848657257
19.314787811588072,1939.6153564453125,26.423682349167866
19.320691766108094,1940.492940266927,25.904578123607234
19.326595720628116,1934.1318359375,25.30197060039033
19.33249967514814,1937.2667439778645,24.784193195865207
19.33840362966816,1957.184834798177,25.379998880236684
19.344307584188183,1962.8660481770833,26.0108943021228
19.350211538708205,1963.4745178222656,26.817147212392797
19.356115493228227,1969.3617350260417,26.491143060478045
19.36201944774825,1970.1400044759114,25.980820098913576
19.36792340226827,1975.9851786295574,25.767117422342107
19.373827356788293,1968.5282389322917,25.839482149972238
19.379731311308316,1992.5664876302083,27.137645313876888
19.385635265828338,1979.2456359863281,26.597904938574406
19.39153922034836,1975.7057291666667,25.948384733620838
19.397443174868386,1996.0894775390625,26.28617777498238
19.403347129388408,1980.3183288574219,25.592220524190232
19.40925108390843,1998.708475748698,26.6316896507609
19.415155038428452,1985.5181681315105,26.52964309006339
19.421058992948474,1986.1243693033855,25.97520421644856
19.426962947468496,1978.6307678222656,25.393539138103844
19.43286690198852,1987.4589233398438,24.997336689785833
19.43877085650854,1997.524149576823,25.697004389622446
19.444674811028563,1975.9134216308594,26.099011365503845
19.450578765548585,2002.2505900065105,27.579432721432248
19.456482720068607,1976.2649943033855,26.3138449829281
19.46238667458863,1998.39111328125,25.86970780283206
19.46829062910865,2003.5217692057292,25.624086584582937
19.474194583628673,1996.65576171875,25.350419741940044
19.480098538148695,2008.8090209960938,27.044236311872933
19.486002492668717,1995.2935180664062,27.080487204542614
19.49190644718874,2025.8170369466145,26.772880745802194
19.497810401708765,2010.7217814127605,26.24340061631115
19.503714356228787,2013.3619181315105,25.924838217264394
19.50961831074881,2031.8974609375,26.998719956135492
19.51552226526883,2025.364725748698,27.03270543531015
19.521426219788854,2049.4396362304688,28.01967093058547
19.527330174308876,2018.3964436848958,26.557374725338647
19.533234128828898,2047.9757690429688,25.918865170689887
19.53913808334892,2057.0711669921875,25.55983720770263
19.545042037868942,2038.1091715494792,25.509591426260656
19.550945992388964,2059.580281575521,27.31544339139407
19.556849946908986,2015.531962076823,26.84385149702176
19.56275390142901,2045.445576985677,27.193610360325216
19.56865785594903,2023.6117757161458,25.750481862542557
19.574561810469053,2024.7275797526042,24.615587149689656
19.580465764989075,2041.2881673177083,25.520764703735715
19.586369719509097,2025.4141845703125,25.335000820756566
19.592273674029123,2040.450663248698,27.25449713893568
19.598177628549145,2012.7482808430989,26.959321316067868
19.604081583069167,2041.1438395182292,26.4992594702622
19.60998553758919,2028.5066528320312,25.704924200453238
19.61588949210921,2040.5755004882812,24.95343121798504
19.621793446629233,2058.0242309570312,26.175733939556014
19.627697401149256,2019.7604878743489,26.337833939065693
19.633601355669278,2068.3467610677085,27.60986821129029
19.6395053101893,2052.498250325521,27.105137818146822
19.645409264709322,2059.573445638021,25.691723821713534
19.651313219229344,2074.7577107747397,25.623288259879992
19.657217173749366,2053.2213134765625,24.59340242857234
19.66312112826939,2099.4762980143228,26.68587763184947
19.66902508278941,2069.040568033854,26.897670899406602
19.674929037309433,2088.9632364908853,27.391061601756288
19.680832991829455,2080.5110677083335,27.418044305242468
19.686736946349477,2070.4992065429688,24.91795614387637
19.692640900869502,2097.1952107747397,25.35218174494188
19.698544855389525,2062.2069091796875,24.971884628726425
19.704448809909547,2073.7347412109375,25.011061129125345
19.71035276442957,2064.8851521809897,26.559557245383115
19.71625671894959,2055.3986206054688,25.99666441458564
19.722160673469613,2078.9751586914062,26.838947220009423
19.728064627989635,2046.9183553059895,24.477235510353584
19.733968582509657,2080.9713745117188,24.973882972880286
19.73987253702968,2069.2446899414062,24.941193796328882
19.7457764915497,2084.0650227864585,25.510201039667123
19.751680446069724,2095.228474934896,27.49117345630224
19.757584400589746,2071.7473958333335,26.91563016485454
19.763488355109768,2120.38720703125,27.901661173613515
19.76939230962979,2095.6110229492188,25.795493638778023
19.775296264149812,2117.0252278645835,25.35217416138946
19.781200218669834,2128.281209309896,26.23154674649697
19.78710417318986,2115.4619344075522,25.250814801273947
19.793008127709882,2155.6404825846353,27.226930427377173
19.798912082229904,2126.199015299479,27.124639769417737
19.804816036749926,2154.5250040690103,27.41639375107017
19.81071999126995,2138.1471964518228,27.399017044665353
19.81662394578997,2136.3101806640625,25.678632476630455
19.822527900309993,2169.35595703125,26.264031642079626
19.828431854830015,2125.8409220377603,25.35879344246014
19.834335809350037,2168.477335611979,25.967930183295536
19.84023976387006,2143.3723958333335,26.71173216842166
19.84614371839008,2119.9793701171875,26.18644134597818
19.852047672910103,2151.258260091146,27.45932395927847
19.857951627430126,2122.5697021484375,25.785321411407995
19.863855581950148,2152.1454060872397,26.078068119487273
19.86975953647017,2130.4454142252603,25.757190230451197
19.875663490990192,2132.5528157552085,25.284576119702034
19.881567445510214,2146.0396728515625,26.683387334914833
19.88747140003024,2110.5780029296875,25.66022377437515
19.893375354550262,2140.8394978841147,27.34055187873534
19.899279309070284,2116.6722615559897,27.683784141836128
19.905183263590306,2134.3738810221353,27.19641526648151
19.911087218110328,2160.1329549153647,27.856105043703884
19.91699117263035,2133.1214599609375,26.137928201288325
19.922895127150372,2190.235107421875,27.525480726363995
19.928799081670395,2156.1390991210938,26.87721489705719
19.934703036190417,2179.5640462239585,26.86122951685788
19.94060699071044,2186.5423583984375,28.719674348607356
19.94651094523046,2164.53076171875,27.098803755181443
19.952414899750483,2215.835896809896,29.055537575576306
19.958318854270505,2165.2523193359375,27.807065962410565
19.964222808790527,2188.7575887044272,26.676860967822307
19.97012676331055,2201.3754069010415,27.43837488091226
19.97603071783057,2166.8720703125,25.988696185859215
19.981934672350597,2224.4548136393228,26.976269682735847
19.98783862687062,2153.9493611653647,26.34973282015787
19.99374258139064,2170.4844970703125,25.594454612024965
19.999646535910664,2201.3837687174478,27.59250316377173
20.005550490430686,2145.970906575521,26.40483308437914
20.011454444950708,2200.2310791015625,28.02508094923209
20.01735839947073,2156.9179077148438,27.222012216348457
20.023262353990752,2178.669718424479,26.40517367118781
20.029166308510774,2186.0081787109375,27.256119880394692
20.035070263030796,2157.9013671875,25.73969881401439
20.04097421755082,2205.7410278320312,26.88327242178101
20.04687817207084,2167.787312825521,26.952185786565956
20.052782126590863,2196.3735555013022,26.498948476491258
20.058686081110885,2213.3419799804688,28.342485841196147
20.064590035630907,2177.170125325521,27.44677858120704
20.07049399015093,2229.9131876627603,29.267288325376445
20.07639794467095,2192.3754272460938,28.328290461630143
20.082301899190977,2203.423095703125,26.70436201632136
20.088205853711,2226.8870646158853,28.08628666081884
20.09410980823102,2197.709513346354,25.615348855664926
20.100013762751043,2243.6571655273438,26.55981347546481
20.105917717271065,2208.0512898763022,25.895146038691482
20.111821671791088,2207.3293660481772,25.146164524581994
20.11772562631111,2238.0460815429688,27.079402408174094
20.123629580831132,2174.4955851236978,25.74332866604793
20.129533535351154,2244.9601440429688,27.49979253043099
20.135437489871176,2199.6911417643228,27.65608168394594
20.141341444391198,2191.198689778646,26.394384333850716
20.14724539891122,2234.4157104492188,27.733821344784435
20.153149353431242,2172.9054972330728,25.73540587926841
20.159053307951265,2210.2010701497397,25.701491679882356
20.164957262471287,2202.8029581705728,25.829869173087918
20.17086121699131,2175.590616861979,24.13967155024272
20.176765171511335,2224.936238606771,25.970076608370167
20.182669126031357,2183.9964803059897,25.02606925257138
20.18857308055138,2224.1301472981772,26.053460676832316
20.1944770350714,2237.9761962890625,27.76782345789093
20.200380989591423,2202.680623372396,26.733791599086945
20.206284944111445,2261.7358601888022,29.34857486183871
20.212188898631467,2234.264363606771,28.67591710563577
20.21809285315149,2259.3931681315103,27.85793028652528
20.22399680767151,2263.4805908203125,28.620020622810845
20.229900762191534,2247.7369588216147,26.354054313400674
20.235804716711556,2305.5073038736978,27.73062493053248
20.241708671231578,2261.5255330403647,26.957968349085444
20.2476126257516,2276.5072631835938,26.220362850760708
20.253516580271622,2299.4506225585938,27.913094953053843
20.259420534791644,2244.3163452148438,26.340476658694254
20.265324489311666,2303.7986043294272,27.471948303158527
20.27122844383169,2266.9784138997397,27.56015630242138
20.277132398351714,2248.7314656575522,26.91699626194851
20.283036352871736,2310.0494791666665,30.14246265038805
20.28894030739176,2250.148681640625,28.786583861677364
20.29484426191178,2303.1936238606772,28.921630478975114
20.300748216431803,2270.1747843424478,28.667180110955723
20.306652170951825,2221.14013671875,26.60222024308909
20.312556125471847,2292.045654296875,27.897546901061453
20.31846007999187,2226.1411946614585,26.533992417168385
20.32436403451189,2256.5090128580728,26.05937970745054
20.330267989031913,2270.956746419271,27.072001424571212
20.336171943551935,2224.0991414388022,24.950175702390812
20.342075898071958,2294.1773681640625,26.771553929454825
20.34797985259198,2259.2505493164062,26.649502513785563
20.353883807112002,2267.3896687825522,26.374651846352407
20.359787761632024,2323.1296590169272,28.35870432014751
20.361755495679972,1902.7410074869792,24.133557226367646
20.365691716152046,2261.024861653646,26.781565080378318
20.367659450199994,1922.6615397135417,23.75191412853751
20.37159567067207,2315.9066365559897,28.05436301675442
20.373563404720016,1922.3778889973958,24.443620621003607
20.377499625192094,2314.907674153646,28.881524812347088
20.379467359240042,1893.6112060546875,23.61398955436119
20.383403579712116,2277.7901407877603,27.39257426200361
20.385371313760064,1914.1834716796875,24.06032024883771
20.389307534232138,2349.6141967773438,30.257353829657315
20.391275268280086,1900.5713297526042,23.886409782173008
20.39521148875216,2293.0711466471353,28.630908906249243
20.39717922280011,1918.8450520833333,24.73525319194705
20.401115443272182,2328.9165649414062,28.191835178176415
20.40308317732013,1929.7935384114583,25.816929485644877
20.407019397792205,2366.01806640625,29.358284518715312
20.408987131840153,1899.3314819335938,24.579730063570093
20.412923352312227,2297.9366658528647,26.73362164333596
20.414891086360175,1930.6770629882812,25.940089093985282
20.41882730683225,2367.5645955403647,28.238382782820338
20.420795040880197,1911.6363118489583,25.4714907892083
20.42473126135227,2325.6630655924478,27.15608785326226
20.42669899540022,1901.367207845052,25.8184713243452
20.430635215872293,2331.1013387044272,26.171343174233943
20.43260294992024,1932.0151977539062,27.17707415354266
20.436539170392315,2374.7249145507812,27.942231933596442
20.438506904440263,1907.22314453125,25.921638218024906
20.442443124912337,2293.1896158854165,26.065661518693155
20.444410858960286,1928.2395426432292,25.72668771313627
20.44834707943236,2350.8800048828125,26.764829949447776
20.450314813480308,1920.6064453125,26.096754616041558
20.45425103395238,2333.4977010091147,27.496274840291434
20.45621876800033,1903.9912109375,25.869311167304794
20.460154988472404,2292.9874267578125,26.178021734586213
20.462122722520352,1960.2820638020833,28.774423369940266
20.466058942992426,2349.7881673177085,27.658538967508854
20.468026677040374,1927.7708129882812,26.754561074201206
20.47196289751245,2297.5868326822915,27.538700020369465
20.473930631560396,1925.9610392252605,26.015778538996333
20.477866852032474,2295.3890380859375,25.996435084466796
20.479834586080422,1937.108622233073,26.614630416661697
20.483770806552496,2349.6243286132812,30.02956543989405
20.485738540600444,1905.21240234375,26.265669491510533
20.489674761072518,2277.86767578125,27.588465985846273
20.491642495120466,1948.2858479817708,27.113719700593307
20.49557871559254,2354.5363159179688,28.46595486150532
20.497546449640488,1939.349589029948,26.76300853216281
20.501482670112562,2319.597696940104,28.418352480690963
20.50345040416051,1943.3233642578125,25.77755620706814
20.507386624632584,2296.6305135091147,27.998368412298444
20.509354358680532,1966.0320841471355,26.70885269837705
20.513290579152606,2366.8740234375,29.359861505113866
20.515258313200555,1945.4711507161458,26.24139566551201
20.51919453367263,2314.9832560221353,29.052649073613072
20.521162267720577,1966.5106404622395,26.138906285657562
20.52509848819265,2350.8980305989585,28.53984180185158
20.5270662222406,1960.5745442708333,26.637180708017464
20.531002442712673,2384.952189127604,29.726197012141075
20.53297017676062,1934.8187459309895,25.69279830058266
20.536906397232695,2302.925008138021,27.341361056134105
20.538874131280643,1973.0695393880208,25.853778653794755
20.542810351752717,2386.248738606771,28.65734426928601
20.544778085800665,1951.326904296875,26.082233168862853
20.54871430627274,2354.940877278646,28.594302724586623
20.550682040320687,1966.8494669596355,26.521309386140206
20.55461826079276,2346.568562825521,26.89829792468964
20.55658599484071,1975.1651000976562,25.805250828419055
20.560522215312783,2410.322550455729,28.774602328937778
20.56248994936073,1947.7454427083333,25.597670427815103
20.56642616983281,2319.742390950521,26.910069582803843
20.568393903880754,1984.5001831054688,26.123150737462023
20.57233012435283,2370.677530924479,27.040704627300055
20.57429785840078,1979.3988240559895,26.325342983892874
20.578234078872853,2385.2273763020835,27.69603968402738
20.5802018129208,1946.654073079427,25.194659843716746
20.584138033392875,2327.57568359375,26.465789934386226
20.586105767440824,1971.358174641927,26.020854740554306
20.590041987912898,2387.3673502604165,27.278267534574507
20.592009721960846,1935.5401407877605,26.108885806772093
20.59594594243292,2350.557820638021,27.102220861895184
20.597913676480868,1954.5634358723958,25.291330747780343
20.601849896952942,2344.823038736979,26.551043886316098
20.60381763100089,1978.0101318359375,26.210122944397643
20.607753851472964,2377.1305541992188,27.703318534673002
20.609721585520912,1936.599385579427,25.823493055947452
20.613657805992986,2294.3853963216147,26.4742369073979
20.615625540040934,1954.495625813802,25.344268746160875
20.621529494560956,1947.7961018880208,25.579943807049325
20.62743344908098,1947.5841471354167,24.9829163825082
20.633337403601,1983.4471028645833,25.8967430565184
20.639241358121023,1962.843282063802,25.250225049015036
20.645145312641045,1981.9530232747395,25.465906937525013
20.651049267161067,1983.200948079427,26.45084672787152
20.65695322168109,1962.7556559244792,25.004805600268476
20.66285717620111,2007.1389973958333,26.017927352594313
20.668761130721133,1994.6580810546875,26.010451925988566
20.67466508524116,1982.4700317382812,25.243794034470493
20.68056903976118,2027.323750813802,26.44103548429903
20.686472994281203,2001.7958577473958,26.209187113705116
20.692376948801225,2018.3458048502605,26.417019933895943
20.698280903321248,2015.2840169270833,27.04045459464095
20.70418485784127,1982.8861694335938,25.594001941352776
20.710088812361292,2032.47265625,27.6700583916994
20.715992766881314,2016.8444010416667,26.498460547323806
20.721896721401336,2008.6847330729167,26.474603373244967
20.727800675921358,2029.2383219401042,27.341455035496583
20.73370463044138,2006.77734375,27.326501973460303
20.739608584961402,2008.4248657226562,27.152476046402995
20.745512539481425,2019.276631673177,28.007335421182432
20.751416494001447,1989.044169108073,28.143709209279965
20.75732044852147,2019.7732950846355,28.75792107740268
20.76322440304149,1997.677001953125,27.765575909293258
20.769128357561517,1984.0926717122395,28.051734318988363
20.77503231208154,2020.283426920573,27.773520596831425
20.78093626660156,2002.9829508463542,28.359083582679833
20.786840221121583,2011.0166422526042,27.449923995972586
20.792744175641605,2030.978535970052,28.766805273806533
20.798648130161627,1990.4064331054688,27.352158645779888
20.80455208468165,2027.8245239257812,27.453547197156507
20.81045603920167,2041.811014811198,28.953175567680344
20.816359993721694,2024.4573160807292,27.466425829424598
20.822263948241716,2050.262247721354,29.08751931204557
20.828167902761738,2037.511210123698,28.531509973670854
20.83407185728176,2043.2122802734375,27.489622012921735
20.839975811801782,2072.4998575846353,28.27070750459072
20.845879766321804,2039.3609415690105,27.622664937401566
20.851783720841826,2062.7022705078125,28.842388466745113
20.85768767536185,2072.5860392252603,28.552545810149677
20.86359162988187,2038.8240966796875,27.201596415414993
20.869495584401896,2074.651570638021,28.397888504781523
20.87539953892192,2052.984659830729,27.561631153692165
20.88130349344194,2044.062723795573,27.115609842244876
20.887207447961963,2064.5475056966147,27.72942505891232
20.893111402481985,2043.2314046223958,27.876126948589814
20.899015357002007,2046.8553263346355,27.155516531112177
20.90491931152203,2072.3938598632812,27.38294442094129
20.91082326604205,2043.1184895833333,27.935312876744096
20.916727220562073,2048.7595825195312,26.63059650239787
20.922631175082095,2030.1296997070312,27.25608088250841
20.928535129602118,2022.3590901692708,26.499157120742222
20.93443908412214,2062.4703979492188,27.50321511032686
20.940343038642162,1901.9166259765625,27.347356405245765
20.946246993162184,2045.3909301757812,26.29778338291205
20.952150947682206,2063.2010294596353,27.65240264313486
20.958054902202228,2041.8943481445312,26.331185064665593
20.963958856722254,2067.9352213541665,26.947551976334907
20.969862811242276,2094.9578857421875,27.814287884432044
20.975766765762298,2067.4834594726562,26.47338846321079
20.98167072028232,2102.9916381835938,26.986889391430534
20.987574674802342,2094.6100870768228,27.10482913263463
20.993478629322365,2083.0015869140625,27.224901283166076
20.999382583842387,2110.8564656575522,26.83048156639132
21.00528653836241,2085.7999064127603,26.70250097817061
21.01119049288243,2081.7096964518228,26.896144093571706
21.017094447402453,2119.267822265625,27.792342338261925
21.022998401922475,2089.8518880208335,27.297602024121773
21.028902356442497,2107.910685221354,27.081496472743243
21.03480631096252,2122.2935180664062,28.40624252139951
21.04071026548254,2088.1809285481772,26.954835823275104
21.046614220002564,2117.5514322916665,27.43936775465591
21.052518174522586,2103.1603800455728,28.222304936400977
21.05842212904261,2075.0408528645835,27.499236198643626
21.064326083562634,2106.9673461914062,27.928729796576587
21.070230038082656,2091.8701782226562,27.790159396987416
21.076133992602678,2086.3965861002603,27.86764721809533
21.0820379471227,2112.3509521484375,28.19392969665307
21.087941901642722,2076.5988972981772,28.33025647999543
21.093845856162744,2092.4759724934897,27.94333489954554
21.099749810682766,2113.9115397135415,29.239277402323054
21.10565376520279,2083.939737955729,27.777577808826198
21.11155771972281,2108.7359822591147,28.54387981584957
21.117461674242833,2125.9358520507812,30.012665478469263
21.123365628762855,2097.202677408854,28.098997864107584
21.129269583282877,2139.671590169271,28.905321140372507
21.1351735378029,2115.0867309570312,29.437081745289934
21.14107749232292,2111.1235555013022,28.85417422698383
21.146981446842943,2153.1211751302085,29.431966180946546
21.152885401362965,2136.603230794271,29.24925214853773
21.15878935588299,2130.2569986979165,29.429773266083785
21.164693310403013,2168.0,29.314807204532432
21.170597264923035,2136.5195922851562,29.4743050085889
21.176501219443058,2143.8787434895835,29.069089560319593
21.18240517396308,2166.9903361002603,29.908666547500037
21.1883091284831,2144.5259806315103,29.331281574460615
21.194213083003124,2157.467976888021,29.61634083732411
21.200117037523146,2176.008504231771,30.15514566668419
21.206020992043168,2139.7140909830728,28.45652316099774
21.21192494656319,2170.9842936197915,28.809886734643577
21.217828901083212,2162.3233439127603,29.478103749681758
21.223732855603235,2143.7183430989585,28.97193932910882
21.229636810123257,2178.0633138020835,29.171637158011656
21.23554076464328,2148.7572224934897,30.14205483701396
21.2414447191633,2134.0551554361978,29.031759396497396
21.247348673683323,2174.1891479492188,30.033553056519196
21.25325262820335,2144.463175455729,29.494952789456914
21.25915658272337,2146.789306640625,28.702939342519198
21.265060537243393,2173.2056884765625,29.428729074564917
21.270964491763415,2133.3189697265625,28.054388921343342
21.276868446283437,2151.0376790364585,28.459789191136412
21.28277240080346,2177.6515299479165,29.26275944696277
21.28867635532348,2151.7197469075522,28.270146293758874
21.294580309843504,2195.888875325521,28.551844372720687
21.300484264363526,2198.0384114583335,29.75060624211166
21.306388218883548,2164.1919962565103,28.05351660750327
21.31229217340357,2232.4761962890625,28.94834659789663
21.318196127923592,2210.600301106771,29.311845739525907
21.324100082443614,2187.5846354166665,27.813770346097485
21.330004036963636,2236.3326009114585,28.502205770420215
21.33590799148366,2202.4356486002603,28.1570089072148
21.34181194600368,2215.18359375,28.142657015986597
21.347715900523703,2253.4130045572915,28.88934262285892
21.35361985504373,2201.6970418294272,28.676338292822734
21.35952380956375,2218.1917928059897,28.13156916480743
21.365427764083773,2250.9539591471353,28.935588919457235
21.371331718603795,2207.6375325520835,28.286692860969293
21.377235673123817,2220.2278849283853,27.769469593234614
21.38313962764384,2239.60498046875,29.325769690711606
21.38904358216386,2190.7231241861978,27.43817574494565
21.394947536683883,2219.0904134114585,27.615244191618245
21.400851491203905,2222.8961791992188,28.426925487874684
21.406755445723928,2183.1542765299478,27.68051851809534
21.41265940024395,2224.8585815429688,28.240679281002357
21.41856335476397,2224.2398274739585,29.11337559798213
21.424467309283994,2187.8079223632812,28.068678905752968
21.430371263804016,2230.4306030273438,28.929231307507813
21.436275218324038,2219.2609252929688,28.801819465560136
21.44217917284406,2191.5975545247397,27.939366805828175
21.448083127364086,2256.1586710611978,29.442877708008556
21.453987081884108,2219.823527018229,28.11754024151792
21.45989103640413,2257.417928059896,30.16329567109072
21.465794990924152,2302.5811767578125,33.869481544275764
21.471698945444174,2213.104207356771,33.05029792624299
21.477602899964197,2280.0088704427085,34.007669735533646
21.48350685448422,2319.9614054361978,34.88901172215611
21.48941080900424,2228.8501790364585,33.43662998407092
21.495314763524263,2302.9037068684897,35.33064606293341
21.501218718044285,2296.4112955729165,34.768233957664044
21.507122672564307,2229.317342122396,32.0609715863542
21.51302662708433,2285.810506184896,29.027954702296498
21.51893058160435,2305.155517578125,29.659340787061883
21.524834536124374,2243.652872721354,28.540888038999157
21.530738490644396,2294.3389485677085,28.924885496282375
21.536642445164418,2303.8633829752603,30.323296318251327
21.54254639968444,2253.4444986979165,29.13131952539432
21.548450354204466,2296.079142252604,29.530844999127737
21.554354308724488,2298.5020548502603,29.83680824158823
21.56025826324451,2252.8031005859375,29.35143036201894
21.566162217764532,2292.249226888021,29.948461413529344
21.572066172284554,2270.8982543945312,30.164542023593956
21.577970126804576,2240.425333658854,29.355267129487277
21.5838740813246,2287.258748372396,30.320208900902973
21.58977803584462,2271.4849650065103,30.64980444820327
21.595681990364643,2247.0244140625,29.54273351572461
21.601585944884665,2304.1899617513022,30.71735417000025
21.607489899404687,2272.3925577799478,30.462335520709605
21.61339385392471,2258.012491861979,29.60297145241787
21.61929780844473,2312.1023966471353,29.962820146486337
21.625201762964753,2288.3163045247397,30.5426812605034
21.631105717484775,2305.7033487955728,29.740076288320473
21.637009672004798,2335.5626017252603,31.25388390800511
21.642913626524823,2292.5468953450522,29.69734611145523
21.648817581044845,2301.1124471028647,29.621511347595746
21.654721535564867,2364.2906087239585,31.49988353245403
21.66062549008489,2314.6190388997397,30.949011991805502
21.66652944460491,2332.745076497396,31.063908007441963
21.672433399124934,2364.9220377604165,32.643562244227965
21.678337353644956,2314.614298502604,31.90861779704728
21.684241308164978,2328.9189249674478,31.315966177018442
21.690145262685,2374.9799194335938,32.29362093093981
21.696049217205022,2318.3218790690103,31.416284885157804
21.701953171725044,2338.3224080403647,31.04481504219132
21.707857126245067,2362.6079915364585,32.80752888452717
21.71376108076509,2312.4587198893228,31.615157607057185
21.71966503528511,2341.5906982421875,30.69738135662379
21.725568989805133,2365.1765340169272,33.189733258649056
21.731472944325155,2294.0418090820312,31.18197348605536
21.737376898845177,2324.5960083007812,31.667350985418647
21.743280853365203,2350.7847493489585,31.776304219542524
21.749184807885225,2277.2040405273438,29.903112762458218
21.755088762405247,2334.5852864583335,31.32029423344078
21.76099271692527,2346.9610392252603,32.12125767045992
21.76689667144529,2313.259236653646,30.76839675597097
21.772800625965314,2339.475626627604,31.467740683354105
21.778704580485336,2341.2396850585938,31.050611204318358
21.784608535005358,2320.157023111979,32.27997979979792
21.79051248952538,2376.8689982096353,31.756555273942855
21.796416444045402,2372.2439168294272,31.784269413518782
21.802320398565424,2328.2908325195312,30.771274837788408
21.808224353085446,2384.666463216146,31.571636985631127
21.81412830760547,2400.302978515625,31.604876421903978
21.82003226212549,2374.3531290690103,30.723779710561136
21.825936216645513,2460.9425048828125,32.42753923646532
21.831840171165535,2436.9334716796875,31.96775686557455
21.83774412568556,2369.3114013671875,31.542835992758064
21.843648080205583,2423.7942708333335,31.80135472416829
21.849552034725605,2410.7857666015625,31.773063125343803
21.855455989245627,2385.5154622395835,30.911574848480967
21.86135994376565,2461.4952799479165,32.11210554211185
21.86726389828567,2411.4002278645835,32.72987712613936
21.873167852805693,2372.7157389322915,31.65012887426442
21.879071807325715,2435.8798217773438,32.359532130011324
21.884975761845737,2407.466023763021,32.416000621610586
21.89087971636576,2341.6504923502603,31.096943857073523
21.89678367088578,2418.3973999023438,31.90357370526974
21.902687625405804,2398.9070434570312,32.148830445939865
21.908591579925826,2345.4039306640625,30.782996068241566
21.914495534445848,2403.4523722330728,32.12199828960814
21.92039948896587,2362.64501953125,31.60626922885848
21.926303443485892,2320.2639770507812,30.255895676239277
21.932207398005914,2411.0068155924478,31.644364250146197
21.93811135252594,2383.749308268229,31.042978208589226
21.944015307045962,2345.1607259114585,30.102348047122675
21.949919261565984,2421.729451497396,31.196272497730355
21.955823216086007,2378.5491739908853,31.376835683927403
21.96172717060603,2344.2222696940103,30.189455711357656
21.96763112512605,2451.0254923502603,31.73461745441173
21.973535079646073,2410.5823771158853,31.084291654073866
21.979439034166095,2375.9855346679688,30.08875896783886
21.985342988686117,2466.0431518554688,32.06605537847165
21.99124694320614,2459.7002563476562,31.93800090767385
21.99715089772616,2402.8389689127603,30.133685270633062
22.003054852246184,2492.4223836263022,32.08903234630366
22.008958806766206,2461.7527872721353,31.449405263979333
22.014862761286228,2420.571573893229,30.248910345589476
22.02076671580625,2505.3548380533853,31.696102025033785
22.026670670326272,2462.6218872070312,31.74793698886997
22.032574624846298,2419.3273315429688,30.761897835823113
22.03847857936632,2507.6031290690103,31.242357666519638
22.044382533886342,2472.7562459309897,31.4453864507535
22.050286488406364,2415.047159830729,30.601148458928105
22.056190442926386,2493.7245279947915,32.27097307409622
22.06209439744641,2461.7925618489585,31.756430150164416
22.06799835196643,2385.8245849609375,29.913260760362764
22.073902306486453,2465.1474812825522,31.684599723307155
22.079806261006475,2438.600138346354,31.81787941436801
22.085710215526497,2380.2403361002603,29.983247371439866
22.09161417004652,2445.6496785481772,30.83975371245416
22.09751812456654,2427.6399943033853,31.198452355516523
22.103422079086563,2381.3050333658853,29.75828861584473
22.109326033606585,2470.4431762695312,30.99836774007218
22.115229988126607,2462.8252563476562,32.33642327647695
22.12113394264663,2390.7630411783853,30.09509992705199
22.12703789716665,2470.4316202799478,30.600556931110766
22.132941851686677,2478.5421549479165,31.331522161813666
22.1388458062067,2423.6821085611978,29.536878703505913
22.14474976072672,2511.7119750976562,31.0526476544635
22.150653715246744,2531.4227905273438,31.926711569889513
22.156557669766766,2443.806355794271,30.036340350794326
22.162461624286788,2539.4040323893228,30.824284968162043
22.16836557880681,2547.723592122396,31.547867244768337
22.174269533326832,2469.9587198893228,29.588722761379536
22.180173487846854,2556.7098795572915,30.85376320455849
22.186077442366877,2581.5143025716147,31.680737577195085
22.1919813968869,2494.0142415364585,30.526685397705556
22.19788535140692,2546.9138997395835,30.77627736642942
22.203789305926943,2587.4296061197915,32.537057310927906
22.209693260446965,2498.9977823893228,30.366720432848354
22.215597214966987,2521.5918782552085,30.535124316710338
22.22150116948701,2575.7010498046875,32.03953408951579
22.227405124007035,2489.9666951497397,30.8775040738668
22.233309078527057,2518.5640258789062,30.740533434700353
22.23921303304708,2576.5235188802085,33.57966917757652
22.2451169875671,2465.576944986979,31.19759758074306
22.251020942087123,2496.4672241210938,31.969925972758535
22.256924896607146,2545.5847981770835,33.032680854375755
22.262828851127168,2468.3430379231772,31.102476060995095
22.26873280564719,2477.9267374674478,30.888002739183513
22.274636760167212,2545.9964192708335,31.658664260886205
22.280540714687234,2490.474812825521,31.63211459209827
22.286444669207256,2475.8100789388022,30.01490727521649
22.29234862372728,2571.763875325521,32.26663609467045
22.2982525782473,2496.7442423502603,31.978347366996722
22.304156532767323,2493.5924479166665,30.324060691810818
22.310060487287345,2602.9766845703125,32.02263256984041
22.315964441807367,2544.8021036783853,32.328345925722566
22.32186839632739,2521.4145304361978,30.320583389670865
22.327772350847415,2624.14990234375,32.932984760141665
22.333676305367437,2591.0456339518228,32.903398493395116
22.33958025988746,2560.18603515625,31.14240921828646
22.34548421440748,2629.5632527669272,32.912340923623674
22.351388168927503,2612.2967936197915,33.48366239526957
22.357292123447525,2540.7386067708335,31.395086698542272
22.363196077967547,2644.7843221028647,31.93896026059782
22.36910003248757,2628.8894856770835,33.124228809230324
22.37500398700759,2546.0510864257812,31.049330963190368
22.380907941527614,2639.1850789388022,31.75963240851468
22.386811896047636,2641.84228515625,32.27057227303703
22.392715850567658,2553.4203287760415,31.259340673177302
22.39861980508768,2622.3696899414062,31.245251258526224
22.404523759607702,2648.8812255859375,32.7838660695811
22.410427714127724,2550.0197143554688,30.984605314978186
22.416331668647747,2586.8803914388022,32.25886233900702
22.422235623167772,2647.3252970377603,33.003921100712496
22.428139577687794,2563.7606608072915,32.37691720643587
22.434043532207816,2578.1224975585938,31.77871746124957
22.43994748672784,2637.8154907226562,33.568101671526044
22.44585144124786,2538.033203125,31.66361172072787
22.451755395767883,2546.0573120117188,31.482999805847676
22.457659350287905,2637.098103841146,33.19154740956329
22.463563304807927,2558.7118530273438,31.701332169423246
22.46946725932795,2556.4655151367188,31.371257143122577
22.47537121384797,2655.2109375,33.10200318711979
22.481275168367993,2602.8619588216147,33.390556131105846
22.487179122888016,2551.961385091146,31.45833189298818
22.493083077408038,2673.0531616210938,34.25445941891495
22.49898703192806,2623.6727294921875,34.40073305259427
22.504890986448082,2555.1634928385415,32.226024349723396
22.510794940968104,2699.5492553710938,34.005202100106985
22.516698895488126,2679.4014689127603,34.3139853223994
22.522602850008152,2603.1165771484375,32.71684663083334
22.528506804528174,2699.1856282552085,32.96430502126575
22.534410759048196,2725.2269694010415,33.86519167647349
22.54031471356822,2639.552205403646,31.71308492067301
22.54621866808824,2713.416707356771,32.89712892034157
22.552122622608263,2761.6417439778647,34.733968451833235
22.558026577128285,2668.3946126302085,33.266864420114345
22.563930531648307,2680.9750773111978,32.890317988488775
22.56983448616833,2766.8067626953125,34.04921089757727
22.57573844068835,2674.2031046549478,33.98604037606398
22.581642395208373,2666.0982666015625,31.604247516013785
22.587546349728395,2754.539103190104,34.054390544771046
22.593450304248417,2685.6227010091147,33.39722154650648
22.59935425876844,2626.5310872395835,34.03376423806844
22.60525821328846,2754.2044677734375,34.15258600598409
22.611162167808484,2687.2730305989585,34.785724574042526
22.61706612232851,2605.3016967773438,32.735644339394895
22.62297007684853,2697.7984619140625,33.31061809754253
22.628874031368554,2665.9470825195312,33.7387700740216
22.634777985888576,2591.6446940104165,31.536762095623907
22.640681940408598,2678.4826049804688,33.212148058056776
22.64658589492862,2712.6278686523438,34.74037597146824
22.652489849448642,2617.3614908854165,33.09961111928337
22.658393803968664,2680.718709309896,33.418317956623916
22.664297758488686,2735.2206827799478,35.38984687405407
22.67020171300871,2643.9993896484375,34.097035647738274
22.67610566752873,2686.435587565104,33.303674023498054
22.682009622048753,2791.9409383138022,35.99970720791743
22.687913576568775,2693.7858276367188,33.94784228224219
22.693817531088797,2698.2878214518228,33.818247753998016
22.69972148560882,2802.932820638021,35.369740486683625
22.70562544012884,2733.911824544271,34.820544826403385
22.711529394648863,2706.0611775716147,33.88870334617056
22.71743334916889,2830.4920857747397,37.73023780449427
22.72333730368891,2811.5437622070312,37.26083053749765
22.729241258208933,2726.980997721354,33.60475235731469
22.735145212728955,2830.3762410481772,35.00507142475988
22.741049167248978,2838.3764038085938,36.33034478359648
22.746953121769,2735.8761596679688,34.881032708463465
22.752857076289022,2803.8318481445312,34.433005208202644
22.758761030809044,2832.811279296875,36.692160616355565
22.764664985329066,2716.3796997070312,34.64439387759308
22.77056893984909,2730.4038289388022,34.20981230505591
22.77647289436911,2829.728800455729,35.7435086832155
22.782376848889133,2729.6298014322915,33.59466900449559
22.788280803409155,2706.5953572591147,34.990153235109766
22.794184757929177,2808.4232381184897,35.162027002836886
22.8000887124492,2745.7176106770835,35.894460225778055
22.80599266696922,2667.7762858072915,34.391338031013625
22.811896621489247,2769.4082641601562,35.26953755621478
22.81780057600927,2748.829305013021,35.867110132633336
22.82370453052929,2653.0538940429688,33.443306652200896
22.829608485049313,2741.4268391927085,35.754562167523396
22.835512439569335,2770.1955769856772,35.79249999115536
22.841416394089357,2654.6284383138022,36.11404954867336
22.84732034860938,2732.9193725585938,36.07472310374208
22.8532243031294,2796.7227986653647,36.30707148885182
22.859128257649424,2700.9881388346353,35.78175938462032
22.865032212169446,2725.6612141927085,34.28328471287269
22.870936166689468,2837.3338419596353,37.531080305902094
22.87684012120949,2764.0746053059897,39.007406172733035
22.882744075729512,2721.9990844726562,35.83241874123016
22.888648030249534,2863.1056111653647,37.122373123372974
22.894551984769556,2836.785929361979,36.53099856178898
22.90045593928958,2759.1133829752603,34.04640893389635
22.9063598938096,2875.1570434570312,35.767343135037834
22.912263848329626,2971.3923136393228,39.109469442285665
22.91816780284965,3132.026082356771,40.39685760536683
22.92407175736967,3609.3328857421875,47.35118057402378
22.929975711889693,3541.8257649739585,44.141086682881024
22.935879666409715,3039.8085123697915,36.543172900829006
22.941783620929737,2889.371622721354,36.82023184447713
22.94768757544976,2934.9120076497397,37.44727867005525
22.95359152996978,2852.202392578125,36.87225941869291
22.959495484489803,2775.313191731771,35.92017026021762
22.965399439009825,2904.8548990885415,36.63254139502907
22.971303393529848,2862.2716674804688,36.69790708498378
22.97720734804987,2752.1685180664062,34.56526376605081
22.983111302569892,2857.111612955729,38.35624753039562
22.989015257089914,2883.306640625,39.14370846320059
22.994919211609936,2735.2126668294272,34.8213458071471
23.00082316612996,2783.5020345052085,36.90711206906766
23.006727120649984,2868.5422973632812,37.17826994480284
23.012631075170006,2756.43798828125,36.98940231166051
23.018535029690028,2763.965535481771,36.20797498315762
23.02443898421005,2853.4392700195312,37.49828934480474
23.030342938730072,2767.9825642903647,36.82625284259375
23.036246893250095,2735.4313354492188,35.088875326843194
23.042150847770117,2834.6491902669272,38.266880707461155
23.04805480229014,2869.248819986979,38.35541140201584
23.05395875681016,2731.121866861979,36.478636130088525
23.059862711330183,2863.9923706054688,37.692920167559926
23.065766665850205,2923.0147501627603,38.32023815659555
23.071670620370227,2797.0530395507812,36.769282058040616
23.07757457489025,2845.986368815104,36.54016393718685
23.08347852941027,2960.2145182291665,38.370523054063476
23.089382483930294,2862.2316691080728,37.89770535122453
23.095286438450316,2854.4926554361978,35.64446753865818
23.101190392970338,3012.2260538736978,38.70028705289632
23.107094347490364,2940.1358846028647,38.15317030163678
23.112998302010386,2853.7437133789062,35.432405824140055
23.118902256530408,2947.8398234049478,36.93000338932283
23.12480621105043,3001.0699462890625,37.1879818377436
23.130710165570452,2887.1760050455728,37.46174101890277
23.136614120090474,2935.112548828125,36.58348436063187
23.142518074610496,3049.5824584960938,37.440485679315664
23.14842202913052,2894.629923502604,35.873357594110296
23.15432598365054,2865.679484049479,34.360136026247524
23.160229938170563,2996.483683268229,37.7947345045068
23.166133892690585,2940.7991943359375,37.0644694350399
23.172037847210607,2813.362752278646,34.75327408244641
23.17794180173063,2934.867635091146,36.87924440641967
23.18384575625065,2957.0485229492188,36.71054809070577
23.189749710770673,2813.3275146484375,36.08700519636307
23.195653665290695,2862.6513671875,36.41505128824313
23.20155761981072,2954.6129353841147,36.62469540654461
23.207461574330743,2837.2781372070312,35.43295177540487
23.213365528850765,2812.6432495117188,36.24591318488067
23.219269483370788,2960.0559692382812,37.03087756306318
23.22517343789081,2866.611328125,36.4108016548211
23.231077392410832,2779.5408528645835,33.8871172955288
23.236981346930854,2939.4400838216147,36.580002779257406
23.242885301450876,2933.2618204752603,36.95608409636705
23.248789255970898,2815.4493408203125,34.53104934383521
23.25469321049092,2902.084513346354,35.46781744406653
23.260597165010942,3016.709025065104,37.14257455293017
23.266501119530965,2901.0699666341147,36.14870970627485
23.272405074050987,2916.4712117513022,36.25994259203445
23.27830902857101,3064.2802124023438,36.46467672144283
23.28421298309103,3000.0155639648438,36.409768933194165
23.290116937611053,2932.025146484375,35.00657295538482
23.296020892131075,3042.0233561197915,37.019998662989245
23.3019248466511,3070.8036295572915,37.60572933236703
23.307828801171123,2941.5593058268228,34.035021146017634
23.313732755691145,2999.866658528646,36.11681369410299
23.319636710211167,3125.126912434896,38.02443388012071
23.32554066473119,3003.0738728841147,36.22031973638917
23.33144461925121,2967.238077799479,36.34381539214397
23.337348573771234,3104.5869954427085,36.708745736463214
23.343252528291256,3081.9120279947915,38.14612061200967
23.349156482811278,2910.7009480794272,36.22454207826385
23.3550604373313,3029.5276896158853,37.13925133627823
23.360964391851322,3070.3427124023438,37.96763773912548
23.366868346371344,2925.2344563802085,36.59998277704747
23.372772300891366,2942.0916544596353,35.943056841560804
23.37867625541139,3053.3657430013022,38.14206595641146
23.38458020993141,2931.4442545572915,37.28793830770572
23.390484164451433,2878.6963500976562,36.93644390124307
23.39638811897146,3006.9483439127603,38.74949196753452
23.40229207349148,2981.4265950520835,37.47810359470309
23.408196028011503,2853.2227986653647,36.74474214386975
23.414099982531525,2952.6496785481772,37.72680317917412
23.420003937051547,3049.509806315104,38.91195386864521
23.42590789157157,2896.2436319986978,37.1816979465605
23.43181184609159,2912.1267903645835,37.662427159846644
23.437715800611613,3040.979288736979,38.81938475757968
23.443619755131635,2989.9923095703125,39.88389783191141
23.449523709651658,2910.83203125,37.266457053060286
23.45542766417168,3047.8627115885415,39.8045191736874
23.461331618691702,3106.536580403646,41.96174185603564
23.467235573211724,2964.9031575520835,38.44067799483886
23.473139527731746,3043.7717488606772,40.378765472167906
23.479043482251768,3167.133015950521,41.55601029229813
23.48494743677179,3059.3736775716147,38.55964075506842
23.490851391291812,3014.247029622396,39.14964172642272
23.496755345811838,3158.9629720052085,41.164398651940324
23.50265930033186,3149.7275390625,42.05920372896756
23.508563254851882,2982.7578938802085,39.574876619486474
23.514467209371904,3110.382853190104,39.22832049253538
23.520371163891927,3205.6210123697915,40.531613306247515
23.52627511841195,3064.676513671875,39.663238346704354
23.53217907293197,3049.3476765950522,37.771088626346604
23.538083027451993,3193.339558919271,40.72368820765656
23.543986981972015,3121.1192220052085,40.350827285472896
23.549890936492037,3005.8643798828125,36.30151233225748
23.55579489101206,3124.182576497396,40.7862217922621
23.56169884553208,3162.586669921875,39.512638477204085
23.567602800052104,2995.278564453125,36.43778547763717
23.573506754572126,2990.9275105794272,38.675368193685046
23.579410709092148,3152.4691162109375,39.5907072304388
23.58531466361217,3041.9462280273438,36.298595354442924
23.591218618132196,2934.5266316731772,37.50394589685282
23.597122572652218,3099.85107421875,39.05334090261536
23.60302652717224,3085.1955769856772,38.25892683651443
23.608930481692262,2929.3590494791665,38.07213664715732
23.614834436212284,2990.510782877604,36.52661745797244
23.620738390732306,3103.080362955729,38.230970979586864
23.62664234525233,2981.9384765625,38.40451232929198
23.63254629977235,2948.971720377604,35.18812865245988
23.638450254292373,3112.2175089518228,39.14840646317541
23.644354208812395,3064.8886922200522,39.97789801260672
23.650258163332417,2948.7816772460938,35.97060859461557
23.65616211785244,3051.7630615234375,38.832551745878646
23.66206607237246,3164.3986002604165,41.438742223237206
23.667970026892483,3048.2221069335938,37.1372217566374
23.673873981412505,3030.3578287760415,39.466265433051696
23.679777935932528,3197.7462565104165,40.439062588198816
23.68568189045255,3150.8144327799478,38.656973974249695
23.691585844972575,3041.729451497396,38.87161405370582
23.697489799492597,3160.1075846354165,39.46439765680614
23.70339375401262,3256.4542236328125,39.024192814645104
23.70929770853264,3141.2213338216147,39.8856937592142
23.715201663052664,3129.5294799804688,37.58012150758717
23.721105617572686,3276.106160481771,38.48180726488464
23.727009572092708,3233.789265950521,40.03568545065157
23.73291352661273,3084.192342122396,38.13725343594968
23.738817481132752,3228.4960123697915,38.36741631931448
23.744721435652774,3280.463582356771,40.310710831730276
23.750625390172797,3111.5373738606772,38.84533616144232
23.75652934469282,3100.7232869466147,37.643651925939466
23.76243329921284,3259.9755045572915,41.03153279490029
23.768337253732863,3163.3538818359375,39.34037247402964
23.774241208252885,3034.6959228515625,36.87527602398044
23.780145162772907,3158.0728759765625,40.94315233728666
23.786049117292933,3186.8155110677085,40.23648991338033
23.791953071812955,3016.6871337890625,36.09493816280439
23.797857026332977,3030.752237955729,40.60065482236954
23.803760980853,3175.8047688802085,41.125697923622695
23.80966493537302,3079.355753580729,37.75958592360307
23.815568889893044,2964.4022827148438,38.811072535273496
23.821472844413066,3119.285929361979,41.237066279873474
23.827376798933088,3141.9920450846353,39.6504986379701
23.83328075345311,2976.135945638021,40.734878131717444
23.839184707973132,3014.8424479166665,42.052161546875915
23.845088662493154,3192.8920084635415,43.09946113145264
23.850992617013176,3124.444539388021,44.896086086394966
23.8568965715332,3030.1723836263022,45.11712638929075
23.86280052605322,3199.5348307291665,44.83136496640413
23.868704480573243,3270.325439453125,47.57306848921593
23.874608435093265,3104.4726765950522,45.29131357213805
23.880512389613287,3131.380615234375,42.01597680392818
23.886416344133313,3299.060791015625,44.99981121847594
23.892320298653335,3318.5323893229165,43.56165082401141
23.898224253173357,3108.5710245768228,39.45538347375788
23.90412820769338,3290.4024658203125,40.79925777002092
23.9100321622134,3351.0796712239585,45.22372984196936
23.915936116733423,3151.1293131510415,47.91503612348137
23.921840071253445,3177.5968017578125,47.82986672096118
23.927744025773467,3380.5999348958335,50.667751415456074
23.93364798029349,3261.8956705729165,49.073656760508534
23.93955193481351,3094.2306111653647,47.05002197856468
23.945455889333534,3254.8797200520835,49.608737557941865
23.951359843853556,3367.085489908854,47.61763893436028
23.957263798373578,3208.9614054361978,37.42075028528844
23.9631677528936,3167.1370646158853,38.447698410948924
23.969071707413622,3298.7154947916665,39.390091276587206
23.974975661933644,3244.3282877604165,39.72375766946361
23.98087961645367,3075.335245768229,37.71748075406796
23.986783570973692,3163.1405029296875,39.51717188288867
23.992687525493714,3263.463907877604,39.19940527529599
23.998591480013737,3047.6265462239585,37.23680042230987
24.00449543453376,2935.5216471354165,37.49038795897961
24.01039938905378,3135.2054036458335,40.80823509988482
24.012366441289455,1586.0326843261719,26.183546756729783
24.016303343573803,3117.493693033854,40.12144665031656
24.018270395809477,1618.5510864257812,27.082111101194137
24.022207298093825,2968.476318359375,38.80767243986244
24.0241743503295,1589.7204895019531,30.600601614756858
24.028111252613847,3047.5803019205728,40.060198850570565
24.03007830484952,1575.0587463378906,29.20916665338277
24.03401520713387,3177.980672200521,42.511085649379936
24.035982259369543,1590.1721801757812,28.75501606312141
24.03991916165389,3045.4223022460938,40.98626550485756
24.041886213889565,1584.8344116210938,28.573879412662272
24.045823116173914,3004.1629028320312,41.023999846588296
24.047790168409588,1556.155029296875,28.35883052471001
24.051727070693936,3164.442179361979,43.19038742363906
24.05369412292961,1585.4820861816406,30.85354661898188
24.057631025213958,3211.278279622396,44.60861837793593
24.059598077449632,1604.0626220703125,31.676890511258616
24.06353497973398,3076.74365234375,42.6281367410512
24.065502031969658,1590.8167419433594,29.16689753666317
24.069438934254002,3146.0982666015625,43.92791989299102
24.07140598648968,1598.0794067382812,27.946547924673133
24.075342888774028,3290.901652018229,45.02368618885913
24.077309941009702,1632.404296875,29.130213491727158
24.08124684329405,3164.868408203125,45.12121366000761
24.083213895529724,1631.05419921875,30.90633497576951
24.087150797814072,3083.0308837890625,43.86765346665587
24.089117850049746,1592.7140502929688,31.132815511035574
24.095021804569768,1631.3175048828125,30.741280149177424
24.10092575908979,1671.9924621582031,28.38554977640076
24.106829713609812,1644.35595703125,27.729857827439652
24.112733668129835,1630.1962585449219,29.87966791084758
24.118637622649857,1679.786376953125,32.8494111131991
24.12454157716988,1686.0460510253906,31.476182587926594
24.1304455316899,1669.4877624511719,28.890593382318393
24.136349486209923,1677.4833679199219,29.049687278217576
24.142253440729945,1697.8993835449219,31.121008271927767
24.148157395249967,1682.3587951660156,32.01033575836514
24.15406134976999,1661.7972717285156,30.369887338309617
24.159965304290015,1683.277587890625,28.90372601224082
24.165869258810037,1685.3549194335938,28.193380158614357
24.17177321333006,1656.4277954101562,28.874501799068486
24.17767716785008,1658.5853881835938,31.327861391631604
24.183581122370104,1674.7324523925781,31.31151323851809
24.189485076890126,1675.0088806152344,28.894464542579296
24.195389031410148,1630.9510803222656,26.88028315499313
24.20129298593017,1637.0307922363281,28.464270423443295
24.207196940450192,1651.9629516601562,31.26731743944618
24.213100894970214,1619.2792663574219,29.45806128425861
24.219004849490236,1617.4164733886719,27.48998615903318
24.22490880401026,1646.4042053222656,27.36374557479323
24.23081275853028,1632.1568603515625,28.361928094176857
24.236716713050303,1618.7092895507812,29.595630075097517
24.242620667570325,1638.0130004882812,29.43999543296425
24.248524622090347,1653.8583679199219,27.572616953692247
24.25442857661037,1646.4110107421875,26.406926585295047
24.260332531130395,1646.66748046875,28.745348552058356
24.266236485650417,1695.2998657226562,30.96867059189136
24.27214044017044,1692.1836547851562,30.463905044289056
24.27804439469046,1686.7658386230469,27.65330472119261
24.283948349210483,1720.3768615722656,27.5994050026113
24.289852303730505,1776.1285095214844,30.74709712682742
24.295756258250528,1822.0984191894531,33.166838418622085
24.30166021277055,1846.5951232910156,32.4130707763495
24.307564167290572,1892.2635498046875,30.54330340569528
24.313468121810594,1871.4979858398438,29.956513486713277
24.319372076330616,1806.4539794921875,31.44171570133573
24.325276030850638,1759.3551330566406,32.57418419554772
24.33117998537066,1750.7793273925781,31.87301244148663
24.337083939890682,1734.3455810546875,27.747299941025435
24.342987894410705,1714.6152038574219,28.055212223699257
24.348891848930727,1725.4949951171875,30.88535894266985
24.354795803450752,1743.1524353027344,32.52856468809682
24.360699757970774,1721.3128051757812,30.4277749844029
24.366603712490797,1715.1645202636719,27.983207692916334
24.37250766701082,1740.6904907226562,29.57301500660388
24.37841162153084,1723.1360778808594,31.476369695261432
24.384315576050863,1695.7186584472656,30.99660210430567
24.390219530570885,1691.68994140625,30.051920361341153
24.396123485090907,1713.423828125,28.526105137553277
24.40202743961093,1691.1229858398438,29.29070780122538
24.40793139413095,1669.1832580566406,31.682959396219378
24.413835348650974,1679.3964538574219,30.827011488025242
24.419739303170996,1691.1949462890625,30.014725671990725
24.425643257691018,1663.4195251464844,28.871600840217596
24.43154721221104,1653.0001525878906,30.672509273469693
24.437451166731062,1688.7341613769531,33.137574584040735
24.443355121251084,1689.5729675292969,30.88550208474113
24.449259075771106,1647.0285949707031,28.90724839569572
24.455163030291132,1658.430419921875,29.421012874436098
24.461066984811154,1690.9941101074219,32.9606756627124
24.466970939331176,1667.7755126953125,33.23010493710724
24.4728748938512,1666.0538330078125,32.35449576698881
24.47877884837122,1699.8009948730469,30.70986064119883
24.484682802891243,1702.2004089355469,30.434663114795576
24.490586757411265,1679.3760986328125,31.613289268323815
24.496490711931287,1688.2162170410156,33.192843876499616
24.50239466645131,1752.5361328125,31.915198356514647
24.50829862097133,1733.447509765625,30.624380274570893
24.514202575491353,1743.8475036621094,33.05804359479994
24.520106530011375,1760.0484619140625,33.864411448775
24.526010484531398,1781.6293334960938,32.87579675103557
24.53191443905142,1747.97802734375,31.432200682543765
24.537818393571442,1749.3076782226562,30.686151152079066
24.543722348091464,1769.1701049804688,33.34057849525282
24.54962630261149,1771.113037109375,32.48278209764961
24.55553025713151,1744.2225952148438,31.490819416893924
24.561434211651534,1760.6177978515625,31.307686459981923
24.567338166171556,1782.1136169433594,33.72370431522334
24.573242120691578,1763.0135498046875,33.44575932020182
24.5791460752116,1742.3428955078125,31.14843554528668
24.585050029731622,1756.5268249511719,31.809513467732422
24.590953984251644,1769.8951721191406,31.98051742732632
24.596857938771667,1747.9949951171875,31.857495751612866
24.60276189329169,1737.2384643554688,33.825113121820166
24.60866584781171,1766.3729248046875,32.20217364952481
24.614569802331733,1759.3349609375,31.553878838819795
24.620473756851755,1731.5994567871094,32.20080921803879
24.626377711371777,1729.6978149414062,31.595429012744397
24.6322816658918,1752.080810546875,31.663983292963024
24.63818562041182,1718.1169738769531,30.174148109984326
24.644089574931844,1698.7175903320312,30.50167648051627
24.64999352945187,1716.8858032226562,32.025889554742626
24.65589748397189,1754.504150390625,32.09617737798169
24.661801438491914,1715.2711791992188,30.79576145571981
24.667705393011936,1709.9273681640625,30.776529228063332
24.673609347531958,1732.3829650878906,32.23251707178331
24.67951330205198,1737.9912414550781,32.148279765923945
24.685417256572002,1725.2578430175781,32.08195265464217
24.691321211092024,1717.0770263671875,30.759004925302715
24.697225165612046,1763.9704895019531,32.71679859678619
24.70312912013207,1747.0474548339844,33.800372127136214
24.70903307465209,1728.0182800292969,31.053423165991763
24.714937029172113,1753.9674682617188,30.462613790091268
24.720840983692135,1787.3297119140625,31.615831825027684
24.726744938212157,1753.9669799804688,31.21544534422029
24.73264889273218,1743.53955078125,30.637280035884576
24.7385528472522,1793.5010070800781,30.631212016620545
24.744456801772227,1798.1844177246094,31.226211183159194
24.75036075629225,1763.9559020996094,31.124813575851043
24.75626471081227,1769.54833984375,31.22349487292615
24.762168665332293,1807.0957946777344,30.413879357021695
24.768072619852315,1786.6150512695312,30.899636004558282
24.773976574372337,1763.8273620605469,31.78644322247394
24.77988052889236,1796.6603393554688,31.953232407381638
24.78578448341238,1823.6993103027344,31.394895290015207
24.791688437932404,1797.7540283203125,30.536632766363347
24.797592392452426,1765.9864196777344,31.42329335200177
24.803496346972448,1789.0033569335938,32.62369794826417
24.80940030149247,1808.1578674316406,31.05689434181257
24.815304256012492,1795.578857421875,31.079356421808548
24.821208210532514,1771.8273620605469,31.577073759153542
24.827112165052537,1795.5830383300781,33.515858294854326
24.83301611957256,1813.2168884277344,32.88240193802801
24.83892007409258,1763.4660339355469,30.46500300274915
24.844824028612607,1758.1177978515625,32.08673624299316
24.85072798313263,1779.3995056152344,33.52724140475389
24.85663193765265,1787.1106262207031,33.68232567038171
24.862535892172673,1740.0863647460938,31.288000572079596
24.868439846692695,1748.728515625,32.304366080295274
24.874343801212717,1784.6763610839844,34.38113866761064
24.88024775573274,1777.7408752441406,34.36218670187115
24.88615171025276,1740.0955200195312,31.87223322346353
24.892055664772784,1750.56689453125,32.39535091296496
24.897959619292806,1788.1859130859375,33.46206717367178
24.903863573812828,1752.7168579101562,34.37763823116004
24.90976752833285,1743.171875,32.86164722127706
24.915671482852872,1777.7728881835938,31.417970434841493
24.921575437372894,1803.7738342285156,34.426303677719424
24.927479391892916,1786.3285217285156,35.897207847737974
24.93338334641294,1764.3446655273438,34.167961119473986
24.939287300932964,1815.1987915039062,32.998072944598675
24.945191255452986,1825.2171936035156,33.132687511725905
24.95109520997301,1784.6510620117188,35.170855388084206
24.95699916449303,1793.8209533691406,34.02399180219165
24.962903119013053,1848.613037109375,32.80444334603647
24.968807073533075,1843.3363647460938,33.40504452389701
24.974711028053097,1798.846923828125,34.841805877895155
24.98061498257312,1820.0275268554688,33.71111780798373
24.98651893709314,1866.0069274902344,33.42760887530943
24.992422891613163,1839.1660461425781,32.13160150528848
24.998326846133185,1795.3980712890625,36.062867511874316
25.004230800653207,1841.8326110839844,35.430208360328145
25.01013475517323,1877.3839111328125,34.95642261647522
25.01603870969325,1848.1775207519531,32.58338747827661
25.021942664213274,1829.3887329101562,34.916071897004954
25.027846618733296,1855.8922119140625,36.75662746279004
25.033750573253318,1874.0809020996094,34.562134391888705
25.039654527773344,1853.9006652832031,33.0870172704996
25.045558482293366,1839.5737609863281,36.7257707989597
25.051462436813388,1846.2363891601562,38.81320065989938
25.05736639133341,1855.9784240722656,35.696707341287265
25.063270345853432,1808.0772399902344,32.58553719060659
25.069174300373454,1802.6139526367188,35.422865511872004
25.075078254893477,1839.5094604492188,37.68072261661961
25.0809822094135,1824.103759765625,35.4642393122901
25.08688616393352,1774.8751525878906,32.44641591924839
25.092790118453543,1781.039306640625,35.42253486733388
25.098694072973565,1827.9851989746094,37.293327223744136
25.104598027493587,1822.2971801757812,35.53339966968921
25.11050198201361,1771.8246765136719,32.877822177762425
25.11640593653363,1802.731201171875,35.37219823938784
25.122309891053654,1840.6579895019531,38.79108582423729
25.128213845573676,1809.539306640625,36.317958745042986
25.1341178000937,1780.311279296875,33.33122972592875
25.140021754613723,1823.5299682617188,35.441022394610094
25.145925709133746,1851.3675231933594,37.957586882433844
25.151829663653768,1831.2315673828125,36.87940873583127
25.15773361817379,1801.9649047851562,33.111098156411366
25.163637572693812,1847.3623962402344,34.50978444240903
25.169541527213834,1891.9429931640625,37.23407388901244
25.175445481733856,1851.5043334960938,36.00119909083715
25.18134943625388,1833.7035522460938,32.95864836056755
25.1872533907739,1896.9645385742188,34.327431694060415
25.193157345293923,1917.4961853027344,38.238217671442904
25.199061299813945,1864.4139404296875,35.4159566971997
25.204965254333967,1853.612548828125,32.39409465558608
25.21086920885399,1919.6861267089844,35.30035189376698
25.21677316337401,1925.061767578125,37.83391246196241
25.222677117894033,1866.0113525390625,35.092528222144324
25.228581072414055,1882.95751953125,32.93427453631924
25.23448502693408,1935.7180480957031,36.323829209552194
25.240388981454103,1936.5987854003906,38.295089683563326
25.246292935974125,1865.1111145019531,33.88850571362674
25.252196890494147,1879.5603942871094,33.77014227826228
25.25810084501417,1945.1146850585938,37.28124899528356
25.26400479953419,1917.1901550292969,37.57989648475925
25.269908754054214,1855.2889404296875,35.03148070001825
25.275812708574236,1875.2008056640625,33.7754275454543
25.281716663094258,1923.1393432617188,37.21260266184473
25.28762061761428,1872.1925048828125,37.56452050748331
25.293524572134302,1814.2914428710938,34.12158434652
25.299428526654324,1839.672607421875,33.87125993187533
25.305332481174347,1887.7529296875,36.19202927619439
25.31123643569437,1839.4322814941406,40.47052224661922
25.31714039021439,1790.0339660644531,34.21775295895349
25.323044344734413,1830.1128540039062,34.23127933558744
25.32894829925444,1870.887939453125,37.06933768252192
25.33485225377446,1818.698974609375,37.399615945143864
25.340756208294483,1787.2638854980469,34.12858409479185
25.346660162814505,1830.8828430175781,35.79542908176688
25.352564117334527,1845.5709228515625,39.06514160454826
25.35846807185455,1819.1451110839844,37.273584141061214
25.36437202637457,1804.2731323242188,34.79819814096195
25.370275980894593,1868.4649047851562,40.81167367051688
25.376179935414616,1898.738037109375,44.20199899558977
25.382083889934638,1839.2481994628906,40.29166163499102
25.38798784445466,1853.7313537597656,38.88938179611069
25.393891798974682,1943.2352294921875,46.271272199228186
25.399795753494704,1951.6059875488281,49.11755398595014
25.405699708014726,1873.5232543945312,39.893238030829444
25.41160366253475,1873.0530700683594,37.10192691530456
25.41750761705477,1949.3845520019531,42.161993844933185
25.423411571574793,1938.2353515625,40.583628292137504
25.42931552609482,1886.3578491210938,35.54120039960952
25.43521948061484,1893.31689453125,35.68472555771328
25.441123435134863,1958.7123718261719,38.82702542779472
25.447027389654885,1949.2192687988281,35.40683361825094
25.452931344174907,1853.2646179199219,36.40880509299782
25.45883529869493,1876.9242248535156,45.12225928085011
25.46473925321495,2018.630126953125,50.6597861480094
25.470643207734973,1964.3292236328125,49.204707847640414
25.476547162254995,1846.4476928710938,44.503541281980276
25.482451116775017,1895.1596069335938,47.08201392953801
25.48835507129504,2004.5675048828125,51.370817154098866
25.49425902581506,1937.9264221191406,48.71249669301839
25.500162980335084,1829.7243347167969,45.419009377842364
25.506066934855106,1883.6654663085938,47.7274728498557
25.511970889375128,1981.4213562011719,51.46927894480946
25.51787484389515,1915.1044006347656,49.16615707040074
25.523778798415176,1788.6995544433594,44.918057622164994
25.529682752935198,1848.7574768066406,47.28583281153384
25.53558670745522,1954.1293640136719,50.716722345239496
25.541490661975242,1891.3595275878906,48.41251141761354
25.547394616495264,1777.6628112792969,45.91519635464677
25.553298571015286,1848.3031311035156,47.71972469814041
25.55920252553531,1972.9209594726562,50.87283968746321
25.56510648005533,1866.8071594238281,49.014190398433925
25.571010434575353,1782.1903076171875,46.2917285144951
25.576914389095375,1857.5534973144531,48.13368009688273
25.582818343615397,1988.3873596191406,51.83656931728388
25.58872229813542,1918.7528381347656,44.62295301651705
25.59462625265544,1807.2703857421875,38.41246589633673
25.600530207175463,1841.505615234375,38.27137929523979
25.606434161695486,1932.1135864257812,39.785944591196035
25.612338116215508,1877.0322570800781,39.52741451757533
25.61824207073553,1854.4263000488281,38.832894776158064
25.624146025255556,1909.853271484375,39.54643929124423
25.630049979775578,1974.1439819335938,42.31674497177514
25.6359539342956,1967.1991271972656,39.52763073145799
25.641857888815622,1883.050048828125,37.658702957372434
25.647761843335644,1941.8478088378906,40.32374551743283
25.653665797855666,2001.5296936035156,40.81185881103873
25.65956975237569,1964.4937744140625,39.52713894840777
25.66547370689571,1919.2027282714844,38.619606005951965
25.671377661415733,1969.9121704101562,40.95958330652575
25.677281615935755,2028.2331237792969,40.56674825970195
25.683185570455777,2010.50927734375,38.30103709700488
25.6890895249758,1926.6743774414062,38.87586020733811
25.69499347949582,1950.601318359375,41.27316417133497
25.700897434015843,2040.8538208007812,39.71467318809137
25.706801388535865,2021.6703491210938,38.58170126885687
25.712705343055887,1924.9824829101562,40.165252171317896
25.718609297575913,1966.0225524902344,40.17368711044044
25.724513252095935,2033.0933532714844,41.60633685762392
25.730417206615957,2011.0763244628906,39.96059697970761
25.73632116113598,1949.9454345703125,39.663115920633885
25.742225115656,1954.6086120605469,39.78688752628811
25.748129070176024,2025.3746643066406,39.9640409286144
25.754033024696046,2003.8778076171875,41.24641296047782
25.759936979216068,1902.1664428710938,39.817733740088684
25.76584093373609,1905.49462890625,39.12049739136105
25.771744888256112,1998.4695129394531,42.264518171113494
25.777648842776134,1963.6477966308594,43.02459637419771
25.783552797296156,1898.4661254882812,39.46811624457972
25.78945675181618,1903.5298461914062,39.69713274071028
25.7953607063362,1975.1913452148438,44.34156296548904
25.801264660856223,1985.7909851074219,44.26945029000797
25.807168615376245,1917.9949645996094,41.240386061388605
25.813072569896267,1903.8372497558594,43.2397035296408
25.818976524416293,2027.1492919921875,44.71929105290347
25.824880478936315,2024.9171142578125,42.87795441831023
25.830784433456337,1953.1753845214844,41.61656606334445
25.83668838797636,2008.1305847167969,46.548603581354676
25.84259234249638,2128.074188232422,45.19028298163195
25.848496297016403,2153.298553466797,44.51985623640823
25.854400251536426,2140.6116333007812,43.95869447105429
25.860304206056448,2313.9107666015625,50.71215424439045
25.86620816057647,2672.7433471679688,53.4420892459525
25.872112115096492,2876.1775512695312,55.075688585241686
25.878016069616514,2732.9285888671875,55.5517203238284
25.883920024136536,2642.104766845703,51.974532036337926
25.88982397865656,2570.9746704101562,49.57290572210426
25.89572793317658,2399.939239501953,49.13702558595587
25.901631887696603,2119.2744140625,44.75006161094276
25.907535842216625,2023.6802062988281,41.19290844899876
25.91343979673665,2090.9395446777344,44.1822323409235
25.919343751256672,2108.3071899414062,44.10386188449281
25.925247705776695,2020.8486938476562,40.2133829737017
25.931151660296717,1987.3753967285156,40.82882359673983
25.93705561481674,2078.8247985839844,43.944910056881554
25.94295956933676,2124.583221435547,46.127191156681974
25.948863523856783,2024.7236633300781,39.33909254132043
25.954767478376805,1963.1233825683594,42.20886607375591
25.960671432896827,2055.980743408203,46.568103116634624
25.96657538741685,2119.2528686523438,43.09268958272764
25.97247934193687,2122.59326171875,42.513926212265716
25.978383296456894,2289.2623291015625,49.44758545747249
25.984287250976916,2490.423095703125,52.13433126317189
25.990191205496938,2370.1337280273438,48.040351993693676
25.99609516001696,2101.922821044922,45.308715885487324
26.001999114536982,1931.7142639160156,44.02421977469417
26.007903069057008,1986.6892395019531,43.317303036148395
26.01380702357703,2061.753936767578,46.189281667599516
26.019710978097052,1970.6880798339844,45.33963676371439
26.025614932617074,1899.49609375,41.329333819022345
26.031518887137096,1972.3973388671875,43.99433451292499
26.03742284165712,2030.2713012695312,48.009936964726236
26.04332679617714,1968.1906433105469,44.23455825127169
26.049230750697163,1892.0572509765625,41.66082396296832
26.055134705217185,1915.5551452636719,46.92778555612516
26.061038659737207,2050.6455688476562,49.219050018750124
26.06694261425723,2010.8918762207031,42.12694210750984
26.07284656877725,1928.9189147949219,44.5992442475208
26.078750523297273,1956.0192565917969,46.37374544470848
26.084654477817296,2052.7002563476562,43.28371770261593
26.090558432337318,2027.517333984375,43.40431167627578
26.09646238685734,1954.3923645019531,46.89464782045568
26.102366341377362,1976.530517578125,42.54415778841196
26.108270295897388,2095.0009155273438,44.63254925748716
26.11417425041741,2070.7802734375,47.60080745811987
26.120078204937432,1980.8204040527344,43.21880551711439
26.125982159457454,1991.2041625976562,41.01181025726027
26.131886113977476,2115.3251037597656,48.834504422101695
26.137790068497498,2133.5684204101562,47.37676923826615
26.14369402301752,2028.5868835449219,41.66333759842359
26.149597977537542,2015.0600891113281,45.11549351689032
26.155501932057565,2134.595672607422,47.77866962176002
26.161405886577587,2161.230712890625,44.29205134424328
26.16730984109761,2068.543731689453,45.03164966080435
26.17321379561763,2005.76318359375,44.96163691129046
26.179117750137653,2080.310028076172,44.48075728976857
26.185021704657675,2147.8561401367188,46.135927020683575
26.190925659177697,2075.7299194335938,46.398453254927205
26.19682961369772,1974.8410339355469,42.15922633147285
26.202733568217745,2080.6281127929688,44.30351006100437
26.208637522737767,2154.864532470703,48.63468726684316
26.21454147725779,2067.8314819335938,46.45005931947752
26.22044543177781,1966.5615234375,43.274003681441535
26.226349386297834,2024.0752868652344,50.04101096027407
26.232253340817856,2098.376220703125,49.911400991765206
26.238157295337878,2039.8124084472656,44.3032374203893
26.2440612498579,1947.70849609375,45.43377668893512
26.249965204377922,1976.7188415527344,49.22069388730172
26.255869158897944,2078.5753479003906,47.00355862947138
26.261773113417966,2039.8677368164062,46.21114010247366
26.26767706793799,1916.1865234375,47.36198361720389
26.27358102245801,1923.70556640625,45.81656768355351
26.279484976978033,2026.326416015625,48.28319258828397
26.285388931498055,2036.8222351074219,48.44268777047856
26.291292886018077,1942.8587341308594,44.55165267303803
26.2971968405381,1913.1839904785156,46.13764068474918
26.303100795058125,2035.0089416503906,51.46369927635951
26.309004749578147,2075.1219177246094,47.780619754641116
26.31490870409817,1981.0895690917969,45.942747610654386
26.32081265861819,1949.3302307128906,48.65459770872418
26.326716613138213,2056.330596923828,47.49499980447362
26.332620567658235,2144.964813232422,52.402079213941924
26.338524522178258,2045.8138427734375,48.951368841718306
26.34442847669828,1981.9402160644531,44.972718862704426
26.350332431218302,2070.1092224121094,48.090681880513834
26.356236385738324,2157.863037109375,49.33559031583615
26.362140340258346,2081.257354736328,46.08028783639358
26.368044294778368,1979.5838317871094,43.992828963923365
26.37394824929839,2061.4039916992188,49.04352555217289
26.379852203818412,2194.8638610839844,48.82593671806949
26.385756158338435,2176.991424560547,48.092732053195995
26.391660112858457,2051.217529296875,47.58299215790775
26.397564067378482,2054.1080932617188,45.689181386389656
26.403468021898505,2172.4132385253906,49.12645196050024
26.409371976418527,2169.0628356933594,48.728203499356454
26.41527593093855,2089.0489807128906,47.4143085314696
26.42117988545857,2025.6427307128906,46.041750081697465
26.427083839978593,2144.8171997070312,49.43537637126712
26.432987794498615,2199.4683837890625,46.88154463946969
26.438891749018637,2085.679901123047,47.95816840093313
26.44479570353866,2028.5097351074219,46.50791747598132
26.45069965805868,2125.80029296875,48.93603171024179
26.456603612578704,2204.323516845703,49.36397307792658
26.462507567098726,2100.1117248535156,49.485555231543366
26.468411521618748,1988.6875,48.57255773163349
26.47431547613877,2058.2633666992188,49.81738568150628
26.480219430658792,2166.238006591797,49.52261227095349
26.486123385178814,2133.2802124023438,49.92284982638913
26.492027339698836,1989.9482421875,48.75080844172633
26.497931294218862,2015.7781677246094,49.68794922236433
26.503835248738884,2114.359161376953,51.82188933988383
26.509739203258906,2080.775360107422,50.87741627831962
26.51564315777893,1972.6600646972656,47.96349095672614
26.52154711229895,1977.3065795898438,50.97795691444727
26.527451066818973,2106.9705505371094,54.99635032613443
26.533355021338995,2113.734588623047,50.61084837542662
26.539258975859017,2018.7794189453125,49.352122620170036
26.54516293037904,1974.6815185546875,51.965138274926595
26.55106688489906,2110.284393310547,51.67419367107723
26.556970839419083,2181.2103576660156,50.901431969449945
26.562874793939105,2065.196075439453,51.19606789324911
26.568778748459128,1985.4756774902344,50.11920893768757
26.57468270297915,2091.368682861328,52.170381249703894
26.580586657499172,2180.6629943847656,52.544373579751515
26.586490612019194,2113.2066650390625,49.09320416132064
26.59239456653922,2057.5322265625,49.58586408369755
26.59829852105924,2110.5650634765625,53.03505647985496
26.604202475579264,2228.7433471679688,53.84189477448578
26.610106430099286,2206.1229248046875,52.426611207171135
26.616010384619308,2106.03271484375,51.748401808912085
26.62191433913933,2104.353240966797,51.04662786811121
26.627818293659352,2217.130859375,51.24903040190156
26.633722248179375,2242.894073486328,53.663157954983305
26.639626202699397,2114.5226135253906,49.629424695618106
26.64553015721942,2079.7024841308594,47.25605094058945
26.65143411173944,2211.0138549804688,50.458676200108485
26.657338066259463,2265.838165283203,50.61108106136971
26.663242020779485,2216.953155517578,49.3541257031224
26.669145975299507,2097.8313598632812,48.53684029621153
26.67504992981953,2161.16357421875,51.40844910216179
26.68095388433955,2257.0071411132812,50.66761498421093
26.686857838859574,2216.4640197753906,51.38971078293112
26.6927617933796,2084.5386962890625,49.1461318194895
26.69866574789962,2149.1249084472656,55.691178553617135
26.704569702419644,2242.5270385742188,53.88925109248479
26.710473656939666,2259.4422607421875,52.38066626946824
26.716377611459688,2076.332763671875,50.55468750443717
26.72228156597971,2068.460174560547,52.919473865770634
26.728185520499732,2153.4874877929688,53.39566945139906
26.734089475019754,2214.104522705078,56.854962718576864
26.739993429539776,2128.071044921875,54.00514579309508
26.7458973840598,2030.7568664550781,51.9635915171276
26.75180133857982,2125.8873901367188,58.73754371086232
26.757705293099843,2251.606689453125,56.825042186091636
26.763609247619865,2110.1410522460938,54.30287849867296
26.769513202139887,2019.0252685546875,55.86439961579946
26.77541715665991,2102.9075927734375,55.36561187896275
26.78132111117993,2168.6393432617188,57.970172419298706
26.787225065699957,2162.6646423339844,58.12921233593406
26.79312902021998,2030.0953674316406,53.450055825752635
26.79903297474,1998.6212768554688,55.240971337924016
26.804936929260023,2150.3978576660156,59.094619258063766
26.810840883780045,2218.114501953125,56.86046497391745
26.816744838300067,2117.049560546875,58.25037770421033
26.82264879282009,1998.1962280273438,54.463019781610996
26.82855274734011,2138.5858764648438,55.948567726981814
26.834456701860134,2219.267364501953,58.21567965168417
26.840360656380156,2152.4635009765625,55.488960688374455
26.846264610900178,2054.4857482910156,53.64972140618121
26.8521685654202,2107.3599548339844,58.71610594506261
26.858072519940222,2255.5169677734375,55.90685370104517
26.863976474460245,2237.8945922851562,58.34066804845914
26.869880428980267,2112.568115234375,54.02234858253335
26.87578438350029,2124.3758544921875,52.82523548924767
26.88168833802031,2246.3651428222656,57.57613676912725
26.887592292540337,2276.7429809570312,64.64690212655485
26.89349624706036,2159.7688598632812,54.34387749486918
26.89940020158038,2127.9090576171875,57.22332464444817
26.905304156100403,2234.2848205566406,55.8333286672726
26.911208110620425,2305.955810546875,56.60529908893368
26.917112065140447,2211.8592834472656,57.861650479921614
26.92301601966047,2134.6688232421875,52.228140053916064
26.92891997418049,2193.5932006835938,57.05171966534389
26.934823928700514,2299.505340576172,61.15599053428918
26.940727883220536,2290.310577392578,55.62664423027081
26.946631837740558,2115.558135986328,56.57809625250562
26.95253579226058,2125.9697875976562,58.87827347726156
26.958439746780602,2236.497589111328,57.32578846392196
26.964343701300624,2275.535369873047,60.236914364641514
26.970247655820646,2192.069091796875,59.35617914332174
26.97615161034067,2112.415283203125,61.054900544687534
26.982055564860694,2174.6904296875,67.19211571230937
26.987959519380716,2251.813446044922,61.69190337429975
26.99386347390074,2185.396728515625,64.79853408916136
26.99976742842076,2072.9425354003906,67.07129894967446
27.005671382940783,2115.401092529297,64.20023807856579
27.011575337460805,2233.3192749023438,68.95780695052365
27.017479291980827,2211.7684326171875,67.52274415598488
27.02338324650085,2090.2589111328125,66.03149221783445
27.02928720102087,2035.7189331054688,69.00100847725116
27.035191155540893,2167.1012573242188,69.5422607161801
27.041095110060915,2241.731719970703,71.10280601429496
27.046999064580937,2122.1322021484375,70.20937803151038
27.05290301910096,1969.0484619140625,66.07093967310583
27.05880697362098,2040.3887023925781,71.73987631812629
27.064710928141004,2258.2440795898438,73.24498172452495
27.070614882661026,2261.5247497558594,72.92652719565659
27.076518837181048,2074.1873474121094,72.52729957342387
27.082422791701074,2077.7671508789062,71.5449569019914
27.088326746221096,2223.110870361328,74.90855994687888
27.094230700741118,2279.5794372558594,73.62432507358648
27.10013465526114,2178.7027282714844,68.63038254847454
27.106038609781162,2124.960906982422,72.36440882359818
27.111942564301184,2199.2499084472656,71.71826774484461
27.117846518821207,2307.0448608398438,72.50812816494818
27.12375047334123,2268.752410888672,75.34620531407069
27.12965442786125,2121.1441955566406,68.85481100049911
27.135558382381273,2138.9058837890625,68.62146018910403
27.141462336901295,2360.0786743164062,74.59086425617257
27.147366291421317,2322.3521728515625,72.53171797990768
27.15327024594134,2146.5219116210938,69.88695216950669
27.15917420046136,2146.394561767578,70.9404650097122
27.165078154981384,2283.822967529297,71.89512736043366
27.170982109501406,2340.843475341797,75.61322699269033
27.17688606402143,2217.5880126953125,69.58049744805643
27.182790018541453,2150.270538330078,71.07945883236414
27.188693973061476,2195.7535095214844,70.86736406382171
27.194597927581498,2326.9512939453125,72.31761922679176
27.20050188210152,2331.689697265625,76.73475274255176
27.206405836621542,2136.5142517089844,74.34014645623228
27.212309791141564,2171.6780395507812,74.04268966651645
27.218213745661586,2286.7027282714844,77.95442827493753
27.22411770018161,2363.0297241210938,79.89138989894637
27.23002165470163,2220.9611206054688,79.49809990901738
27.235925609221653,2162.267547607422,78.85241067413504
27.241829563741675,2223.5814514160156,83.72149355219358
27.247733518261697,2379.8991088867188,87.93669561799359
27.25363747278172,2335.4216918945312,89.54571327616178
27.25954142730174,2132.8712158203125,87.46643396699702
27.265445381821763,2125.1492919921875,89.85488525844896
27.271349336341785,2319.1130981445312,92.70402357632463
27.27725329086181,2371.3091430664062,101.8248161049244
27.283157245381833,2280.1878356933594,102.42954787191373
27.289061199901855,2157.3185119628906,95.40858632439169
27.294965154421877,2276.790496826172,99.24868418689354
27.3008691089419,2498.539520263672,105.77123752053878
27.30677306346192,2324.6058654785156,109.4290679148812
27.312677017981944,2233.080322265625,106.84471652857154
27.318580972501966,2258.6581420898438,111.5735924356786
27.324484927021988,2419.4474182128906,111.37834901616502
27.33038888154201,2492.2711791992188,113.03177433446308
27.336292836062032,2306.4090270996094,114.46430774997523
27.342196790582054,2323.289520263672,118.24599479707294
27.348100745102077,2380.268524169922,112.47861984796441
27.3540046996221,2462.242156982422,111.08205071200462
27.35990865414212,2301.574005126953,113.49229377530389
27.365812608662143,2193.468231201172,111.48282185275646
27.37171656318217,2375.0885620117188,116.20620508952693
27.37762051770219,2515.3850708007812,118.61798945147078
27.383524472222213,2374.2579040527344,114.93943413221972
27.389428426742235,2268.8165283203125,114.72696528085307
27.395332381262257,2250.422576904297,113.73459364788758
27.40123633578228,2405.915802001953,113.5502762978657
27.4071402903023,2411.3477783203125,115.11406603612609
27.413044244822323,2307.890869140625,115.79662022531684
27.418948199342346,2121.783203125,120.18829895177988
27.424852153862368,2291.29638671875,123.19771032880851
27.43075610838239,2580.7022094726562,130.42166991587612
27.436660062902412,2434.4231872558594,129.56776502832378
27.442564017422434,2306.0425415039062,126.39212580292472
27.448467971942456,2330.7950134277344,133.9857058598567
27.45437192646248,2559.0711669921875,141.2252405391133
27.4602758809825,2584.8519897460938,147.57042794714573
27.466179835502523,2414.8365173339844,148.87243010039495
27.47208379002255,2284.024169921875,147.289648558002
27.47798774454257,2402.7664794921875,159.0551747170482
27.483891699062593,2510.1993713378906,169.23534069967104
27.489795653582615,2537.3554077148438,182.8000027612438
27.495699608102637,2401.3500366210938,184.6402299862311
27.50160356262266,2342.1012573242188,194.44795273801245
27.50750751714268,2456.6432495117188,198.5839123158637
27.513411471662703,2620.222412109375,213.87643410114455
27.519315426182725,2343.6997680664062,226.72151466818272
27.525219380702747,2300.272491455078,226.26839890009452
27.53112333522277,2471.0066528320312,240.3293586836459
27.53702728974279,2490.1204223632812,248.87897962079387
27.542931244262814,2527.6707763671875,250.85141271290436
27.548835198782836,2482.245361328125,266.22024408314616
27.554739153302858,2497.1348876953125,277.264990853707
27.56064310782288,2423.8163452148438,293.7383259811471
27.566547062342906,2662.1954956054688,302.58488299681466
27.572451016862928,2643.7877807617188,330.25769693652
27.57835497138295,2551.7127685546875,350.38746152964154
27.584258925902972,2622.4204711914062,354.77914838851854
27.590162880422994,2977.1083984375,369.7703614332481
27.596066834943016,2870.2350463867188,344.5684834102156
27.60197078946304,2510.7550659179688,374.5684026782364
27.60787474398306,2638.930450439453,362.5710936720897
27.613778698503083,2925.8316650390625,375.2862786201272
27.619682653023105,3000.43359375,382.28658683285647
27.625586607543127,3006.9959716796875,376.8957144647227
27.63149056206315,2876.1959228515625,380.79946823458675
27.63739451658317,2865.62646484375,384.6008467602481
27.643298471103193,2889.4622802734375,370.1205816702337
27.649202425623216,3175.2498779296875,383.4109162729868
27.655106380143238,2896.6329956054688,359.23029384215016
27.66101033466326,2781.688232421875,344.8797971562359
27.666914289183286,2996.3460083007812,327.28706364288485
27.672818243703308,2985.7308959960938,344.395316141932
27.67872219822333,3084.429443359375,343.2632431072629
27.684626152743352,2719.3748168945312,329.5706367890192
27.690530107263374,2929.1680908203125,333.9742931962385
27.696434061783396,2910.8965454101562,311.81111543558967
27.70233801630342,2895.5532836914062,307.025652393845
27.70824197082344,2710.2672729492188,288.9508338708001
27.714145925343463,2551.351806640625,297.9524859894607
27.720049879863485,2643.0476684570312,270.0065321659223
27.725953834383507,2787.7845458984375,277.92372242801656
27.73185778890353,2707.7568359375,282.105636822963
27.73776174342355,2703.3004150390625,291.4133799814916
27.743665697943573,2575.848876953125,278.411670629656
27.749569652463595,2651.6884155273438,254.2846499422992
27.755473606983617,2858.580810546875,279.93730684491305
27.761377561503643,2428.9979248046875,248.65550863815662
27.767281516023665,2294.9205322265625,252.1882790855743
27.773185470543687,2524.566650390625,275.46469734951165
27.77908942506371,2796.579833984375,278.1647416574825
27.78499337958373,2645.6423950195312,265.22312651940325
27.790897334103754,2513.8627319335938,262.53486206979926
27.796801288623776,2495.9415283203125,269.3664253445446
27.802705243143798,2630.331298828125,264.7890787951872
27.80860919766382,2781.1527709960938,280.67786190256413
27.814513152183842,2737.4246826171875,371.50192266111645
27.820417106703864,2537.0232543945312,286.7096450464685
27.826321061223886,2560.7479248046875,274.3416690772638
27.83222501574391,2750.366943359375,273.86326231956247
27.83812897026393,2563.3929138183594,282.9290981123495
27.844032924783953,2384.107879638672,265.4685440126791
27.849936879303975,2457.2949829101562,270.9208817920664
27.855840833823997,2643.3141479492188,265.47898158787694
27.861744788344023,2769.1386108398438,262.91722268277516
27.867648742864045,2464.094207763672,251.90412810731505
27.873552697384067,2471.6200561523438,255.96168910169374
27.87945665190409,2429.80029296875,242.3977743528211
27.88536060642411,2578.964599609375,233.8025532272567
27.891264560944133,2590.4757690429688,248.3645584475978
27.897168515464156,2489.9973754882812,232.3468376642158
27.903072469984178,2352.376220703125,225.9741125119823
27.9089764245042,2642.8920288085938,228.39188380515446
27.914880379024222,2723.58154296875,223.27233200692655
27.920784333544244,2724.738525390625,221.65739048389756
27.926688288064266,2368.8093872070312,213.8370173633059
27.93259224258429,2456.0050048828125,211.36469909485993
27.93849619710431,2547.699951171875,203.0250544289545
27.944400151624333,2636.3884887695312,193.07381425555883
27.950304106144355,2443.4187622070312,185.99317540781317
27.95620806066438,2183.7872009277344,182.0737039775379
27.962112015184402,2335.2572326660156,173.12235258325188
27.968015969704425,2505.8472595214844,174.64731110135335
27.973919924224447,2567.2020874023438,172.3286717733626
27.97982387874447,2357.2958984375,166.16158950136435
27.98572783326449,2265.080078125,169.20187505367912
27.991631787784513,2386.6729431152344,162.22842963564693
27.997535742304535,2533.5245056152344,161.77011521128838
28.003439696824557,2463.111785888672,158.26101954621888
28.00934365134458,2290.0746154785156,158.15795093206998
28.0152476058646,2064.6500244140625,148.67216961236866
28.021151560384624,2331.5530700683594,154.39865943593685
28.027055514904646,2422.2039184570312,151.48317772394176
28.032959469424668,2252.8475646972656,155.9663373985442
28.03886342394469,2122.9966735839844,158.3190341801053
28.044767378464712,2166.4723205566406,158.45123299392063
28.050671332984734,2322.7180786132812,159.58224555092607
28.05657528750476,2345.4517517089844,158.34067217544427
28.062479242024782,2105.0838012695312,163.3316450391731
28.068383196544804,2092.087646484375,172.88647886532988
28.074287151064826,2343.9459838867188,193.78791588439285
28.08019110558485,2616.4111328125,181.027770127637
28.08609506010487,2397.974853515625,188.50497941320728
28.091999014624893,2158.602081298828,193.86107665631394
28.097902969144915,2141.373260498047,205.89888325536057
28.103806923664937,2383.6038513183594,203.3542362407548
28.10971087818496,2404.2529296875,198.1685935412767
28.11561483270498,2245.771697998047,196.15497161855853
28.121518787225003,1955.8233032226562,198.71434204746234
28.127422741745026,2221.474151611328,199.044365214637
28.133326696265048,2404.6478881835938,199.34265736152673
28.13923065078507,2377.675262451172,198.6850935035376
28.145134605305092,2058.494659423828,197.0786573241403
28.151038559825118,1964.8454895019531,204.47471169082914
28.15694251434514,2196.165496826172,208.31927922992443
28.162846468865162,2410.1378784179688,206.34579590351353
28.168750423385184,2436.230224609375,222.68375196828092
28.174654377905206,0.0,0.0
28.18055833242523,0.0,0.0
28.18646228694525,0.0,0.0
28.192366241465272,0.0,0.0
28.198270195985295,0.0,0.0
28.204174150505317,0.0,0.0
28.21007810502534,0.0,0.0
28.21598205954536,0.0,0.0
28.221886014065383,0.0,0.0
28.227789968585405,0.0,0.0
28.233693923105427,0.0,0.0
28.23959787762545,0.0,0.0
